Timestamp,Temperature,Humidity,CO_Level,CO2_Level,Methane,Smoke_Level,AQI,Light_Intensity,Vibration,Status
2026-04-01 00:00:00,32.48,63.62,27.95,956.91,1.3,10.63,237.92,311.39,0.036,Warning
2026-04-01 00:05:00,32.71,60.37,5.69,572.59,3.74,49.0,23.77,168.97,0.059,Warning
2026-04-01 00:10:00,25.46,50.88,44.31,432.27,2.2,36.99,25.56,258.87,0.015,Danger
2026-04-01 00:15:00,31.88,58.99,9.17,319.49,7.56,19.46,25.77,315.8,0.013,Danger
2026-04-01 00:20:00,31.04,45.4,11.56,559.06,4.22,26.85,68.44,225.91,0.006,Warning
2026-04-01 00:25:00,26.4,60.39,36.14,603.09,3.29,32.96,41.49,195.85,0.068,Danger
2026-04-01 00:30:00,35.15,74.31,1.78,407.24,2.99,59.02,32.08,235.15,0.017,Warning
2026-04-01 00:35:00,24.02,73.13,42.12,478.4,5.01,34.47,15.49,278.91,0.096,Danger
2026-04-01 00:40:00,29.82,80.65,37.39,746.57,2.26,8.04,89.18,90.99,0.043,Danger
2026-04-01 00:45:00,31.79,79.78,4.63,257.45,0.49,56.62,112.88,207.62,0.065,Normal
2026-04-01 00:50:00,30.49,74.69,0.96,401.7,0.82,38.54,109.61,270.88,0.05,Normal
2026-04-01 00:55:00,28.83,50.85,6.59,397.19,0.41,13.55,120.41,400.89,0.055,Normal
2026-04-01 01:00:00,31.29,64.26,23.38,492.05,2.18,118.53,60.76,274.12,0.049,Danger
2026-04-01 01:05:00,24.16,76.43,30.04,737.31,0.73,76.11,60.19,296.95,0.116,Danger
2026-04-01 01:10:00,25.05,59.34,16.99,348.96,2.65,22.74,26.23,287.89,0.022,Warning
2026-04-01 01:15:00,37.75,57.17,8.56,744.06,1.69,29.1,210.71,121.4,0.056,Warning
2026-04-01 01:20:00,31.3,72.82,9.74,103.86,3.57,31.88,105.05,277.72,0.03,Warning
2026-04-01 01:25:00,31.16,67.93,0.71,1059.73,3.42,27.65,145.66,172.03,0.074,Warning
2026-04-01 01:30:00,35.79,56.79,34.27,623.83,4.47,95.87,55.46,189.7,0.023,Danger
2026-04-01 01:35:00,25.92,64.23,21.82,583.01,4.48,20.52,225.35,228.83,0.132,Warning
2026-04-01 01:40:00,33.13,56.43,6.42,644.74,1.33,48.56,127.32,244.17,0.025,Normal
2026-04-01 01:45:00,22.43,60.53,32.13,564.23,1.74,26.93,118.53,179.29,0.055,Danger
2026-04-01 01:50:00,30.29,53.57,22.16,668.24,5.25,62.15,57.77,174.97,0.065,Danger
2026-04-01 01:55:00,32.57,70.15,92.05,671.27,5.41,58.16,145.14,224.78,0.073,Danger
2026-04-01 02:00:00,26.14,62.63,5.29,524.56,8.94,54.69,148.63,120.98,0.036,Danger
2026-04-01 02:05:00,35.44,65.64,6.55,285.41,4.04,9.21,101.65,253.65,0.03,Warning
2026-04-01 02:10:00,40.72,71.34,25.5,555.94,0.01,54.1,0.75,240.82,0.065,Warning
2026-04-01 02:15:00,34.33,53.0,8.31,357.52,0.04,90.62,120.5,149.13,0.078,Danger
2026-04-01 02:20:00,40.61,75.32,15.39,354.73,5.8,8.31,124.38,311.97,0.022,Danger
2026-04-01 02:25:00,29.7,32.59,5.49,424.23,1.74,85.3,63.01,214.8,0.054,Danger
2026-04-01 02:30:00,37.21,50.64,38.26,503.07,0.94,38.48,99.91,201.98,0.052,Danger
2026-04-01 02:35:00,28.07,66.14,28.24,975.81,1.71,105.32,115.21,237.86,0.068,Danger
2026-04-01 02:40:00,31.4,58.77,10.84,352.1,0.23,53.98,115.7,194.57,0.077,Warning
2026-04-01 02:45:00,31.54,73.13,27.59,251.3,0.32,49.89,141.04,248.33,0.054,Warning
2026-04-01 02:50:00,36.39,59.08,25.94,439.34,1.35,63.95,162.54,315.08,0.089,Warning
2026-04-01 02:55:00,30.11,71.82,8.79,597.25,1.61,23.88,139.52,184.54,0.113,Normal
2026-04-01 03:00:00,24.97,52.86,38.16,737.5,3.87,45.13,78.78,178.22,0.052,Danger
2026-04-01 03:05:00,26.61,74.75,12.06,252.35,1.04,36.52,23.63,184.22,0.057,Warning
2026-04-01 03:10:00,31.22,59.93,5.58,569.61,2.34,36.3,8.16,232.92,0.059,Warning
2026-04-01 03:15:00,37.38,73.58,11.8,494.3,1.01,19.26,51.13,275.82,0.025,Warning
2026-04-01 03:20:00,32.6,80.33,12.82,620.51,4.07,3.95,102.41,251.01,0.053,Warning
2026-04-01 03:25:00,26.13,65.25,24.96,935.34,4.88,106.13,3.27,319.79,0.056,Danger
2026-04-01 03:30:00,40.95,56.92,1.79,320.18,4.37,1.03,4.09,262.03,0.06,Warning
2026-04-01 03:35:00,39.38,74.5,3.46,230.48,3.48,32.81,263.15,344.36,0.036,Warning
2026-04-01 03:40:00,21.43,78.54,12.71,871.34,2.78,3.98,80.52,253.76,0.036,Warning
2026-04-01 03:45:00,33.11,54.32,12.15,536.09,3.54,48.46,32.46,127.27,0.088,Warning
2026-04-01 03:50:00,31.66,57.52,46.02,534.7,5.54,22.7,286.07,390.43,0.043,Danger
2026-04-01 03:55:00,34.86,71.45,42.37,210.52,4.06,62.34,95.87,155.34,0.011,Danger
2026-04-01 04:00:00,28.65,72.18,45.05,522.23,6.89,35.2,90.34,245.56,0.062,Danger
2026-04-01 04:05:00,29.84,44.33,13.22,108.66,4.01,34.66,13.99,208.89,0.018,Warning
2026-04-01 04:10:00,29.69,74.55,4.71,651.21,0.41,11.71,69.3,167.18,0.033,Normal
2026-04-01 04:15:00,24.01,84.65,15.71,290.08,2.64,15.51,57.9,299.13,0.073,Warning
2026-04-01 04:20:00,27.35,59.24,9.5,190.58,2.55,74.67,244.5,230.08,0.067,Warning
2026-04-01 04:25:00,31.56,95.79,37.39,461.62,0.87,44.26,100.35,189.49,0.007,Danger
2026-04-01 04:30:00,26.77,54.18,48.74,764.49,1.98,79.2,87.74,181.1,0.096,Danger
2026-04-01 04:35:00,32.69,54.63,11.19,237.31,2.15,57.05,270.94,138.11,0.067,Warning
2026-04-01 04:40:00,26.75,60.13,3.15,240.8,2.15,13.24,107.05,245.98,0.043,Warning
2026-04-01 04:45:00,25.46,59.23,30.11,650.28,0.93,23.97,155.14,116.45,0.066,Danger
2026-04-01 04:50:00,26.69,70.71,0.27,41.46,2.88,21.92,105.97,177.65,0.069,Warning
2026-04-01 04:55:00,21.69,64.34,9.22,304.45,2.14,14.42,41.54,330.5,0.033,Warning
2026-04-01 05:00:00,34.18,53.7,25.6,932.47,5.41,11.88,137.71,233.76,0.061,Danger
2026-04-01 05:05:00,26.98,65.87,11.89,850.33,2.76,33.5,38.81,210.99,0.037,Warning
2026-04-01 05:10:00,31.97,60.79,20.8,1122.62,4.61,6.96,200.12,217.35,0.011,Warning
2026-04-01 05:15:00,24.96,46.29,7.97,505.53,7.03,33.08,58.09,316.35,0.016,Danger
2026-04-01 05:20:00,31.18,72.71,14.57,843.13,3.02,3.39,143.28,431.66,0.055,Warning
2026-04-01 05:25:00,31.24,60.41,2.0,749.1,0.57,22.86,32.23,288.32,0.06,Normal
2026-04-01 05:30:00,35.19,59.9,9.6,206.37,0.67,35.09,155.7,176.23,0.076,Warning
2026-04-01 05:35:00,36.78,69.13,52.54,267.86,1.73,51.15,229.6,302.35,0.048,Danger
2026-04-01 05:40:00,31.4,53.75,63.92,538.77,2.33,49.03,128.1,267.91,0.026,Danger
2026-04-01 05:45:00,32.36,83.82,41.91,977.96,0.47,19.58,67.42,254.46,0.083,Danger
2026-04-01 05:50:00,21.54,80.3,11.84,371.94,1.04,46.19,162.32,255.87,0.011,Warning
2026-04-01 05:55:00,23.52,61.64,48.38,422.12,2.51,10.17,52.73,34.25,0.048,Danger
2026-04-01 06:00:00,28.85,71.96,51.98,837.97,1.19,24.26,337.34,254.74,0.05,Danger
2026-04-01 06:05:00,29.88,66.98,12.11,327.9,0.36,18.69,25.66,192.97,0.053,Warning
2026-04-01 06:10:00,28.73,80.04,38.02,827.45,5.74,62.94,45.73,220.28,0.008,Danger
2026-04-01 06:15:00,26.11,53.89,50.05,780.7,5.81,48.87,32.91,208.04,0.065,Danger
2026-04-01 06:20:00,23.89,72.13,10.19,387.55,4.13,37.77,43.9,342.75,0.018,Warning
2026-04-01 06:25:00,33.08,70.93,8.81,597.84,1.75,56.96,61.51,208.18,0.081,Normal
2026-04-01 06:30:00,26.48,50.92,16.13,681.8,1.84,90.19,128.19,385.72,0.056,Danger
2026-04-01 06:35:00,29.52,59.55,22.98,488.71,5.31,24.57,95.03,220.91,0.048,Danger
2026-04-01 06:40:00,31.54,47.9,11.96,722.98,2.51,12.64,81.84,277.81,0.034,Warning
2026-04-01 06:45:00,26.11,66.96,4.57,622.48,3.11,61.17,127.26,270.48,0.079,Warning
2026-04-01 06:50:00,38.33,75.14,21.82,116.13,0.13,21.04,131.77,191.94,0.056,Warning
2026-04-01 06:55:00,26.22,58.88,13.13,223.03,2.06,19.03,185.36,174.05,0.129,Warning
2026-04-01 07:00:00,32.47,66.85,2.17,710.09,0.27,24.88,336.01,242.32,0.084,Normal
2026-04-01 07:05:00,26.48,64.65,50.42,311.91,7.44,48.31,23.75,300.59,0.079,Danger
2026-04-01 07:10:00,33.11,49.3,0.46,425.74,1.78,44.83,97.77,143.17,0.061,Normal
2026-04-01 07:15:00,33.05,70.6,36.62,750.18,3.38,17.19,86.1,284.37,0.056,Danger
2026-04-01 07:20:00,31.36,52.23,6.62,815.95,1.88,47.26,82.83,252.38,0.078,Normal
2026-04-01 07:25:00,27.42,65.96,5.75,369.65,1.07,28.89,32.13,350.46,0.023,Normal
2026-04-01 07:30:00,29.07,60.6,43.94,558.97,5.1,39.42,106.71,321.17,0.052,Danger
2026-04-01 07:35:00,35.33,59.83,43.19,1189.67,0.91,2.18,225.34,376.37,0.034,Danger
2026-04-01 07:40:00,27.9,62.18,11.89,224.4,1.01,10.71,76.53,268.74,0.097,Warning
2026-04-01 07:45:00,25.01,74.84,10.72,485.16,4.02,24.91,118.24,263.32,0.065,Warning
2026-04-01 07:50:00,31.45,89.55,2.25,340.7,0.13,2.22,16.26,345.12,0.093,Normal
2026-04-01 07:55:00,27.15,56.68,24.43,334.33,3.9,28.12,71.57,373.8,0.104,Warning
2026-04-01 08:00:00,26.94,61.12,20.72,600.34,3.98,100.41,62.31,186.14,0.009,Danger
2026-04-01 08:05:00,26.35,64.67,50.89,344.72,2.67,19.34,198.84,452.15,0.034,Danger
2026-04-01 08:10:00,27.55,75.44,28.64,1054.01,3.75,5.63,139.07,338.7,0.075,Warning
2026-04-01 08:15:00,32.54,75.67,38.39,914.65,3.95,13.32,94.67,346.52,0.025,Danger
2026-04-01 08:20:00,31.84,61.07,15.57,883.54,2.57,21.86,55.99,309.7,0.069,Warning
2026-04-01 08:25:00,40.82,61.92,19.38,574.82,6.73,16.19,107.9,298.63,0.056,Danger
2026-04-01 08:30:00,27.77,66.94,36.47,192.05,2.4,8.0,199.5,128.15,0.033,Danger
2026-04-01 08:35:00,31.89,80.66,13.68,333.44,7.64,37.92,139.88,285.2,0.035,Danger
2026-04-01 08:40:00,24.89,72.08,19.88,330.78,1.84,54.9,145.02,242.07,0.105,Warning
2026-04-01 08:45:00,24.65,49.74,1.16,486.32,2.73,10.35,115.21,149.88,0.093,Warning
2026-04-01 08:50:00,29.59,76.17,21.85,637.03,3.71,37.91,144.27,356.33,0.056,Warning
2026-04-01 08:55:00,33.55,64.1,43.8,297.08,7.4,18.39,63.08,260.25,0.03,Danger
2026-04-01 09:00:00,34.2,58.47,6.08,66.86,0.64,76.96,78.39,310.83,0.074,Normal
2026-04-01 09:05:00,32.13,55.33,14.05,498.92,1.48,80.14,167.74,232.32,0.051,Danger
2026-04-01 09:10:00,31.04,44.58,10.06,295.4,1.0,8.76,259.77,301.27,0.033,Warning
2026-04-01 09:15:00,32.86,78.99,33.49,517.89,0.06,47.93,119.35,321.62,0.069,Danger
2026-04-01 09:20:00,35.25,59.65,41.35,559.28,8.23,7.57,253.6,265.83,0.03,Danger
2026-04-01 09:25:00,27.58,61.8,23.48,656.85,0.28,19.03,294.23,388.2,0.063,Warning
2026-04-01 09:30:00,30.19,66.2,27.27,193.16,1.23,46.74,119.92,301.78,0.036,Warning
2026-04-01 09:35:00,37.87,52.74,14.29,567.34,5.14,87.36,34.11,336.29,0.049,Danger
2026-04-01 09:40:00,29.14,73.84,28.05,27.08,6.43,75.2,17.44,281.66,0.065,Danger
2026-04-01 09:45:00,31.3,59.5,1.57,492.33,5.52,41.74,42.94,311.74,0.035,Danger
2026-04-01 09:50:00,35.74,47.6,7.75,164.1,1.88,66.43,33.23,277.72,0.049,Warning
2026-04-01 09:55:00,32.39,65.77,10.66,798.88,0.52,42.26,37.19,370.06,0.076,Warning
2026-04-01 10:00:00,28.26,61.51,8.57,1123.02,3.15,37.2,183.03,269.1,0.042,Warning
2026-04-01 10:05:00,29.02,64.28,14.26,718.29,2.16,49.31,71.93,256.29,0.01,Warning
2026-04-01 10:10:00,34.58,68.46,34.96,368.88,8.27,14.42,190.82,166.81,0.068,Danger
2026-04-01 10:15:00,24.73,58.76,53.28,442.8,2.65,54.8,129.57,262.03,0.061,Danger
2026-04-01 10:20:00,42.02,64.42,19.02,815.2,5.32,67.48,143.87,158.56,0.099,Danger
2026-04-01 10:25:00,24.27,68.03,0.09,480.76,2.99,32.85,122.19,379.1,0.064,Warning
2026-04-01 10:30:00,28.78,74.64,38.79,131.72,3.79,48.05,50.24,360.06,0.045,Danger
2026-04-01 10:35:00,30.63,63.27,15.31,171.12,2.32,83.78,4.7,170.69,0.015,Danger
2026-04-01 10:40:00,26.81,51.77,47.84,802.95,0.06,110.1,178.18,224.01,0.025,Danger
2026-04-01 10:45:00,41.45,51.1,17.91,806.77,9.32,75.37,136.39,297.58,0.076,Danger
2026-04-01 10:50:00,33.79,67.81,17.08,481.22,0.26,8.77,89.3,242.13,0.02,Warning
2026-04-01 10:55:00,24.48,66.8,42.84,775.49,2.71,19.59,174.08,171.4,0.043,Danger
2026-04-01 11:00:00,32.75,55.32,17.11,99.79,0.2,32.79,79.3,285.24,0.049,Warning
2026-04-01 11:05:00,32.76,67.24,42.28,537.57,0.71,24.89,134.33,253.91,0.051,Danger
2026-04-01 11:10:00,26.49,58.37,13.05,1024.87,1.73,7.72,8.16,321.59,0.041,Warning
2026-04-01 11:15:00,36.24,58.27,20.58,249.4,8.44,27.5,110.98,300.7,0.062,Danger
2026-04-01 11:20:00,29.07,63.7,15.88,455.9,4.89,108.42,24.25,140.42,0.047,Danger
2026-04-01 11:25:00,42.9,56.96,47.78,1003.31,0.34,42.76,242.84,219.67,0.044,Danger
2026-04-01 11:30:00,27.09,54.85,2.01,132.82,2.1,10.8,103.38,125.53,0.06,Warning
2026-04-01 11:35:00,34.17,45.06,22.48,868.3,1.63,86.9,121.9,193.6,0.048,Danger
2026-04-01 11:40:00,32.79,65.76,25.78,223.8,2.51,36.55,68.88,177.69,0.028,Warning
2026-04-01 11:45:00,36.18,75.91,27.18,172.31,1.05,68.52,94.17,435.55,0.062,Warning
2026-04-01 11:50:00,30.96,61.91,17.67,454.26,4.12,58.27,1.4,143.5,0.005,Warning
2026-04-01 11:55:00,32.54,53.97,28.06,616.57,9.48,19.76,163.85,256.55,0.047,Danger
2026-04-01 12:00:00,34.6,62.1,20.35,596.51,0.0,59.68,62.5,189.54,0.066,Warning
2026-04-01 12:05:00,25.51,65.28,14.82,825.77,3.42,19.0,161.78,361.22,0.067,Warning
2026-04-01 12:10:00,30.05,51.88,6.3,408.43,0.17,12.52,85.66,292.38,0.048,Normal
2026-04-01 12:15:00,32.43,65.64,24.51,218.2,1.57,28.39,139.99,372.46,0.087,Warning
2026-04-01 12:20:00,28.93,79.91,17.97,398.87,0.16,7.9,41.18,263.63,0.055,Warning
2026-04-01 12:25:00,30.02,69.37,38.81,784.87,2.45,82.16,173.43,140.65,0.043,Danger
2026-04-01 12:30:00,24.15,46.98,25.83,727.75,0.27,83.64,25.38,281.34,0.006,Danger
2026-04-01 12:35:00,30.92,64.85,26.59,535.87,0.92,67.86,64.15,247.82,0.022,Warning
2026-04-01 12:40:00,27.78,56.15,11.54,1013.51,2.12,44.54,227.12,233.25,0.03,Warning
2026-04-01 12:45:00,35.2,58.94,51.52,703.38,0.54,106.29,19.43,309.37,0.059,Danger
2026-04-01 12:50:00,36.51,80.62,15.64,273.97,3.38,7.11,281.34,260.92,0.039,Warning
2026-04-01 12:55:00,30.92,51.53,4.43,860.12,0.03,21.88,133.67,344.86,0.072,Normal
2026-04-01 13:00:00,34.98,57.43,13.44,950.4,1.03,9.97,212.82,294.5,0.064,Warning
2026-04-01 13:05:00,40.83,58.56,33.56,517.1,2.81,81.14,130.78,293.06,0.082,Danger
2026-04-01 13:10:00,28.18,56.61,5.9,89.91,8.17,24.13,57.87,227.85,0.059,Danger
2026-04-01 13:15:00,34.08,73.6,3.34,449.86,2.85,10.05,240.73,289.28,0.072,Warning
2026-04-01 13:20:00,33.31,76.73,18.62,110.95,3.2,6.05,27.14,296.91,0.087,Warning
2026-04-01 13:25:00,30.11,68.09,49.04,572.23,9.81,42.62,96.08,310.27,0.061,Danger
2026-04-01 13:30:00,36.45,71.73,12.23,132.71,1.37,14.02,21.95,297.09,0.1,Warning
2026-04-01 13:35:00,31.97,53.04,23.89,858.99,0.17,14.64,81.47,187.21,0.069,Warning
2026-04-01 13:40:00,29.4,69.2,2.75,368.76,4.17,5.09,252.7,218.03,0.057,Warning
2026-04-01 13:45:00,34.66,50.82,20.22,42.3,5.79,2.07,335.82,204.86,0.056,Danger
2026-04-01 13:50:00,37.71,85.06,56.23,862.51,5.07,43.7,157.84,205.91,0.025,Danger
2026-04-01 13:55:00,29.98,63.3,5.94,708.92,4.87,23.54,227.75,158.66,0.044,Warning
2026-04-01 14:00:00,26.42,46.33,13.35,463.48,6.54,45.23,22.42,398.33,0.087,Danger
2026-04-01 14:05:00,32.91,62.74,4.19,388.34,5.27,95.38,234.32,210.89,0.016,Danger
2026-04-01 14:10:00,30.7,47.32,21.46,455.72,0.6,43.79,131.36,207.38,0.015,Warning
2026-04-01 14:15:00,15.64,64.72,50.45,998.38,0.63,4.09,126.88,170.13,0.059,Danger
2026-04-01 14:20:00,33.83,77.27,13.0,438.9,0.63,13.08,57.35,279.39,0.077,Warning
2026-04-01 14:25:00,25.98,79.93,9.58,493.59,0.24,76.97,168.4,308.95,0.042,Normal
2026-04-01 14:30:00,30.33,70.16,16.25,341.28,4.38,30.17,109.36,141.47,0.064,Warning
2026-04-01 14:35:00,29.82,48.85,38.29,279.62,0.43,28.02,194.86,168.73,0.052,Danger
2026-04-01 14:40:00,32.14,71.93,18.53,389.89,0.48,23.45,27.21,16.29,0.063,Warning
2026-04-01 14:45:00,34.52,41.37,5.19,685.75,8.17,20.83,7.2,235.37,0.091,Danger
2026-04-01 14:50:00,26.77,57.01,5.35,214.0,2.37,84.99,112.31,229.81,0.041,Danger
2026-04-01 14:55:00,22.18,73.83,13.44,445.86,11.58,31.95,4.82,215.89,0.084,Danger
2026-04-01 15:00:00,30.57,50.62,33.38,299.56,7.62,63.2,35.27,352.48,0.052,Danger
2026-04-01 15:05:00,34.26,69.85,1.93,306.94,5.09,6.61,39.64,173.59,0.063,Danger
2026-04-01 15:10:00,40.31,54.32,15.48,923.67,1.76,38.09,26.24,284.26,0.044,Warning
2026-04-01 15:15:00,34.93,76.87,66.79,673.89,2.98,27.78,44.68,277.08,0.041,Danger
2026-04-01 15:20:00,30.84,78.18,5.13,841.96,5.95,15.28,132.19,201.37,0.089,Danger
2026-04-01 15:25:00,29.89,55.01,4.9,752.19,3.64,10.44,43.32,218.66,0.022,Warning
2026-04-01 15:30:00,38.08,61.78,39.34,956.39,4.99,2.74,120.37,248.06,0.023,Danger
2026-04-01 15:35:00,31.62,53.21,38.75,360.61,2.6,31.33,54.11,296.94,0.036,Danger
2026-04-01 15:40:00,34.36,51.54,17.53,1081.68,1.0,7.11,131.39,264.37,0.061,Warning
2026-04-01 15:45:00,32.45,71.35,37.19,622.95,1.28,46.9,269.99,239.39,0.021,Danger
2026-04-01 15:50:00,35.54,63.8,28.45,754.23,0.39,16.38,113.2,265.24,0.071,Warning
2026-04-01 15:55:00,27.82,70.13,9.81,721.64,3.85,17.42,188.6,207.12,0.074,Warning
2026-04-01 16:00:00,31.84,83.38,10.53,395.2,1.94,7.87,159.99,120.7,0.018,Warning
2026-04-01 16:05:00,24.66,74.5,49.21,468.67,1.49,22.8,196.19,175.81,0.057,Danger
2026-04-01 16:10:00,34.88,70.01,18.79,800.31,6.11,47.12,14.59,103.55,0.065,Danger
2026-04-01 16:15:00,36.87,63.63,34.06,983.68,5.94,85.6,154.21,256.03,0.002,Danger
2026-04-01 16:20:00,28.77,56.57,58.42,447.23,2.37,42.06,84.36,385.6,0.031,Danger
2026-04-01 16:25:00,30.97,57.58,11.4,316.47,1.89,2.83,10.76,137.49,0.048,Warning
2026-04-01 16:30:00,22.48,72.6,16.65,62.73,1.07,10.09,111.92,357.24,0.006,Warning
2026-04-01 16:35:00,30.58,63.4,28.43,563.96,0.26,7.24,0.4,336.08,0.051,Warning
2026-04-01 16:40:00,39.51,64.39,0.83,45.89,3.41,43.37,106.71,290.7,0.003,Warning
2026-04-01 16:45:00,34.48,60.17,17.94,983.67,4.69,9.26,9.12,77.85,0.028,Warning
2026-04-01 16:50:00,28.94,55.13,12.37,523.06,1.33,6.0,96.87,285.36,0.017,Warning
2026-04-01 16:55:00,37.05,64.01,15.38,712.46,2.7,58.13,108.71,201.01,0.061,Warning
2026-04-01 17:00:00,24.28,66.09,14.34,437.56,1.61,55.27,25.13,257.43,0.055,Warning
2026-04-01 17:05:00,24.86,77.66,2.32,790.84,3.28,5.85,257.53,154.51,0.078,Warning
2026-04-01 17:10:00,35.0,58.29,42.85,424.99,2.87,30.41,66.57,314.86,0.074,Danger
2026-04-01 17:15:00,21.26,78.04,18.25,809.76,5.38,23.64,38.92,161.54,0.044,Danger
2026-04-01 17:20:00,28.46,72.8,41.21,918.71,0.31,11.63,88.34,185.53,0.079,Danger
2026-04-01 17:25:00,38.08,52.66,3.15,492.08,2.84,12.38,122.41,212.09,0.05,Warning
2026-04-01 17:30:00,32.73,65.06,6.27,467.12,1.73,5.2,54.12,377.89,0.067,Normal
2026-04-01 17:35:00,28.52,71.97,8.32,851.94,3.11,15.71,124.77,124.33,0.016,Warning
2026-04-01 17:40:00,24.03,66.43,49.65,1169.39,3.91,40.03,100.11,206.59,0.026,Danger
2026-04-01 17:45:00,26.9,63.32,5.56,93.79,4.24,22.91,103.92,415.93,0.022,Warning
2026-04-01 17:50:00,17.35,62.14,37.02,1087.5,1.69,39.87,33.47,241.52,0.129,Danger
2026-04-01 17:55:00,22.49,67.54,24.35,825.74,2.29,32.32,40.84,271.53,0.04,Warning
2026-04-01 18:00:00,33.11,61.3,22.54,491.22,5.38,17.94,97.3,350.95,0.023,Danger
2026-04-01 18:05:00,26.73,59.04,42.49,140.7,11.41,62.24,102.32,245.61,0.059,Danger
2026-04-01 18:10:00,32.61,71.45,26.11,526.87,1.41,13.95,60.51,340.7,0.068,Warning
2026-04-01 18:15:00,15.3,71.56,18.89,494.39,0.83,64.96,174.75,188.17,0.062,Warning
2026-04-01 18:20:00,25.14,51.2,2.47,758.72,4.86,40.52,152.51,291.29,0.031,Warning
2026-04-01 18:25:00,32.16,73.0,30.09,856.67,4.12,34.06,187.02,247.88,0.024,Danger
2026-04-01 18:30:00,29.18,57.55,1.5,456.64,0.38,7.68,109.36,267.06,0.05,Normal
2026-04-01 18:35:00,25.91,71.59,33.75,17.73,0.29,10.77,13.99,316.36,0.044,Danger
2026-04-01 18:40:00,28.68,44.96,27.71,128.22,2.18,31.1,216.07,145.29,0.041,Warning
2026-04-01 18:45:00,30.92,83.01,39.78,562.9,0.53,52.28,17.35,288.11,0.065,Danger
2026-04-01 18:50:00,35.3,92.6,22.85,347.31,1.92,50.76,10.53,217.26,0.034,Warning
2026-04-01 18:55:00,30.76,56.78,37.42,500.06,1.97,6.88,95.52,316.01,0.024,Danger
2026-04-01 19:00:00,26.71,61.96,11.92,254.22,0.57,54.98,106.26,265.49,0.076,Warning
2026-04-01 19:05:00,29.31,68.9,12.94,579.61,0.25,77.55,66.57,363.82,0.078,Warning
2026-04-01 19:10:00,34.83,77.36,16.77,559.19,0.15,7.36,141.58,346.31,0.046,Warning
2026-04-01 19:15:00,27.75,65.01,27.02,66.84,4.89,2.02,42.07,209.35,0.046,Warning
2026-04-01 19:20:00,27.73,79.52,21.53,590.14,3.87,25.55,183.91,243.94,0.07,Warning
2026-04-01 19:25:00,24.64,49.46,31.36,612.92,0.71,14.79,192.54,154.85,0.099,Danger
2026-04-01 19:30:00,25.5,71.38,8.43,680.96,0.37,13.49,84.09,169.83,0.072,Normal
2026-04-01 19:35:00,27.43,62.71,4.89,268.7,1.43,116.5,158.46,248.46,0.042,Danger
2026-04-01 19:40:00,30.11,70.47,8.62,834.3,4.15,48.73,123.85,251.57,0.07,Warning
2026-04-01 19:45:00,32.96,61.46,3.53,530.56,6.65,29.56,66.75,263.18,0.052,Danger
2026-04-01 19:50:00,30.87,67.44,10.54,946.96,2.8,13.14,69.67,118.54,0.045,Warning
2026-04-01 19:55:00,38.31,65.21,19.61,121.95,0.15,4.99,48.23,352.53,0.067,Warning
2026-04-01 20:00:00,24.44,67.47,24.96,842.04,6.74,20.6,1.09,149.39,0.043,Danger
2026-04-01 20:05:00,32.33,74.87,13.48,404.05,2.46,13.41,288.95,121.39,0.056,Warning
2026-04-01 20:10:00,40.12,65.07,11.2,392.77,1.46,74.91,141.19,372.67,0.007,Warning
2026-04-01 20:15:00,28.67,60.71,26.77,20.56,3.39,100.97,56.32,265.18,0.03,Danger
2026-04-01 20:20:00,32.13,65.19,2.17,646.36,7.41,12.36,151.98,146.54,0.021,Danger
2026-04-01 20:25:00,32.36,79.84,22.11,406.08,2.0,30.02,140.45,320.59,0.036,Warning
2026-04-01 20:30:00,27.65,67.66,6.27,480.16,8.3,10.12,44.17,198.2,0.072,Danger
2026-04-01 20:35:00,29.09,58.51,41.43,925.88,0.2,54.66,180.75,195.23,0.074,Danger
2026-04-01 20:40:00,20.15,73.93,9.22,719.23,2.04,18.16,39.3,304.91,0.053,Warning
2026-04-01 20:45:00,32.92,84.76,16.28,985.16,2.31,15.95,53.03,234.87,0.078,Warning
2026-04-01 20:50:00,29.36,80.11,14.02,496.37,1.76,34.55,168.69,216.34,0.028,Warning
2026-04-01 20:55:00,30.99,69.37,23.09,870.73,1.21,47.21,199.25,107.71,0.06,Warning
2026-04-01 21:00:00,27.48,64.18,21.95,353.83,0.03,21.37,28.72,163.13,0.07,Warning
2026-04-01 21:05:00,24.26,71.66,24.25,17.74,0.03,67.76,18.12,212.85,0.064,Warning
2026-04-01 21:10:00,33.92,62.48,3.05,926.71,7.22,59.15,88.53,185.34,0.025,Danger
2026-04-01 21:15:00,32.61,69.18,43.03,695.14,2.51,62.08,19.81,219.28,0.058,Danger
2026-04-01 21:20:00,39.98,96.1,27.13,445.04,3.6,55.51,47.93,393.62,0.057,Warning
2026-04-01 21:25:00,32.49,71.66,23.43,751.68,0.15,2.33,30.02,285.16,0.073,Warning
2026-04-01 21:30:00,32.29,81.74,14.89,700.62,1.28,4.52,149.55,317.93,0.041,Warning
2026-04-01 21:35:00,29.64,49.82,7.86,767.11,3.73,40.03,84.98,250.57,0.03,Warning
2026-04-01 21:40:00,33.49,69.21,24.84,342.19,4.46,63.89,32.12,180.98,0.071,Warning
2026-04-01 21:45:00,28.04,75.6,27.34,705.07,2.1,68.48,106.13,220.46,0.054,Warning
2026-04-01 21:50:00,21.12,69.09,5.59,94.2,2.57,64.51,17.07,372.7,0.034,Warning
2026-04-01 21:55:00,21.46,53.83,39.72,453.23,0.36,26.4,130.18,339.39,0.093,Danger
2026-04-01 22:00:00,28.2,51.74,6.73,578.08,0.89,18.29,114.38,246.11,0.051,Normal
2026-04-01 22:05:00,26.21,62.7,3.48,767.06,5.11,53.85,12.95,130.28,0.03,Danger
2026-04-01 22:10:00,29.58,50.5,3.44,198.81,2.62,22.77,7.83,264.15,0.034,Warning
2026-04-01 22:15:00,28.64,81.73,41.81,110.13,4.49,52.46,34.83,315.5,0.096,Danger
2026-04-01 22:20:00,24.39,55.82,35.35,581.45,3.65,33.62,119.07,143.88,0.081,Danger
2026-04-01 22:25:00,35.85,62.71,14.13,40.67,3.54,42.88,73.78,339.95,0.04,Warning
2026-04-01 22:30:00,32.82,54.8,14.53,447.69,2.68,5.22,66.85,316.08,0.037,Warning
2026-04-01 22:35:00,21.97,82.5,42.63,112.32,4.07,0.12,106.35,273.54,0.043,Danger
2026-04-01 22:40:00,26.08,58.09,3.32,250.45,1.8,8.63,148.21,368.98,0.033,Normal
2026-04-01 22:45:00,31.2,70.0,24.44,522.79,4.23,39.29,43.77,319.53,0.077,Warning
2026-04-01 22:50:00,26.18,65.38,28.67,437.21,5.22,114.55,1.4,139.52,0.059,Danger
2026-04-01 22:55:00,33.61,62.69,44.07,98.42,4.08,4.23,251.94,409.4,0.027,Danger
2026-04-01 23:00:00,27.25,73.6,7.26,486.38,2.08,56.79,78.62,194.82,0.035,Warning
2026-04-01 23:05:00,37.22,52.43,31.26,416.31,1.16,51.61,114.01,295.65,0.079,Danger
2026-04-01 23:10:00,28.34,58.88,6.7,252.38,10.85,69.79,55.11,144.2,0.064,Danger
2026-04-01 23:15:00,32.74,70.49,9.9,462.36,2.98,23.44,141.93,231.62,0.024,Warning
2026-04-01 23:20:00,30.88,94.85,22.35,405.94,4.77,39.31,122.01,298.55,0.112,Warning
2026-04-01 23:25:00,24.35,69.74,3.53,666.65,0.76,3.31,50.49,328.07,0.078,Normal
2026-04-01 23:30:00,23.77,65.55,0.81,122.45,1.35,7.66,322.67,284.64,0.009,Normal
2026-04-01 23:35:00,27.18,75.21,56.77,24.21,3.64,94.84,118.96,180.54,0.066,Danger
2026-04-01 23:40:00,16.82,65.03,21.56,777.28,1.04,23.43,12.54,270.43,0.023,Warning
2026-04-01 23:45:00,27.96,55.04,28.02,757.54,1.3,21.53,64.86,226.03,0.048,Warning
2026-04-01 23:50:00,43.1,53.88,44.28,799.06,2.84,90.34,117.21,281.13,0.048,Danger
2026-04-01 23:55:00,36.12,75.96,2.49,104.23,1.39,12.0,73.65,349.0,0.036,Warning
2026-04-02 00:00:00,29.79,65.58,31.97,174.07,0.18,28.45,200.01,210.65,0.006,Danger
2026-04-02 00:05:00,33.1,58.65,8.79,312.7,1.45,4.19,140.56,321.77,0.088,Normal
2026-04-02 00:10:00,33.26,53.62,10.97,498.04,3.8,46.73,6.58,256.56,0.064,Warning
2026-04-02 00:15:00,37.28,72.05,30.78,525.15,6.23,36.39,6.11,362.27,0.071,Danger
2026-04-02 00:20:00,27.78,60.21,20.93,638.96,2.59,32.45,250.0,335.72,0.056,Warning
2026-04-02 00:25:00,34.71,54.67,22.96,1042.79,1.35,13.91,14.79,162.83,0.026,Warning
2026-04-02 00:30:00,28.15,50.94,15.31,770.68,0.72,80.77,131.08,332.45,0.03,Danger
2026-04-02 00:35:00,34.27,54.08,32.8,551.55,3.66,27.02,9.51,297.78,0.022,Danger
2026-04-02 00:40:00,32.32,51.33,31.96,130.24,3.66,45.03,10.32,296.56,0.058,Danger
2026-04-02 00:45:00,27.31,54.91,24.25,604.9,2.69,23.81,53.66,304.33,0.041,Warning
2026-04-02 00:50:00,28.35,72.32,21.7,594.85,3.41,41.42,155.68,299.0,0.019,Warning
2026-04-02 00:55:00,28.78,64.61,12.31,600.16,6.29,63.27,51.22,299.77,0.09,Danger
2026-04-02 01:00:00,31.93,75.91,55.25,807.11,2.75,61.8,94.49,251.91,0.039,Danger
2026-04-02 01:05:00,37.82,56.82,45.65,649.96,2.2,34.71,130.0,300.04,0.077,Danger
2026-04-02 01:10:00,27.04,66.24,54.08,348.28,1.18,79.27,276.26,250.3,0.08,Danger
2026-04-02 01:15:00,36.71,57.58,5.29,869.26,7.06,42.52,7.98,408.96,0.034,Danger
2026-04-02 01:20:00,28.32,68.42,46.08,756.19,3.24,38.53,84.35,294.65,0.026,Danger
2026-04-02 01:25:00,28.52,67.41,8.02,615.9,1.39,90.22,237.3,212.74,0.045,Danger
2026-04-02 01:30:00,29.63,60.48,18.9,272.52,1.39,44.91,142.95,185.65,0.077,Warning
2026-04-02 01:35:00,26.84,67.53,31.41,489.92,3.36,0.66,60.35,233.53,0.028,Danger
2026-04-02 01:40:00,29.12,49.51,5.18,414.54,1.23,10.34,73.82,288.36,0.076,Normal
2026-04-02 01:45:00,26.75,52.97,5.84,353.84,0.94,10.8,49.61,213.51,0.055,Normal
2026-04-02 01:50:00,32.98,59.43,6.74,221.99,1.91,13.94,137.31,107.13,0.039,Normal
2026-04-02 01:55:00,31.51,66.84,68.86,604.94,1.01,16.18,97.62,243.55,0.025,Danger
2026-04-02 02:00:00,34.58,59.5,12.66,309.33,7.22,7.15,263.26,315.13,0.064,Danger
2026-04-02 02:05:00,31.84,68.94,23.55,416.33,4.54,18.04,60.52,245.81,0.101,Warning
2026-04-02 02:10:00,36.23,64.38,34.03,390.05,3.11,16.98,236.29,228.08,0.043,Danger
2026-04-02 02:15:00,28.5,84.04,47.52,1165.63,1.52,31.82,71.66,368.15,0.015,Danger
2026-04-02 02:20:00,31.08,54.03,3.22,248.82,0.18,1.56,25.17,316.67,0.017,Normal
2026-04-02 02:25:00,31.1,77.18,4.74,284.62,1.31,67.19,99.41,207.5,0.065,Normal
2026-04-02 02:30:00,24.49,71.81,23.17,407.66,0.52,15.47,133.48,348.32,0.031,Warning
2026-04-02 02:35:00,32.29,44.13,3.31,490.68,0.73,17.46,13.22,273.38,0.044,Normal
2026-04-02 02:40:00,18.81,43.79,2.86,637.31,6.24,0.01,27.38,361.07,0.038,Danger
2026-04-02 02:45:00,31.91,66.41,27.61,730.46,2.65,40.33,472.62,83.27,0.102,Warning
2026-04-02 02:50:00,28.56,67.87,14.09,372.73,0.29,33.18,71.72,310.05,0.038,Warning
2026-04-02 02:55:00,24.35,60.5,40.14,339.4,3.08,9.24,155.79,304.84,0.105,Danger
2026-04-02 03:00:00,29.12,71.69,16.96,888.76,0.16,49.8,60.53,244.86,0.053,Warning
2026-04-02 03:05:00,31.26,63.84,19.29,973.44,4.96,54.77,34.45,178.86,0.079,Warning
2026-04-02 03:10:00,34.38,79.73,2.92,431.14,2.92,4.3,179.66,212.68,0.069,Warning
2026-04-02 03:15:00,29.05,68.24,7.95,525.56,6.97,12.52,83.05,346.48,0.073,Danger
2026-04-02 03:20:00,32.33,80.21,3.98,1024.21,4.8,10.54,193.56,161.5,0.025,Warning
2026-04-02 03:25:00,26.96,59.71,6.13,866.92,1.22,34.1,22.96,104.35,0.058,Normal
2026-04-02 03:30:00,20.44,64.31,12.37,1096.18,4.73,24.23,206.37,182.29,0.066,Warning
2026-04-02 03:35:00,31.0,67.64,40.45,719.75,2.87,46.2,16.0,240.18,0.053,Danger
2026-04-02 03:40:00,24.35,89.12,45.33,680.64,2.22,11.51,15.19,256.2,0.058,Danger
2026-04-02 03:45:00,23.79,68.34,11.89,72.34,0.58,3.46,268.77,294.52,0.01,Warning
2026-04-02 03:50:00,32.43,49.53,36.65,358.66,1.72,73.03,48.72,138.23,0.032,Danger
2026-04-02 03:55:00,35.19,49.81,41.64,364.65,3.66,68.01,33.68,217.09,0.085,Danger
2026-04-02 04:00:00,20.65,61.11,18.81,634.77,0.47,21.38,168.83,197.34,0.064,Warning
2026-04-02 04:05:00,25.09,65.59,23.94,397.24,2.51,18.51,59.34,298.82,0.055,Warning
2026-04-02 04:10:00,27.07,67.24,29.29,114.98,5.48,6.55,122.55,345.78,0.009,Danger
2026-04-02 04:15:00,26.45,62.11,0.68,1020.48,0.57,2.22,100.44,153.83,0.038,Normal
2026-04-02 04:20:00,31.59,61.67,13.13,341.2,2.54,32.86,255.49,251.47,0.057,Warning
2026-04-02 04:25:00,33.46,52.31,49.05,560.7,6.9,9.32,261.81,312.01,0.067,Danger
2026-04-02 04:30:00,31.17,62.51,39.01,542.11,3.9,24.69,61.42,274.8,0.048,Danger
2026-04-02 04:35:00,36.09,45.49,17.87,45.39,4.28,16.22,121.96,180.89,0.088,Warning
2026-04-02 04:40:00,35.21,70.84,12.41,673.96,0.12,54.22,244.95,335.65,0.028,Warning
2026-04-02 04:45:00,31.81,52.07,26.45,635.18,3.61,26.47,51.69,225.93,0.014,Warning
2026-04-02 04:50:00,31.94,67.51,11.11,273.26,5.15,86.22,31.64,201.03,0.065,Danger
2026-04-02 04:55:00,28.21,63.61,29.79,72.81,5.95,22.91,38.85,242.86,0.049,Danger
2026-04-02 05:00:00,21.34,79.95,15.83,632.9,4.85,20.85,127.35,228.59,0.075,Warning
2026-04-02 05:05:00,19.36,64.01,2.94,629.68,3.41,8.31,8.78,241.15,0.023,Warning
2026-04-02 05:10:00,34.21,61.31,43.14,387.55,1.12,45.25,43.74,258.75,0.09,Danger
2026-04-02 05:15:00,31.57,58.93,24.12,362.27,0.08,26.17,95.18,218.81,0.055,Warning
2026-04-02 05:20:00,29.52,60.84,3.91,682.47,1.95,51.04,20.22,189.81,0.006,Normal
2026-04-02 05:25:00,27.49,74.75,25.31,793.53,3.57,24.15,46.92,187.58,0.09,Warning
2026-04-02 05:30:00,24.02,73.94,32.86,1048.89,0.77,48.49,308.17,200.59,0.004,Danger
2026-04-02 05:35:00,20.6,72.13,22.66,388.3,3.31,27.41,122.54,267.78,0.088,Warning
2026-04-02 05:40:00,25.24,58.23,0.45,749.06,4.7,38.05,198.35,155.76,0.1,Warning
2026-04-02 05:45:00,37.62,72.36,50.64,3.01,0.43,9.41,152.15,165.99,0.073,Danger
2026-04-02 05:50:00,36.85,71.95,20.68,203.64,0.54,69.98,157.93,246.88,0.037,Warning
2026-04-02 05:55:00,19.87,54.29,53.23,115.86,2.57,60.3,45.49,264.78,0.078,Danger
2026-04-02 06:00:00,30.06,93.68,18.37,817.62,1.48,50.88,124.13,191.35,0.057,Warning
2026-04-02 06:05:00,20.71,71.03,20.96,691.6,5.17,34.7,94.81,179.51,0.029,Danger
2026-04-02 06:10:00,35.93,79.36,10.24,513.8,0.71,66.91,146.54,405.3,0.024,Warning
2026-04-02 06:15:00,28.11,67.31,27.93,435.3,0.62,55.26,152.11,176.7,0.091,Warning
2026-04-02 06:20:00,35.85,66.34,16.59,666.22,0.59,21.2,135.24,320.12,0.003,Warning
2026-04-02 06:25:00,37.52,61.7,10.77,311.68,1.14,76.74,168.78,352.16,0.06,Warning
2026-04-02 06:30:00,23.96,54.25,48.53,216.35,1.46,65.49,113.86,174.97,0.056,Danger
2026-04-02 06:35:00,24.87,76.01,36.23,659.6,3.08,90.45,79.97,155.45,0.063,Danger
2026-04-02 06:40:00,40.43,54.85,7.77,624.93,1.84,19.29,192.19,435.6,0.056,Warning
2026-04-02 06:45:00,25.48,49.51,20.16,831.16,3.43,19.9,21.07,162.63,0.075,Warning
2026-04-02 06:50:00,34.57,49.54,46.8,672.22,6.2,33.69,56.58,238.08,0.065,Danger
2026-04-02 06:55:00,38.98,72.06,10.15,192.09,5.69,18.59,242.85,227.25,0.098,Danger
2026-04-02 07:00:00,33.39,63.63,4.61,397.73,3.28,23.09,20.62,236.75,0.052,Warning
2026-04-02 07:05:00,19.36,69.58,4.59,154.0,3.06,51.76,55.54,193.28,0.109,Warning
2026-04-02 07:10:00,27.37,66.78,23.01,539.32,1.77,27.81,225.09,394.58,0.0,Warning
2026-04-02 07:15:00,24.88,62.2,4.29,651.79,0.18,106.6,199.05,267.01,0.081,Danger
2026-04-02 07:20:00,35.53,59.36,1.32,523.44,4.58,25.56,77.7,185.77,0.048,Warning
2026-04-02 07:25:00,29.62,84.73,12.72,651.68,6.47,110.86,39.56,289.31,0.067,Danger
2026-04-02 07:30:00,30.98,64.01,23.72,259.67,4.05,25.05,57.75,413.75,0.03,Warning
2026-04-02 07:35:00,27.98,84.92,1.64,334.97,1.56,53.63,100.78,146.59,0.034,Normal
2026-04-02 07:40:00,26.96,64.23,23.52,625.46,3.33,62.56,105.26,360.76,0.063,Warning
2026-04-02 07:45:00,35.51,69.67,41.92,656.68,1.71,110.9,168.9,295.9,0.012,Danger
2026-04-02 07:50:00,23.56,67.93,17.91,315.76,2.42,83.55,149.54,158.72,0.047,Danger
2026-04-02 07:55:00,25.98,61.12,6.73,356.71,1.77,14.89,23.94,15.64,0.112,Normal
2026-04-02 08:00:00,35.44,61.24,15.38,148.5,7.09,95.89,95.67,331.88,0.055,Danger
2026-04-02 08:05:00,23.32,60.88,17.64,363.64,1.34,16.34,71.91,254.18,0.018,Warning
2026-04-02 08:10:00,26.41,52.15,34.56,131.69,5.46,75.45,49.78,41.75,0.039,Danger
2026-04-02 08:15:00,29.68,54.89,4.7,959.06,3.99,16.98,79.76,223.84,0.044,Warning
2026-04-02 08:20:00,32.48,59.65,25.23,1080.55,4.45,18.08,61.68,221.47,0.085,Warning
2026-04-02 08:25:00,26.86,65.45,16.02,349.46,2.12,32.92,73.9,290.02,0.034,Warning
2026-04-02 08:30:00,36.1,56.23,49.24,24.29,3.3,39.02,0.44,283.95,0.088,Danger
2026-04-02 08:35:00,18.92,70.03,34.87,210.3,6.89,3.27,37.39,234.16,0.112,Danger
2026-04-02 08:40:00,20.84,54.49,44.95,1057.31,1.69,29.56,289.58,377.56,0.07,Danger
2026-04-02 08:45:00,25.94,64.51,11.79,599.26,6.35,55.18,27.74,360.12,0.059,Danger
2026-04-02 08:50:00,33.44,79.67,7.23,489.25,0.41,42.71,114.67,450.92,0.005,Normal
2026-04-02 08:55:00,29.84,71.41,17.46,466.06,1.9,29.31,4.32,74.81,0.086,Warning
2026-04-02 09:00:00,34.79,65.52,19.58,822.3,2.67,56.16,50.25,354.96,0.06,Warning
2026-04-02 09:05:00,30.97,52.3,20.74,250.41,0.09,12.62,26.62,419.98,0.09,Warning
2026-04-02 09:10:00,39.6,52.77,16.43,111.95,0.09,16.73,203.96,218.3,0.082,Warning
2026-04-02 09:15:00,33.02,88.04,14.59,877.77,5.44,18.94,180.71,276.89,0.043,Danger
2026-04-02 09:20:00,25.88,57.81,56.0,500.2,4.35,11.64,2.01,336.56,0.01,Danger
2026-04-02 09:25:00,27.92,65.34,17.23,446.27,3.19,47.71,153.46,171.14,0.041,Warning
2026-04-02 09:30:00,35.97,73.95,12.46,605.44,3.93,21.88,269.78,174.17,0.025,Warning
2026-04-02 09:35:00,33.82,49.57,2.34,678.93,0.1,10.56,154.42,283.72,0.058,Normal
2026-04-02 09:40:00,28.3,68.7,12.53,637.34,0.51,12.7,19.0,247.2,0.026,Warning
2026-04-02 09:45:00,24.43,67.59,19.25,734.86,0.71,36.32,135.08,285.58,0.025,Warning
2026-04-02 09:50:00,30.75,68.64,15.14,125.94,2.48,108.5,44.0,191.75,0.061,Danger
2026-04-02 09:55:00,31.56,76.93,10.16,719.41,3.77,14.31,113.87,332.36,0.076,Warning
2026-04-02 10:00:00,24.28,73.2,13.71,521.86,2.22,13.99,199.17,243.3,0.016,Warning
2026-04-02 10:05:00,28.03,66.79,39.58,680.93,0.55,119.41,106.48,352.03,0.045,Danger
2026-04-02 10:10:00,32.67,73.39,39.36,817.21,4.62,7.4,22.83,276.61,0.078,Danger
2026-04-02 10:15:00,28.89,75.65,44.05,225.1,0.51,14.38,110.76,208.03,0.091,Danger
2026-04-02 10:20:00,32.12,65.39,13.72,105.26,2.84,65.3,181.26,237.35,0.147,Warning
2026-04-02 10:25:00,41.54,63.19,12.87,798.67,7.11,45.52,98.64,200.24,0.067,Danger
2026-04-02 10:30:00,32.48,75.7,8.99,194.84,4.57,13.13,121.85,261.61,0.074,Warning
2026-04-02 10:35:00,29.39,60.42,11.81,388.83,2.04,8.59,132.13,275.73,0.055,Warning
2026-04-02 10:40:00,25.02,63.18,28.54,553.54,6.29,38.97,21.41,276.33,0.088,Danger
2026-04-02 10:45:00,27.76,58.08,24.38,531.03,8.13,31.09,77.77,275.77,0.05,Danger
2026-04-02 10:50:00,25.93,73.23,19.52,505.28,0.93,72.14,146.47,205.77,0.08,Warning
2026-04-02 10:55:00,27.51,57.18,0.19,31.32,3.41,53.25,42.84,83.95,0.047,Warning
2026-04-02 11:00:00,29.25,61.73,5.85,148.33,3.39,2.02,111.64,179.18,0.055,Warning
2026-04-02 11:05:00,36.52,70.86,6.75,577.16,1.28,20.32,47.44,236.85,0.056,Warning
2026-04-02 11:10:00,25.03,54.84,12.77,19.92,1.65,26.38,9.28,291.09,0.051,Warning
2026-04-02 11:15:00,20.16,71.55,31.22,201.84,3.26,14.26,89.77,148.84,0.004,Danger
2026-04-02 11:20:00,28.09,63.76,7.05,144.79,0.8,30.77,75.51,264.6,0.03,Normal
2026-04-02 11:25:00,35.86,53.24,24.75,854.57,3.44,11.9,27.17,332.89,0.007,Warning
2026-04-02 11:30:00,25.15,61.02,39.75,613.93,0.9,7.59,18.57,193.22,0.079,Danger
2026-04-02 11:35:00,23.14,81.09,31.56,827.26,0.61,14.0,63.32,208.03,0.065,Danger
2026-04-02 11:40:00,36.48,53.93,7.69,454.61,2.19,43.65,7.6,234.37,0.036,Warning
2026-04-02 11:45:00,26.05,64.93,10.69,388.44,0.19,32.78,245.36,261.19,0.08,Warning
2026-04-02 11:50:00,23.05,66.58,6.95,56.92,0.22,67.68,175.0,269.44,0.004,Normal
2026-04-02 11:55:00,29.02,68.02,18.51,53.14,0.67,17.44,133.63,74.31,0.045,Warning
2026-04-02 12:00:00,30.72,73.5,28.86,674.77,0.4,56.32,40.69,330.13,0.092,Warning
2026-04-02 12:05:00,33.55,69.29,22.59,333.16,1.61,86.76,14.26,379.18,0.04,Danger
2026-04-02 12:10:00,36.63,50.93,26.72,278.97,2.25,28.74,180.95,182.4,0.005,Warning
2026-04-02 12:15:00,29.54,64.13,25.97,784.88,1.82,94.22,102.42,222.29,0.002,Danger
2026-04-02 12:20:00,28.69,61.64,34.21,638.75,1.54,26.89,147.15,372.24,0.077,Danger
2026-04-02 12:25:00,33.8,65.6,22.77,874.85,2.0,6.02,2.74,280.33,0.087,Warning
2026-04-02 12:30:00,27.02,41.1,6.76,774.04,3.61,37.13,52.0,147.68,0.065,Warning
2026-04-02 12:35:00,25.83,86.84,26.41,325.81,0.17,16.28,56.05,339.35,0.056,Warning
2026-04-02 12:40:00,26.34,83.9,15.99,730.65,0.18,34.52,111.11,98.83,0.11,Warning
2026-04-02 12:45:00,36.45,61.03,7.05,604.27,2.26,34.23,99.16,290.5,0.093,Warning
2026-04-02 12:50:00,32.84,54.5,42.25,992.18,11.46,24.94,104.29,83.43,0.067,Danger
2026-04-02 12:55:00,27.26,84.23,0.49,6.75,0.59,59.02,155.11,84.79,0.051,Normal
2026-04-02 13:00:00,19.61,61.8,47.87,608.19,0.59,18.75,81.8,287.81,0.009,Danger
2026-04-02 13:05:00,32.96,37.96,2.4,353.52,3.9,20.91,60.56,171.2,0.056,Warning
2026-04-02 13:10:00,29.6,59.21,5.38,708.85,0.45,16.48,296.99,136.11,0.006,Normal
2026-04-02 13:15:00,33.92,58.21,8.64,265.65,1.22,83.94,160.21,318.98,0.008,Danger
2026-04-02 13:20:00,24.24,36.61,1.19,787.01,3.55,11.14,77.77,194.89,0.056,Warning
2026-04-02 13:25:00,33.83,48.84,20.99,779.73,0.75,48.03,361.47,241.65,0.062,Warning
2026-04-02 13:30:00,26.31,66.81,24.21,558.45,1.06,28.25,226.22,285.89,0.079,Warning
2026-04-02 13:35:00,28.81,72.5,20.59,214.73,2.96,19.67,16.71,265.15,0.059,Warning
2026-04-02 13:40:00,24.05,75.54,26.44,288.58,2.61,14.2,35.41,259.05,0.039,Warning
2026-04-02 13:45:00,19.96,61.12,8.89,690.1,0.09,87.15,111.16,354.89,0.043,Danger
2026-04-02 13:50:00,34.3,65.8,37.79,383.79,1.3,76.82,68.65,267.72,0.087,Danger
2026-04-02 13:55:00,24.84,70.95,3.2,460.35,2.22,40.01,2.12,358.09,0.077,Warning
2026-04-02 14:00:00,29.69,67.43,9.12,906.98,1.4,29.27,194.6,187.81,0.097,Normal
2026-04-02 14:05:00,22.35,81.3,7.55,427.19,3.67,1.81,23.98,201.39,0.046,Warning
2026-04-02 14:10:00,34.79,67.08,21.15,171.34,0.64,91.95,6.48,382.5,0.043,Danger
2026-04-02 14:15:00,30.01,75.7,40.44,466.76,0.84,17.76,113.8,321.3,0.05,Danger
2026-04-02 14:20:00,33.09,81.38,22.63,593.5,2.56,85.23,118.84,242.41,0.035,Danger
2026-04-02 14:25:00,31.22,64.4,37.56,525.83,0.24,59.61,58.29,292.12,0.036,Danger
2026-04-02 14:30:00,26.75,65.84,15.26,643.95,1.19,53.45,36.72,313.51,0.041,Warning
2026-04-02 14:35:00,28.77,74.86,0.76,37.16,1.52,0.63,16.62,235.97,0.065,Normal
2026-04-02 14:40:00,29.95,68.07,51.27,397.14,2.84,0.37,4.64,203.21,0.036,Danger
2026-04-02 14:45:00,31.8,88.49,0.68,375.01,1.81,35.83,106.36,352.73,0.023,Normal
2026-04-02 14:50:00,18.07,60.04,36.95,30.31,7.02,42.85,104.37,162.78,0.02,Danger
2026-04-02 14:55:00,25.15,66.11,2.47,648.22,6.56,14.27,32.61,229.49,0.034,Danger
2026-04-02 15:00:00,33.99,46.41,15.91,667.5,7.57,0.73,112.45,105.69,0.022,Danger
2026-04-02 15:05:00,34.22,64.94,38.57,87.98,3.56,94.75,121.97,272.13,0.05,Danger
2026-04-02 15:10:00,22.15,78.56,2.78,651.34,2.69,27.18,223.51,222.22,0.094,Warning
2026-04-02 15:15:00,29.61,46.58,32.84,323.03,4.1,21.01,74.31,263.14,0.116,Danger
2026-04-02 15:20:00,32.46,64.42,36.51,563.2,2.63,23.67,103.38,332.84,0.025,Danger
2026-04-02 15:25:00,37.12,64.08,2.76,799.29,1.14,50.38,50.82,245.21,0.065,Warning
2026-04-02 15:30:00,31.45,45.04,7.42,778.82,1.6,0.95,55.86,163.62,0.011,Normal
2026-04-02 15:35:00,29.49,59.02,4.33,479.56,3.09,103.73,71.19,342.75,0.079,Danger
2026-04-02 15:40:00,26.1,67.03,5.85,555.71,6.53,44.22,130.86,215.58,0.005,Danger
2026-04-02 15:45:00,28.96,77.07,15.54,183.47,2.38,19.39,0.75,216.11,0.009,Warning
2026-04-02 15:50:00,25.13,72.03,11.15,20.64,0.11,49.28,60.31,212.83,0.051,Warning
2026-04-02 15:55:00,21.27,69.95,22.67,377.21,5.02,25.1,192.79,262.36,0.04,Danger
2026-04-02 16:00:00,29.9,63.93,39.41,177.0,0.29,61.45,20.45,322.04,0.101,Danger
2026-04-02 16:05:00,27.99,71.81,8.07,726.42,2.6,38.92,15.44,117.11,0.065,Warning
2026-04-02 16:10:00,19.68,61.83,33.82,557.57,7.85,61.0,14.61,252.19,0.049,Danger
2026-04-02 16:15:00,22.09,55.6,3.78,110.87,2.14,10.04,87.29,282.34,0.071,Warning
2026-04-02 16:20:00,31.14,61.76,26.83,704.07,2.92,12.98,107.66,345.64,0.032,Warning
2026-04-02 16:25:00,40.49,59.74,15.65,298.25,2.67,49.69,25.4,162.63,0.054,Warning
2026-04-02 16:30:00,34.97,71.46,32.43,1112.62,2.89,11.06,95.71,264.1,0.03,Danger
2026-04-02 16:35:00,30.99,58.93,6.91,294.12,2.3,25.83,138.53,291.19,0.075,Warning
2026-04-02 16:40:00,31.62,59.67,31.79,92.74,0.7,18.57,188.01,325.42,0.065,Danger
2026-04-02 16:45:00,35.36,56.21,21.97,462.45,4.54,15.39,41.51,293.27,0.076,Warning
2026-04-02 16:50:00,26.66,64.39,6.17,249.42,2.6,44.36,106.21,94.04,0.039,Warning
2026-04-02 16:55:00,18.91,78.7,6.72,876.62,4.84,16.02,33.28,278.03,0.025,Warning
2026-04-02 17:00:00,30.51,60.17,20.62,169.14,2.68,2.46,24.69,305.67,0.085,Warning
2026-04-02 17:05:00,28.64,61.59,25.0,92.92,2.67,42.08,148.02,95.06,0.027,Warning
2026-04-02 17:10:00,25.61,66.0,24.61,949.01,0.52,0.1,194.97,273.73,0.088,Warning
2026-04-02 17:15:00,31.44,53.43,11.66,34.55,3.99,67.54,264.94,317.45,0.085,Warning
2026-04-02 17:20:00,27.1,53.44,32.0,625.3,2.32,35.49,112.32,352.71,0.089,Danger
2026-04-02 17:25:00,32.72,73.46,25.28,361.65,4.27,35.78,185.39,154.44,0.059,Warning
2026-04-02 17:30:00,25.77,70.53,14.32,21.57,3.26,3.12,168.11,250.11,0.062,Warning
2026-04-02 17:35:00,25.21,59.11,5.83,757.01,7.03,12.21,187.68,76.43,0.014,Danger
2026-04-02 17:40:00,25.21,51.47,16.67,623.9,1.36,35.18,149.05,271.25,0.07,Warning
2026-04-02 17:45:00,29.65,53.13,36.16,323.27,0.81,12.88,11.28,216.61,0.06,Danger
2026-04-02 17:50:00,31.74,56.02,5.25,822.3,3.49,103.0,198.01,341.54,0.008,Danger
2026-04-02 17:55:00,33.82,64.47,3.98,550.4,4.84,40.03,7.85,309.4,0.031,Warning
2026-04-02 18:00:00,31.08,61.97,10.62,729.87,1.12,97.81,102.11,202.19,0.061,Danger
2026-04-02 18:05:00,32.92,64.0,13.85,623.17,1.31,75.73,163.93,319.83,0.021,Warning
2026-04-02 18:10:00,29.6,62.0,5.11,608.05,0.39,46.22,27.02,387.52,0.023,Normal
2026-04-02 18:15:00,31.1,72.92,3.59,755.74,1.69,78.08,81.41,202.29,0.041,Normal
2026-04-02 18:20:00,34.04,59.16,0.01,433.54,1.53,92.82,23.36,316.53,0.056,Danger
2026-04-02 18:25:00,25.08,64.94,30.68,443.52,5.58,60.86,171.89,213.23,0.018,Danger
2026-04-02 18:30:00,26.93,66.96,25.92,151.47,1.98,26.32,52.25,353.3,0.063,Warning
2026-04-02 18:35:00,36.55,62.84,33.75,990.52,5.94,23.69,54.63,222.39,0.065,Danger
2026-04-02 18:40:00,33.43,56.61,16.36,105.98,6.33,0.49,85.59,225.23,0.084,Danger
2026-04-02 18:45:00,15.81,64.83,12.88,363.91,7.18,15.49,157.18,278.5,0.088,Danger
2026-04-02 18:50:00,26.66,57.67,36.92,627.6,2.63,1.57,118.64,317.02,0.03,Danger
2026-04-02 18:55:00,15.43,70.23,9.41,105.2,6.5,52.56,92.86,231.95,0.092,Danger
2026-04-02 19:00:00,33.19,81.16,12.85,489.63,2.85,10.82,55.14,300.13,0.051,Warning
2026-04-02 19:05:00,33.12,72.03,58.1,405.41,0.82,29.84,0.23,368.56,0.042,Danger
2026-04-02 19:10:00,27.17,60.29,29.37,452.68,0.07,86.61,5.62,252.85,0.07,Danger
2026-04-02 19:15:00,21.84,69.8,6.1,746.83,0.89,47.71,190.58,318.91,0.058,Normal
2026-04-02 19:20:00,28.84,59.24,44.42,290.15,1.11,46.61,0.39,173.99,0.007,Danger
2026-04-02 19:25:00,27.59,64.17,19.86,785.39,3.58,12.37,60.18,290.81,0.088,Warning
2026-04-02 19:30:00,30.63,60.31,4.86,66.44,4.0,43.12,137.74,239.71,0.092,Warning
2026-04-02 19:35:00,27.58,74.55,14.23,317.49,3.78,36.39,115.7,256.5,0.049,Warning
2026-04-02 19:40:00,41.94,76.84,29.46,533.54,5.02,40.72,82.62,225.71,0.048,Danger
2026-04-02 19:45:00,14.15,67.11,5.23,977.8,2.06,27.56,75.01,166.31,0.064,Warning
2026-04-02 19:50:00,31.45,74.58,0.82,510.2,2.1,48.06,131.89,289.66,0.05,Warning
2026-04-02 19:55:00,32.07,81.04,9.3,541.59,1.26,14.73,89.78,338.31,0.042,Normal
2026-04-02 20:00:00,28.82,60.93,4.3,588.49,2.49,71.24,13.46,307.75,0.012,Warning
2026-04-02 20:05:00,33.34,71.72,22.68,201.67,2.75,27.32,54.72,332.35,0.074,Warning
2026-04-02 20:10:00,30.08,55.25,27.91,505.81,4.96,51.31,77.58,346.2,0.017,Warning
2026-04-02 20:15:00,14.12,67.79,20.83,7.2,0.94,130.21,49.44,308.48,0.03,Danger
2026-04-02 20:20:00,19.55,63.3,9.69,380.04,1.66,30.57,64.99,148.88,0.065,Normal
2026-04-02 20:25:00,20.25,44.5,29.78,652.11,1.83,35.82,9.21,228.98,0.002,Warning
2026-04-02 20:30:00,26.3,71.52,43.55,374.17,4.27,56.56,145.95,185.68,0.059,Danger
2026-04-02 20:35:00,28.76,78.2,2.49,688.28,1.16,13.67,61.61,182.35,0.05,Normal
2026-04-02 20:40:00,29.69,67.41,16.69,739.4,4.77,22.02,166.88,155.09,0.068,Warning
2026-04-02 20:45:00,33.1,45.89,16.86,359.45,0.28,74.03,14.63,185.49,0.052,Warning
2026-04-02 20:50:00,33.43,63.58,38.33,659.29,4.53,1.18,23.82,288.35,0.029,Danger
2026-04-02 20:55:00,42.75,70.31,17.98,854.47,9.03,54.83,174.88,260.46,0.046,Danger
2026-04-02 21:00:00,27.62,56.74,1.26,94.83,1.77,47.39,99.09,247.09,0.054,Normal
2026-04-02 21:05:00,27.39,95.77,42.2,126.64,2.7,4.32,21.45,142.79,0.063,Danger
2026-04-02 21:10:00,26.59,74.68,34.88,912.17,0.56,39.01,143.25,212.07,0.027,Danger
2026-04-02 21:15:00,38.05,67.27,27.72,253.38,1.66,2.78,67.6,164.86,0.05,Warning
2026-04-02 21:20:00,21.56,53.8,28.42,681.14,0.82,20.71,22.74,220.14,0.069,Warning
2026-04-02 21:25:00,34.64,60.03,8.07,580.35,0.47,0.73,212.53,316.17,0.055,Normal
2026-04-02 21:30:00,23.64,67.11,36.25,387.31,6.05,71.71,246.37,274.42,0.068,Danger
2026-04-02 21:35:00,37.07,69.47,4.98,365.44,2.72,31.62,65.67,337.72,0.016,Warning
2026-04-02 21:40:00,37.67,76.22,5.8,663.02,2.01,69.2,178.27,137.99,0.068,Warning
2026-04-02 21:45:00,28.97,65.83,0.44,1024.44,5.12,9.59,53.46,219.15,0.063,Danger
2026-04-02 21:50:00,31.2,77.53,30.8,790.87,2.98,35.57,60.43,334.81,0.048,Danger
2026-04-02 21:55:00,32.52,61.81,5.6,463.0,2.93,6.23,56.43,174.84,0.084,Warning
2026-04-02 22:00:00,28.53,79.53,45.57,475.69,1.03,63.44,67.2,140.09,0.091,Danger
2026-04-02 22:05:00,30.58,68.9,29.41,140.61,4.66,31.47,65.28,295.19,0.099,Warning
2026-04-02 22:10:00,28.89,65.69,18.85,1217.63,4.3,47.33,68.52,295.34,0.03,Warning
2026-04-02 22:15:00,29.76,72.11,77.26,742.41,0.54,3.05,34.66,106.35,0.04,Danger
2026-04-02 22:20:00,33.66,52.26,35.97,646.33,0.2,14.34,239.83,308.68,0.05,Danger
2026-04-02 22:25:00,28.81,65.77,4.76,131.42,8.13,26.21,119.81,245.37,0.028,Danger
2026-04-02 22:30:00,29.07,49.01,60.54,129.65,1.1,2.39,208.81,251.16,0.013,Danger
2026-04-02 22:35:00,36.27,72.31,25.77,714.72,9.18,107.4,11.33,379.91,0.061,Danger
2026-04-02 22:40:00,32.5,48.08,11.59,256.15,4.48,62.84,127.45,248.24,0.084,Warning
2026-04-02 22:45:00,29.07,72.29,22.02,602.5,1.19,28.66,32.15,306.75,0.051,Warning
2026-04-02 22:50:00,29.31,60.76,8.9,814.07,0.99,33.64,154.37,233.61,0.051,Normal
2026-04-02 22:55:00,38.04,64.79,20.78,146.32,1.34,44.38,75.54,266.07,0.053,Warning
2026-04-02 23:00:00,30.21,75.37,21.69,943.42,0.98,25.44,88.45,164.46,0.079,Warning
2026-04-02 23:05:00,41.62,64.83,25.1,525.36,0.14,52.83,9.42,138.64,0.101,Warning
2026-04-02 23:10:00,29.42,61.54,32.78,163.47,0.3,22.72,182.88,290.13,0.057,Danger
2026-04-02 23:15:00,30.39,69.0,19.03,191.01,2.14,22.95,88.11,211.55,0.126,Warning
2026-04-02 23:20:00,29.8,50.96,12.32,655.81,7.02,3.58,78.24,315.35,0.009,Danger
2026-04-02 23:25:00,27.82,62.42,13.61,706.75,0.05,9.05,78.57,261.97,0.053,Warning
2026-04-02 23:30:00,32.18,73.44,22.85,636.08,2.75,22.01,127.95,308.32,0.029,Warning
2026-04-02 23:35:00,26.7,59.26,25.73,810.16,0.78,56.32,92.35,240.06,0.044,Warning
2026-04-02 23:40:00,33.73,68.26,60.52,244.33,3.55,1.17,6.93,249.13,0.054,Danger
2026-04-02 23:45:00,44.59,63.16,7.6,581.9,4.22,16.32,81.6,313.57,0.079,Warning
2026-04-02 23:50:00,27.48,63.49,0.32,161.58,2.93,30.94,38.54,170.39,0.066,Warning
2026-04-02 23:55:00,39.01,51.98,22.06,462.53,2.05,28.75,35.37,233.95,0.061,Warning
2026-04-03 00:00:00,35.2,45.45,7.62,564.14,0.75,89.25,16.46,246.7,0.067,Danger
2026-04-03 00:05:00,27.04,46.53,6.43,808.83,0.99,13.86,172.57,223.54,0.035,Normal
2026-04-03 00:10:00,30.75,72.71,62.63,748.17,5.48,0.24,22.59,254.99,0.053,Danger
2026-04-03 00:15:00,24.61,63.25,22.99,608.12,3.51,31.64,29.3,208.89,0.014,Warning
2026-04-03 00:20:00,38.92,65.13,10.5,221.36,10.81,22.93,37.12,283.27,0.068,Danger
2026-04-03 00:25:00,34.79,83.08,25.12,183.19,1.23,32.31,286.82,138.18,0.086,Warning
2026-04-03 00:30:00,30.9,73.38,12.96,247.27,4.25,46.18,177.21,248.94,0.032,Warning
2026-04-03 00:35:00,22.21,73.19,23.48,210.27,0.38,1.33,68.3,184.59,0.016,Warning
2026-04-03 00:40:00,27.94,57.61,17.54,1106.78,5.76,11.16,107.24,283.4,0.086,Danger
2026-04-03 00:45:00,25.91,75.92,4.04,99.24,4.17,71.63,338.79,154.02,0.071,Warning
2026-04-03 00:50:00,27.95,72.83,14.41,121.17,0.33,23.16,15.89,302.72,0.081,Warning
2026-04-03 00:55:00,33.0,81.19,23.32,134.93,6.09,4.21,171.04,375.9,0.064,Danger
2026-04-03 01:00:00,22.52,55.82,41.45,449.26,2.24,50.35,149.63,272.3,0.044,Danger
2026-04-03 01:05:00,28.44,73.58,26.07,422.81,5.25,14.84,5.17,189.28,0.021,Danger
2026-04-03 01:10:00,28.64,77.34,1.1,556.54,0.03,9.59,71.0,232.36,0.044,Normal
2026-04-03 01:15:00,32.7,67.23,8.97,825.26,2.63,27.94,79.08,208.58,0.057,Warning
2026-04-03 01:20:00,32.38,47.53,4.22,423.52,2.77,67.73,2.83,210.16,0.035,Warning
2026-04-03 01:25:00,25.99,61.53,30.42,183.85,3.28,48.08,23.87,223.64,0.1,Danger
2026-04-03 01:30:00,28.63,42.99,24.98,510.21,3.84,35.02,96.76,342.98,0.034,Warning
2026-04-03 01:35:00,34.47,48.68,3.1,42.11,1.18,18.15,91.41,254.95,0.022,Normal
2026-04-03 01:40:00,29.05,50.03,42.26,408.91,0.53,83.56,44.22,159.95,0.017,Danger
2026-04-03 01:45:00,29.66,69.32,29.79,1271.6,4.75,44.35,24.29,203.09,0.031,Warning
2026-04-03 01:50:00,25.46,81.85,31.85,506.96,6.05,40.5,53.07,75.76,0.029,Danger
2026-04-03 01:55:00,30.81,66.03,17.99,76.68,4.41,29.59,153.31,98.58,0.059,Warning
2026-04-03 02:00:00,24.06,61.03,25.69,527.33,0.55,20.25,73.15,342.02,0.044,Warning
2026-04-03 02:05:00,35.59,59.73,4.53,270.74,4.63,8.38,144.46,219.4,0.009,Warning
2026-04-03 02:10:00,27.15,53.21,15.68,142.88,4.78,16.36,62.24,302.47,0.079,Warning
2026-04-03 02:15:00,29.9,57.29,20.48,294.19,0.15,24.28,45.49,305.03,0.032,Warning
2026-04-03 02:20:00,29.71,76.84,21.84,481.99,0.19,5.33,5.06,206.72,0.073,Warning
2026-04-03 02:25:00,28.89,51.5,50.36,595.99,2.22,2.33,91.09,386.37,0.017,Danger
2026-04-03 02:30:00,34.88,78.99,2.43,416.75,1.11,11.86,76.34,302.77,0.083,Normal
2026-04-03 02:35:00,26.26,45.33,14.58,588.06,2.75,6.93,92.48,371.24,0.061,Warning
2026-04-03 02:40:00,28.13,60.0,11.6,991.02,1.45,19.21,31.77,337.92,0.109,Warning
2026-04-03 02:45:00,32.25,65.83,15.74,215.29,4.24,25.37,122.83,193.08,0.038,Warning
2026-04-03 02:50:00,27.94,75.22,7.42,1124.8,3.29,31.03,67.15,197.87,0.016,Warning
2026-04-03 02:55:00,38.0,72.03,25.66,549.62,2.15,0.66,164.18,165.9,0.026,Warning
2026-04-03 03:00:00,28.86,63.58,17.71,718.56,3.91,30.35,199.55,128.48,0.065,Warning
2026-04-03 03:05:00,33.13,52.6,15.06,276.22,0.02,50.14,18.55,181.49,0.032,Warning
2026-04-03 03:10:00,35.59,65.13,11.41,467.0,5.88,9.97,211.55,266.84,0.045,Danger
2026-04-03 03:15:00,42.5,54.44,7.93,130.27,4.86,87.57,246.99,347.92,0.044,Danger
2026-04-03 03:20:00,28.17,48.29,55.72,640.69,0.52,73.12,17.28,282.53,0.045,Danger
2026-04-03 03:25:00,33.19,64.36,14.02,522.67,5.15,18.83,157.51,166.36,0.049,Danger
2026-04-03 03:30:00,26.88,72.47,15.63,707.02,5.26,47.66,107.31,170.14,0.05,Danger
2026-04-03 03:35:00,27.33,61.56,7.51,206.02,3.87,6.73,99.34,142.15,0.05,Warning
2026-04-03 03:40:00,39.5,75.23,47.87,617.34,5.5,8.96,15.57,30.87,0.086,Danger
2026-04-03 03:45:00,37.7,59.47,9.92,273.84,3.15,65.0,94.28,282.76,0.042,Warning
2026-04-03 03:50:00,30.57,69.59,11.24,468.92,1.36,58.81,121.88,267.65,0.012,Warning
2026-04-03 03:55:00,28.11,73.99,15.75,697.86,7.3,61.54,89.32,209.12,0.027,Danger
2026-04-03 04:00:00,29.16,61.74,22.81,453.83,1.04,51.18,14.0,288.13,0.101,Warning
2026-04-03 04:05:00,29.51,68.28,34.05,256.73,3.1,9.62,166.48,262.11,0.059,Danger
2026-04-03 04:10:00,26.09,72.07,56.69,197.63,0.98,29.26,158.64,205.24,0.035,Danger
2026-04-03 04:15:00,36.8,72.61,19.86,317.73,6.7,77.91,173.86,235.91,0.052,Danger
2026-04-03 04:20:00,29.35,76.28,2.52,258.26,5.03,18.23,217.85,196.28,0.048,Danger
2026-04-03 04:25:00,25.39,65.07,14.57,353.71,2.31,47.76,151.66,111.58,0.09,Warning
2026-04-03 04:30:00,42.49,65.46,2.18,1347.3,1.96,20.8,97.96,357.61,0.061,Warning
2026-04-03 04:35:00,27.51,55.49,8.16,197.92,2.14,2.57,69.4,350.41,0.035,Warning
2026-04-03 04:40:00,23.66,63.32,16.37,23.94,2.99,21.89,251.1,291.92,0.038,Warning
2026-04-03 04:45:00,26.27,63.95,27.26,492.35,1.35,22.33,19.61,222.54,0.013,Warning
2026-04-03 04:50:00,34.87,67.99,0.47,1069.62,2.26,21.45,165.67,281.84,0.062,Warning
2026-04-03 04:55:00,27.87,69.5,9.76,666.78,3.71,2.65,252.22,188.63,0.032,Warning
2026-04-03 05:00:00,27.76,52.85,29.17,430.82,2.41,17.9,65.51,253.44,0.081,Warning
2026-04-03 05:05:00,29.05,59.26,9.38,673.8,6.24,5.13,89.89,277.07,0.02,Danger
2026-04-03 05:10:00,30.1,50.34,20.38,610.02,0.85,28.09,78.21,171.89,0.049,Warning
2026-04-03 05:15:00,23.83,78.91,12.12,441.26,1.13,42.82,46.86,208.51,0.076,Warning
2026-04-03 05:20:00,30.15,70.17,4.63,78.55,2.32,7.25,142.64,243.61,0.056,Warning
2026-04-03 05:25:00,21.88,83.88,11.72,709.28,0.51,32.32,50.28,286.17,0.039,Warning
2026-04-03 05:30:00,30.15,71.98,9.65,294.65,3.37,103.93,66.19,297.29,0.047,Danger
2026-04-03 05:35:00,39.71,47.53,16.89,12.34,5.52,31.9,93.95,227.21,0.047,Danger
2026-04-03 05:40:00,45.49,62.42,25.2,305.19,2.89,10.47,38.95,395.51,0.085,Danger
2026-04-03 05:45:00,30.68,41.96,7.78,1310.91,1.31,64.13,224.19,267.52,0.025,Normal
2026-04-03 05:50:00,17.82,71.84,1.3,552.85,1.75,9.39,83.37,271.49,0.017,Normal
2026-04-03 05:55:00,35.98,59.03,18.49,467.29,2.1,26.42,216.21,231.08,0.046,Warning
2026-04-03 06:00:00,24.48,73.21,18.69,373.99,3.71,77.78,42.77,202.7,0.061,Warning
2026-04-03 06:05:00,24.02,50.06,27.48,716.3,0.36,137.09,19.44,176.28,0.033,Danger
2026-04-03 06:10:00,31.22,60.3,27.25,206.42,2.14,51.93,142.36,208.55,0.041,Warning
2026-04-03 06:15:00,26.84,77.43,39.56,399.56,3.38,2.67,20.02,197.43,0.029,Danger
2026-04-03 06:20:00,26.73,61.13,2.29,562.5,3.08,16.43,207.11,171.6,0.001,Warning
2026-04-03 06:25:00,31.9,56.83,21.43,221.1,6.18,46.89,70.05,131.7,0.1,Danger
2026-04-03 06:30:00,26.31,56.66,30.32,394.77,1.32,48.62,59.91,128.38,0.064,Danger
2026-04-03 06:35:00,35.03,49.29,36.63,511.26,5.28,17.19,172.23,237.84,0.082,Danger
2026-04-03 06:40:00,25.53,61.12,11.48,369.85,7.01,16.06,130.57,243.06,0.088,Danger
2026-04-03 06:45:00,32.03,62.65,2.87,739.36,3.62,45.84,29.9,350.18,0.055,Warning
2026-04-03 06:50:00,33.22,65.82,20.05,241.78,4.02,26.67,198.1,282.26,0.021,Warning
2026-04-03 06:55:00,26.02,66.03,31.28,1002.03,3.33,69.08,78.06,349.57,0.117,Danger
2026-04-03 07:00:00,23.4,72.71,15.02,36.67,3.48,53.34,19.89,343.27,0.0,Warning
2026-04-03 07:05:00,22.53,66.37,15.51,285.03,4.43,41.24,165.81,240.15,0.068,Warning
2026-04-03 07:10:00,27.77,85.54,1.25,1131.59,2.1,35.02,216.81,260.07,0.076,Warning
2026-04-03 07:15:00,36.12,68.38,3.16,792.71,2.0,47.43,135.37,285.76,0.031,Warning
2026-04-03 07:20:00,38.27,71.23,19.8,645.89,1.0,84.93,279.14,281.43,0.098,Danger
2026-04-03 07:25:00,27.15,57.03,15.82,630.48,0.82,41.51,110.64,170.14,0.066,Warning
2026-04-03 07:30:00,34.32,66.71,38.05,134.78,3.4,26.81,31.41,199.53,0.022,Danger
2026-04-03 07:35:00,27.26,62.86,31.74,403.65,2.76,65.6,3.71,245.3,0.063,Danger
2026-04-03 07:40:00,31.0,75.94,24.58,241.61,8.54,27.77,65.27,327.11,0.057,Danger
2026-04-03 07:45:00,32.0,89.92,9.5,404.67,2.35,62.86,70.65,92.76,0.032,Warning
2026-04-03 07:50:00,21.83,60.75,25.05,232.78,2.28,22.77,166.25,114.4,0.075,Warning
2026-04-03 07:55:00,34.09,74.54,39.37,1160.6,0.93,24.38,38.36,250.16,0.096,Danger
2026-04-03 08:00:00,23.27,56.39,42.54,806.01,0.91,54.18,114.12,370.02,0.052,Danger
2026-04-03 08:05:00,35.13,91.42,26.96,514.8,4.17,5.39,318.8,264.41,0.042,Warning
2026-04-03 08:10:00,25.82,75.97,32.34,350.79,3.73,40.34,98.5,286.22,0.101,Danger
2026-04-03 08:15:00,26.15,52.22,2.91,99.03,6.01,81.95,112.02,347.7,0.054,Danger
2026-04-03 08:20:00,29.52,61.67,8.79,35.66,2.79,18.39,154.54,257.48,0.045,Warning
2026-04-03 08:25:00,25.64,65.72,29.76,157.0,2.26,29.32,8.19,202.97,0.057,Warning
2026-04-03 08:30:00,24.33,68.5,2.91,818.86,9.01,14.43,133.42,191.86,0.081,Danger
2026-04-03 08:35:00,23.67,69.81,2.46,437.9,1.09,52.89,3.7,294.16,0.04,Normal
2026-04-03 08:40:00,29.43,66.48,0.24,563.11,6.59,11.12,197.18,369.85,0.026,Danger
2026-04-03 08:45:00,22.72,68.02,4.05,1060.58,2.1,12.09,34.72,337.19,0.033,Warning
2026-04-03 08:50:00,30.22,74.56,5.31,486.22,1.95,47.33,139.07,232.39,0.052,Normal
2026-04-03 08:55:00,28.14,50.22,20.15,1067.66,0.65,10.92,7.07,307.97,0.063,Warning
2026-04-03 09:00:00,29.21,55.82,16.85,30.61,2.43,54.86,45.12,127.4,0.097,Warning
2026-04-03 09:05:00,26.94,76.36,11.92,451.41,3.32,15.36,93.25,219.48,0.01,Warning
2026-04-03 09:10:00,31.69,62.37,11.86,136.95,6.77,55.07,176.42,225.56,0.002,Danger
2026-04-03 09:15:00,39.76,64.39,0.02,625.04,5.5,19.08,207.86,336.64,0.018,Danger
2026-04-03 09:20:00,26.63,74.58,39.25,455.16,2.29,0.94,50.12,221.34,0.033,Danger
2026-04-03 09:25:00,24.51,87.92,52.35,151.38,6.75,4.02,92.92,244.94,0.03,Danger
2026-04-03 09:30:00,34.92,66.26,5.47,108.62,0.68,45.66,81.22,154.27,0.042,Normal
2026-04-03 09:35:00,36.85,76.99,14.35,473.87,7.64,40.83,47.22,135.92,0.062,Danger
2026-04-03 09:40:00,34.15,58.68,20.82,390.93,1.45,79.51,57.82,327.55,0.031,Warning
2026-04-03 09:45:00,30.26,57.44,22.21,435.04,0.82,73.3,172.89,201.61,0.065,Warning
2026-04-03 09:50:00,32.69,71.42,18.89,801.98,0.29,5.69,343.79,274.15,0.038,Warning
2026-04-03 09:55:00,18.97,78.9,11.9,198.97,1.01,76.66,157.32,237.37,0.059,Warning
2026-04-03 10:00:00,27.0,66.4,16.47,790.63,4.9,39.76,43.77,309.35,0.047,Warning
2026-04-03 10:05:00,24.59,60.97,16.69,773.06,1.45,28.37,85.67,259.08,0.056,Warning
2026-04-03 10:10:00,34.6,75.19,3.12,315.16,1.12,47.95,224.88,224.79,0.043,Normal
2026-04-03 10:15:00,37.33,70.06,23.72,142.73,4.04,17.17,33.4,222.26,0.032,Warning
2026-04-03 10:20:00,28.89,50.59,34.18,838.31,3.84,59.14,1.05,318.56,0.048,Danger
2026-04-03 10:25:00,30.14,63.15,39.24,128.12,3.82,64.05,151.63,435.98,0.034,Danger
2026-04-03 10:30:00,34.79,63.94,39.67,497.69,0.84,72.24,30.84,136.98,0.034,Danger
2026-04-03 10:35:00,33.1,78.92,17.22,895.46,2.07,2.27,51.14,240.84,0.053,Warning
2026-04-03 10:40:00,33.45,60.55,17.78,486.46,0.78,15.45,65.63,236.79,0.051,Warning
2026-04-03 10:45:00,30.38,60.68,40.45,149.16,0.16,131.2,23.8,141.7,0.072,Danger
2026-04-03 10:50:00,19.61,62.65,57.92,36.52,3.95,39.97,169.84,339.98,0.035,Danger
2026-04-03 10:55:00,33.42,78.9,50.75,426.1,4.9,12.84,37.32,229.28,0.044,Danger
2026-04-03 11:00:00,35.59,77.74,11.57,829.55,3.07,22.58,170.65,255.78,0.112,Warning
2026-04-03 11:05:00,22.81,59.85,12.47,631.84,5.8,19.02,62.22,317.4,0.073,Danger
2026-04-03 11:10:00,20.29,64.96,16.8,300.6,0.71,52.37,91.68,147.15,0.076,Warning
2026-04-03 11:15:00,22.83,68.3,1.28,390.3,3.51,40.86,213.7,243.42,0.059,Warning
2026-04-03 11:20:00,27.81,66.82,23.79,470.51,3.41,33.26,116.46,195.59,0.011,Warning
2026-04-03 11:25:00,37.38,69.91,10.42,158.89,0.47,72.1,93.77,205.95,0.065,Warning
2026-04-03 11:30:00,25.93,80.01,42.06,360.03,0.11,84.73,68.16,142.84,0.054,Danger
2026-04-03 11:35:00,28.37,51.55,9.38,651.6,3.58,55.99,67.17,139.33,0.077,Warning
2026-04-03 11:40:00,33.92,56.02,0.32,361.62,4.76,33.44,52.72,327.61,0.017,Warning
2026-04-03 11:45:00,26.9,49.93,5.09,145.41,4.99,7.93,92.42,219.54,0.012,Warning
2026-04-03 11:50:00,29.16,70.99,9.16,742.73,0.55,0.68,133.07,196.93,0.051,Normal
2026-04-03 11:55:00,28.43,66.29,32.61,48.9,3.85,61.49,11.05,230.48,0.059,Danger
2026-04-03 12:00:00,33.47,44.72,2.72,400.23,4.11,119.94,57.2,137.44,0.062,Danger
2026-04-03 12:05:00,36.6,66.08,3.13,787.4,3.99,21.04,118.14,329.78,0.085,Warning
2026-04-03 12:10:00,29.67,61.42,39.55,136.95,3.32,34.8,186.54,229.36,0.088,Danger
2026-04-03 12:15:00,32.46,52.77,43.49,965.37,4.65,10.46,49.4,261.63,0.029,Danger
2026-04-03 12:20:00,38.46,66.44,39.07,601.81,0.96,17.0,43.14,314.56,0.084,Danger
2026-04-03 12:25:00,31.42,61.61,14.17,505.88,0.41,43.16,126.0,373.24,0.088,Warning
2026-04-03 12:30:00,26.57,73.2,4.02,708.78,0.45,20.93,108.0,36.03,0.003,Normal
2026-04-03 12:35:00,29.11,65.82,7.61,26.17,0.45,35.65,138.18,248.7,0.085,Normal
2026-04-03 12:40:00,31.99,57.53,9.39,79.14,1.68,64.48,148.53,362.16,0.041,Normal
2026-04-03 12:45:00,36.73,63.07,44.43,493.44,4.12,79.0,60.66,267.47,0.089,Danger
2026-04-03 12:50:00,29.33,51.79,57.86,359.07,2.48,66.24,19.15,169.37,0.058,Danger
2026-04-03 12:55:00,21.03,62.12,19.9,419.01,2.63,83.77,90.35,364.49,0.042,Danger
2026-04-03 13:00:00,25.6,67.69,10.68,146.67,6.41,4.89,104.03,356.25,0.035,Danger
2026-04-03 13:05:00,26.96,47.35,49.82,113.16,2.18,56.5,122.17,245.23,0.001,Danger
2026-04-03 13:10:00,25.95,66.88,0.74,561.01,4.05,58.5,42.62,425.73,0.073,Warning
2026-04-03 13:15:00,29.99,75.9,62.31,68.38,1.32,75.14,99.27,279.23,0.049,Danger
2026-04-03 13:20:00,26.73,44.5,22.47,936.63,0.23,37.6,76.81,286.58,0.038,Warning
2026-04-03 13:25:00,26.19,57.4,7.13,614.73,1.94,4.12,75.85,162.08,0.104,Normal
2026-04-03 13:30:00,25.73,58.31,4.57,1039.54,3.66,17.46,190.62,266.06,0.058,Warning
2026-04-03 13:35:00,28.28,57.51,21.76,336.47,7.45,30.77,233.62,241.09,0.059,Danger
2026-04-03 13:40:00,34.17,58.7,32.28,312.26,0.16,16.96,45.35,232.8,0.062,Danger
2026-04-03 13:45:00,33.51,67.41,1.69,610.7,2.37,57.44,157.69,252.44,0.023,Warning
2026-04-03 13:50:00,26.74,59.5,8.69,580.42,4.15,17.96,81.61,261.46,0.035,Warning
2026-04-03 13:55:00,25.37,47.45,1.1,641.94,0.11,10.49,126.64,291.66,0.018,Normal
2026-04-03 14:00:00,34.99,76.27,7.6,252.85,5.57,14.13,141.98,138.03,0.043,Danger
2026-04-03 14:05:00,24.18,60.87,15.65,938.68,1.13,62.9,222.88,364.74,0.059,Warning
2026-04-03 14:10:00,20.18,69.61,35.97,475.68,7.23,54.39,136.83,336.91,0.06,Danger
2026-04-03 14:15:00,17.54,60.01,38.94,257.72,1.33,21.79,258.39,384.52,0.023,Danger
2026-04-03 14:20:00,30.74,58.2,27.3,652.9,4.44,33.28,373.54,167.77,0.001,Warning
2026-04-03 14:25:00,28.03,49.32,14.85,199.61,0.77,18.18,131.82,209.5,0.045,Warning
2026-04-03 14:30:00,34.47,57.34,9.71,609.73,3.82,75.4,114.61,289.36,0.112,Warning
2026-04-03 14:35:00,30.79,73.2,11.09,589.17,7.0,64.96,121.36,420.85,0.058,Danger
2026-04-03 14:40:00,38.25,58.71,14.36,510.06,4.65,26.73,29.69,315.77,0.076,Warning
2026-04-03 14:45:00,31.62,73.24,11.72,860.58,2.03,22.31,53.44,304.76,0.037,Warning
2026-04-03 14:50:00,34.88,53.68,6.98,706.23,1.73,1.84,169.01,201.42,0.044,Normal
2026-04-03 14:55:00,37.0,80.39,46.45,415.36,5.69,17.96,10.69,61.96,0.1,Danger
2026-04-03 15:00:00,25.68,63.73,3.21,708.55,0.87,32.19,124.17,135.3,0.025,Normal
2026-04-03 15:05:00,19.47,50.76,18.57,89.36,2.44,19.91,25.64,409.36,0.105,Warning
2026-04-03 15:10:00,25.66,70.57,29.99,320.76,2.49,19.51,62.72,215.14,0.063,Warning
2026-04-03 15:15:00,26.25,53.48,17.18,615.79,1.53,57.12,97.05,203.75,0.042,Warning
2026-04-03 15:20:00,26.82,59.35,52.42,244.73,9.32,37.49,89.21,288.1,0.126,Danger
2026-04-03 15:25:00,25.03,53.8,0.1,509.64,3.18,20.89,249.35,262.11,0.041,Warning
2026-04-03 15:30:00,26.91,73.99,1.52,1053.92,7.8,30.27,78.85,332.45,0.083,Danger
2026-04-03 15:35:00,25.97,59.73,11.45,622.72,4.0,34.0,34.48,142.22,0.023,Warning
2026-04-03 15:40:00,32.76,57.67,8.98,11.81,2.56,18.23,7.1,234.88,0.055,Warning
2026-04-03 15:45:00,25.93,50.24,51.11,310.02,1.71,60.43,432.91,150.44,0.063,Danger
2026-04-03 15:50:00,26.46,59.61,0.6,162.3,1.88,38.98,174.68,254.4,0.063,Normal
2026-04-03 15:55:00,27.67,61.33,20.75,150.78,0.93,14.38,9.06,81.21,0.09,Warning
2026-04-03 16:00:00,26.57,76.63,36.38,114.2,1.27,122.42,255.09,247.48,0.058,Danger
2026-04-03 16:05:00,26.85,69.32,0.66,109.71,1.96,20.84,33.11,244.62,0.018,Normal
2026-04-03 16:10:00,26.09,73.53,19.95,497.1,4.64,39.22,224.66,213.21,0.037,Warning
2026-04-03 16:15:00,23.49,60.71,34.3,890.0,4.88,51.77,188.31,102.92,0.077,Danger
2026-04-03 16:20:00,28.16,72.03,11.65,851.35,2.39,6.74,19.81,109.66,0.053,Warning
2026-04-03 16:25:00,39.03,91.67,16.94,835.0,2.7,39.96,45.79,265.61,0.066,Warning
2026-04-03 16:30:00,27.11,64.23,13.83,747.92,1.2,17.94,271.2,343.12,0.09,Warning
2026-04-03 16:35:00,30.12,68.21,35.04,968.08,3.85,32.62,210.94,227.85,0.03,Danger
2026-04-03 16:40:00,23.73,59.45,13.05,1127.33,1.93,17.68,138.81,326.99,0.078,Warning
2026-04-03 16:45:00,35.37,58.69,9.04,730.71,0.42,19.8,119.88,312.81,0.003,Warning
2026-04-03 16:50:00,33.57,62.66,29.15,733.08,6.82,74.14,214.66,365.49,0.059,Danger
2026-04-03 16:55:00,30.16,73.73,29.64,407.28,3.21,18.6,5.39,353.24,0.052,Warning
2026-04-03 17:00:00,40.24,48.75,3.86,509.79,5.41,35.98,111.05,159.82,0.015,Danger
2026-04-03 17:05:00,31.61,51.36,4.36,650.28,0.95,84.21,202.39,124.29,0.022,Danger
2026-04-03 17:10:00,18.57,57.17,30.33,375.83,3.38,40.89,159.8,205.59,0.05,Danger
2026-04-03 17:15:00,29.54,52.28,8.06,790.34,3.2,62.0,112.47,261.44,0.002,Warning
2026-04-03 17:20:00,28.65,64.73,54.06,706.09,6.61,43.9,8.87,259.37,0.057,Danger
2026-04-03 17:25:00,25.3,61.16,10.88,981.69,4.24,68.23,13.68,140.23,0.085,Warning
2026-04-03 17:30:00,33.66,77.55,31.01,1117.95,3.68,13.74,114.29,349.48,0.027,Danger
2026-04-03 17:35:00,26.74,61.91,27.09,541.42,3.66,22.12,166.53,211.85,0.1,Warning
2026-04-03 17:40:00,22.7,76.91,28.5,14.81,10.13,17.45,7.75,137.43,0.043,Danger
2026-04-03 17:45:00,29.36,66.03,9.04,689.97,0.84,57.4,65.06,60.6,0.061,Normal
2026-04-03 17:50:00,25.1,66.63,41.28,215.38,5.18,2.66,255.32,220.79,0.025,Danger
2026-04-03 17:55:00,33.44,60.64,1.83,356.65,1.87,73.69,113.41,251.85,0.069,Normal
2026-04-03 18:00:00,30.97,78.1,13.51,444.63,3.78,23.97,40.96,291.29,0.03,Warning
2026-04-03 18:05:00,26.94,59.72,42.06,466.3,3.19,21.37,88.09,274.78,0.064,Danger
2026-04-03 18:10:00,32.95,38.48,42.33,278.68,4.06,49.64,7.67,302.84,0.038,Danger
2026-04-03 18:15:00,19.64,76.68,0.5,243.65,0.79,30.89,74.27,293.85,0.01,Normal
2026-04-03 18:20:00,26.29,63.84,52.96,465.86,5.26,21.54,31.63,230.26,0.045,Danger
2026-04-03 18:25:00,33.02,78.75,22.19,856.12,0.89,3.41,7.57,275.16,0.039,Warning
2026-04-03 18:30:00,33.65,55.69,15.86,706.06,4.2,104.87,51.68,88.0,0.055,Danger
2026-04-03 18:35:00,30.17,64.18,34.82,724.23,2.89,38.01,69.56,392.04,0.006,Danger
2026-04-03 18:40:00,30.7,65.65,31.27,246.84,3.23,26.27,108.12,369.17,0.012,Danger
2026-04-03 18:45:00,35.77,88.67,7.44,112.72,0.78,20.56,136.38,202.69,0.097,Warning
2026-04-03 18:50:00,24.43,47.61,37.13,182.39,1.39,144.71,78.8,160.34,0.048,Danger
2026-04-03 18:55:00,29.75,66.61,28.25,188.27,7.06,29.8,152.68,199.75,0.089,Danger
2026-04-03 19:00:00,28.71,67.78,3.66,200.92,4.06,2.26,5.38,198.55,0.071,Warning
2026-04-03 19:05:00,26.85,63.82,15.3,75.2,2.41,33.45,6.3,334.54,0.079,Warning
2026-04-03 19:10:00,33.6,83.2,13.34,694.66,0.25,118.09,278.36,250.95,0.062,Danger
2026-04-03 19:15:00,36.8,63.53,1.87,762.2,2.24,27.32,3.43,112.59,0.057,Warning
2026-04-03 19:20:00,34.52,62.74,43.73,288.83,1.16,17.31,71.74,311.6,0.027,Danger
2026-04-03 19:25:00,36.84,84.67,14.22,874.91,1.17,63.01,184.73,319.07,0.05,Warning
2026-04-03 19:30:00,15.23,58.58,2.48,206.52,2.37,3.24,2.46,165.3,0.029,Warning
2026-04-03 19:35:00,35.61,58.39,4.7,362.99,3.02,38.25,224.47,331.73,0.093,Warning
2026-04-03 19:40:00,24.75,55.28,5.99,273.2,2.67,57.86,31.79,373.14,0.022,Warning
2026-04-03 19:45:00,36.22,68.55,21.19,690.6,1.65,1.78,104.5,287.97,0.071,Warning
2026-04-03 19:50:00,35.89,69.08,12.51,357.91,10.83,48.98,316.93,361.63,0.057,Danger
2026-04-03 19:55:00,31.51,64.63,19.76,505.41,5.63,3.99,121.2,318.13,0.023,Danger
2026-04-03 20:00:00,27.74,54.82,1.44,113.72,0.7,76.78,11.55,260.12,0.035,Normal
2026-04-03 20:05:00,35.89,78.11,32.28,591.84,1.31,27.67,274.35,189.23,0.07,Danger
2026-04-03 20:10:00,35.3,59.45,35.76,729.26,7.18,1.23,48.59,209.56,0.056,Danger
2026-04-03 20:15:00,30.29,61.07,23.18,641.14,7.92,38.57,140.91,295.8,0.062,Danger
2026-04-03 20:20:00,34.66,68.95,8.75,261.2,1.25,32.57,48.39,275.15,0.063,Normal
2026-04-03 20:25:00,34.17,77.83,16.56,107.67,0.96,21.76,103.58,361.09,0.054,Warning
2026-04-03 20:30:00,31.91,78.66,2.4,672.21,1.67,12.64,2.78,383.25,0.039,Normal
2026-04-03 20:35:00,33.5,46.25,38.6,815.66,2.29,10.92,120.0,433.1,0.003,Danger
2026-04-03 20:40:00,33.91,55.88,14.6,425.64,0.72,19.58,33.42,332.33,0.004,Warning
2026-04-03 20:45:00,32.7,61.73,8.42,560.72,2.67,21.59,62.29,286.9,0.022,Warning
2026-04-03 20:50:00,27.75,67.94,0.45,482.61,2.54,45.24,256.49,473.38,0.053,Warning
2026-04-03 20:55:00,33.94,47.19,45.05,732.87,0.55,69.49,54.55,213.36,0.064,Danger
2026-04-03 21:00:00,24.68,75.22,6.12,184.98,0.73,50.38,18.32,142.16,0.032,Normal
2026-04-03 21:05:00,29.84,53.19,8.03,1133.39,0.58,7.08,43.28,216.29,0.069,Normal
2026-04-03 21:10:00,34.74,61.94,9.73,882.33,1.71,89.21,144.56,265.63,0.108,Danger
2026-04-03 21:15:00,28.23,62.75,20.91,332.36,1.06,6.49,17.26,348.31,0.064,Warning
2026-04-03 21:20:00,31.25,73.09,9.71,267.74,0.19,20.07,25.92,209.98,0.035,Normal
2026-04-03 21:25:00,40.62,37.26,11.41,1017.71,2.37,50.14,89.98,196.61,0.017,Warning
2026-04-03 21:30:00,31.03,57.24,1.01,350.3,7.23,116.19,101.72,212.82,0.015,Danger
2026-04-03 21:35:00,32.34,82.83,10.05,213.7,4.01,59.42,78.58,264.12,0.064,Warning
2026-04-03 21:40:00,29.63,57.09,35.32,378.99,2.46,61.98,206.08,299.33,0.053,Danger
2026-04-03 21:45:00,27.8,59.71,6.51,370.56,4.36,9.44,48.91,298.79,0.049,Warning
2026-04-03 21:50:00,33.97,78.49,36.16,641.15,2.04,19.23,153.99,384.38,0.06,Danger
2026-04-03 21:55:00,39.59,49.74,8.08,756.56,2.79,72.55,78.45,180.56,0.044,Warning
2026-04-03 22:00:00,22.34,53.71,34.45,761.84,3.09,48.84,44.16,152.0,0.085,Danger
2026-04-03 22:05:00,27.08,54.14,15.6,307.95,6.45,9.39,59.92,77.77,0.049,Danger
2026-04-03 22:10:00,27.19,50.71,38.78,700.17,1.92,74.57,146.25,184.17,0.019,Danger
2026-04-03 22:15:00,34.09,68.96,18.39,246.05,3.82,10.22,69.8,365.76,0.03,Warning
2026-04-03 22:20:00,22.14,54.47,34.89,576.42,1.61,0.36,128.54,182.07,0.059,Danger
2026-04-03 22:25:00,26.34,56.02,2.25,387.38,1.85,29.42,288.84,185.39,0.038,Normal
2026-04-03 22:30:00,37.53,54.2,18.26,948.51,1.94,35.76,0.23,209.63,0.026,Warning
2026-04-03 22:35:00,26.34,92.22,31.89,830.52,3.48,44.25,119.5,335.83,0.024,Danger
2026-04-03 22:40:00,34.83,72.04,52.04,374.67,1.29,5.53,223.56,103.73,0.012,Danger
2026-04-03 22:45:00,30.45,60.57,15.15,783.59,0.34,54.92,284.45,170.22,0.018,Warning
2026-04-03 22:50:00,35.52,61.16,13.73,644.84,5.25,6.66,232.0,79.14,0.073,Danger
2026-04-03 22:55:00,25.8,78.72,17.84,298.13,3.99,55.73,144.19,167.62,0.035,Warning
2026-04-03 23:00:00,29.98,64.59,29.99,104.47,3.0,8.4,3.85,190.6,0.044,Warning
2026-04-03 23:05:00,11.99,57.99,2.52,659.83,0.42,11.4,234.23,329.55,0.077,Normal
2026-04-03 23:10:00,27.5,70.43,10.32,441.17,3.23,3.88,229.3,237.19,0.069,Warning
2026-04-03 23:15:00,37.28,75.32,13.18,633.47,4.55,55.67,31.33,197.44,0.08,Warning
2026-04-03 23:20:00,26.19,62.0,46.52,485.66,0.18,15.1,113.27,143.35,0.043,Danger
2026-04-03 23:25:00,31.67,77.99,28.35,285.78,5.54,8.02,43.57,236.24,0.093,Danger
2026-04-03 23:30:00,30.83,65.13,47.74,70.59,1.86,44.63,117.26,263.32,0.096,Danger
2026-04-03 23:35:00,31.22,60.96,15.04,535.31,3.02,128.41,131.99,266.8,0.068,Danger
2026-04-03 23:40:00,33.55,63.59,2.38,679.84,3.16,12.4,221.9,273.47,0.072,Warning
2026-04-03 23:45:00,36.96,65.22,21.34,743.01,0.17,22.16,92.55,173.52,0.12,Warning
2026-04-03 23:50:00,22.96,52.02,41.28,713.98,1.08,44.29,226.79,247.58,0.128,Danger
2026-04-03 23:55:00,21.38,71.94,38.33,767.4,1.39,8.38,124.41,315.26,0.068,Danger
2026-04-04 00:00:00,35.2,54.81,10.44,218.0,0.84,60.61,90.8,458.55,0.056,Warning
2026-04-04 00:05:00,30.3,66.06,2.24,482.65,5.38,24.56,0.65,175.99,0.036,Danger
2026-04-04 00:10:00,30.37,76.94,11.81,404.05,2.43,53.35,3.36,195.61,0.026,Warning
2026-04-04 00:15:00,30.96,63.39,3.89,628.39,7.17,85.57,112.28,296.17,0.045,Danger
2026-04-04 00:20:00,30.78,61.02,17.35,545.42,0.26,15.85,35.13,268.74,0.068,Warning
2026-04-04 00:25:00,34.27,60.06,20.68,788.75,5.5,17.65,57.91,265.29,0.016,Danger
2026-04-04 00:30:00,29.03,72.45,27.84,418.92,2.65,12.99,150.35,243.77,0.042,Warning
2026-04-04 00:35:00,28.19,64.37,6.04,697.44,0.81,83.72,226.52,178.68,0.052,Danger
2026-04-04 00:40:00,26.75,61.73,55.05,407.73,3.08,41.65,20.06,181.59,0.014,Danger
2026-04-04 00:45:00,25.57,36.5,25.89,1116.26,2.44,36.65,15.72,213.29,0.019,Warning
2026-04-04 00:50:00,34.3,73.1,8.11,717.52,6.58,96.1,366.52,177.84,0.135,Danger
2026-04-04 00:55:00,28.23,59.08,21.54,325.38,3.2,32.8,56.12,352.85,0.048,Warning
2026-04-04 01:00:00,30.71,69.75,38.41,3.43,3.75,9.27,96.66,334.8,0.014,Danger
2026-04-04 01:05:00,24.94,45.65,4.02,899.13,1.64,33.6,31.43,130.97,0.016,Normal
2026-04-04 01:10:00,31.94,53.26,37.25,478.66,2.26,8.87,157.28,312.65,0.06,Danger
2026-04-04 01:15:00,32.82,62.88,25.84,398.64,2.01,9.01,34.28,194.87,0.064,Warning
2026-04-04 01:20:00,36.55,76.71,10.13,886.76,1.05,44.03,10.62,261.36,0.059,Warning
2026-04-04 01:25:00,22.58,71.08,41.92,447.61,6.08,12.41,164.96,72.51,0.123,Danger
2026-04-04 01:30:00,37.48,62.15,24.44,586.41,2.33,37.79,121.16,174.69,0.084,Warning
2026-04-04 01:35:00,34.03,74.76,15.18,75.34,4.93,9.19,58.98,358.16,0.113,Warning
2026-04-04 01:40:00,29.79,86.59,16.83,385.86,0.11,85.48,1.99,308.82,0.033,Danger
2026-04-04 01:45:00,27.7,75.3,7.4,378.56,5.4,83.9,144.47,197.62,0.035,Danger
2026-04-04 01:50:00,30.4,68.21,4.76,716.91,2.26,48.63,12.89,209.67,0.048,Warning
2026-04-04 01:55:00,39.45,67.38,1.82,566.19,0.94,32.99,138.06,346.74,0.049,Warning
2026-04-04 02:00:00,38.19,74.08,0.85,1162.96,2.98,13.4,245.29,416.22,0.049,Warning
2026-04-04 02:05:00,27.48,63.28,29.29,883.36,3.71,24.07,229.8,224.97,0.081,Warning
2026-04-04 02:10:00,28.56,69.31,12.73,483.24,0.87,73.79,6.71,190.78,0.114,Warning
2026-04-04 02:15:00,34.89,41.15,3.69,43.6,0.85,105.54,66.3,158.64,0.052,Danger
2026-04-04 02:20:00,21.87,65.83,6.7,950.59,6.23,51.41,47.34,408.83,0.003,Danger
2026-04-04 02:25:00,22.98,64.16,60.08,439.3,1.45,37.68,174.59,326.25,0.074,Danger
2026-04-04 02:30:00,26.85,57.93,10.86,525.16,1.24,27.1,37.63,210.87,0.034,Warning
2026-04-04 02:35:00,32.33,65.79,9.24,554.9,0.97,24.21,95.06,129.76,0.08,Normal
2026-04-04 02:40:00,25.59,65.9,38.29,777.7,2.1,5.5,174.75,303.98,0.031,Danger
2026-04-04 02:45:00,26.03,44.28,18.08,475.19,5.41,34.36,213.42,194.21,0.084,Danger
2026-04-04 02:50:00,27.36,72.78,14.18,570.54,3.95,9.31,124.04,208.32,0.018,Warning
2026-04-04 02:55:00,34.23,63.97,5.21,512.57,9.91,66.14,196.26,284.84,0.055,Danger
2026-04-04 03:00:00,18.02,58.21,5.39,62.47,1.47,59.23,76.17,315.5,0.083,Normal
2026-04-04 03:05:00,32.07,55.37,23.64,27.06,1.81,15.55,64.03,168.87,0.06,Warning
2026-04-04 03:10:00,28.84,65.11,37.81,145.93,3.26,19.44,46.65,320.82,0.076,Danger
2026-04-04 03:15:00,25.27,63.18,20.62,418.1,3.76,31.25,263.26,127.58,0.046,Warning
2026-04-04 03:20:00,25.46,71.04,17.34,603.89,0.11,9.37,64.65,212.79,0.083,Warning
2026-04-04 03:25:00,29.87,71.28,48.29,579.13,0.32,38.69,25.57,209.65,0.004,Danger
2026-04-04 03:30:00,34.63,61.14,18.64,189.21,3.31,10.48,65.83,320.23,0.074,Warning
2026-04-04 03:35:00,29.89,47.32,74.86,1023.76,4.17,10.13,68.64,206.53,0.088,Danger
2026-04-04 03:40:00,31.31,57.16,5.58,836.36,6.8,81.13,155.7,229.79,0.047,Danger
2026-04-04 03:45:00,31.49,64.98,17.8,516.17,1.98,42.3,143.22,304.59,0.078,Warning
2026-04-04 03:50:00,33.02,60.9,13.58,527.34,2.32,59.93,144.37,416.19,0.116,Warning
2026-04-04 03:55:00,30.4,26.63,39.74,337.89,0.4,4.06,35.34,298.98,0.003,Danger
2026-04-04 04:00:00,24.61,68.43,27.46,692.46,0.36,19.13,29.34,269.19,0.095,Warning
2026-04-04 04:05:00,19.76,62.79,11.65,4.33,4.9,41.78,124.94,323.68,0.036,Warning
2026-04-04 04:10:00,27.84,86.86,10.07,720.54,2.02,53.93,124.46,203.68,0.082,Warning
2026-04-04 04:15:00,33.94,74.14,4.74,984.76,0.89,28.51,78.96,236.09,0.09,Normal
2026-04-04 04:20:00,26.47,51.5,15.4,380.05,12.13,47.06,39.07,165.51,0.006,Danger
2026-04-04 04:25:00,24.87,66.15,43.55,836.51,2.69,7.07,106.88,208.51,0.102,Danger
2026-04-04 04:30:00,29.05,64.14,29.32,441.37,4.51,22.71,4.93,313.42,0.006,Warning
2026-04-04 04:35:00,35.29,59.68,7.23,162.84,3.13,118.39,158.15,180.86,0.084,Danger
2026-04-04 04:40:00,28.42,78.74,31.13,382.94,1.01,57.78,95.17,168.1,0.031,Danger
2026-04-04 04:45:00,20.47,64.12,59.21,741.48,8.57,55.3,182.75,407.93,0.061,Danger
2026-04-04 04:50:00,29.06,75.33,44.08,356.01,0.16,25.55,163.15,313.85,0.007,Danger
2026-04-04 04:55:00,39.56,58.59,9.7,229.2,10.09,29.68,5.1,319.11,0.073,Danger
2026-04-04 05:00:00,29.06,73.41,1.51,352.12,4.03,32.96,260.76,381.31,0.052,Warning
2026-04-04 05:05:00,38.31,63.4,10.13,516.95,1.63,11.39,194.34,262.01,0.071,Warning
2026-04-04 05:10:00,35.16,68.88,4.41,94.14,2.45,13.15,88.74,248.72,0.128,Warning
2026-04-04 05:15:00,23.35,45.1,21.65,387.07,2.95,43.36,208.41,129.42,0.033,Warning
2026-04-04 05:20:00,32.14,72.7,58.87,786.71,1.83,15.62,23.57,202.58,0.07,Danger
2026-04-04 05:25:00,31.28,51.76,6.28,763.26,3.05,42.75,118.29,380.11,0.057,Warning
2026-04-04 05:30:00,28.07,55.84,19.99,232.21,1.45,11.77,56.45,175.74,0.074,Warning
2026-04-04 05:35:00,31.15,66.02,21.13,527.79,5.73,24.94,65.82,380.41,0.061,Danger
2026-04-04 05:40:00,27.05,52.47,22.92,464.85,6.72,6.16,3.74,321.66,0.078,Danger
2026-04-04 05:45:00,30.84,71.76,14.25,570.16,5.49,45.01,63.07,358.19,0.021,Danger
2026-04-04 05:50:00,40.26,47.94,2.46,487.72,1.56,60.26,25.78,270.86,0.033,Warning
2026-04-04 05:55:00,31.48,64.35,16.86,335.02,0.47,31.49,174.37,202.14,0.024,Warning
2026-04-04 06:00:00,33.07,64.67,31.61,228.26,3.34,1.32,3.36,243.7,0.031,Danger
2026-04-04 06:05:00,33.71,62.12,18.01,547.29,2.58,19.03,131.06,186.35,0.092,Warning
2026-04-04 06:10:00,28.82,51.88,18.76,244.65,4.0,108.38,1.34,276.59,0.003,Danger
2026-04-04 06:15:00,32.27,56.14,2.5,169.61,4.2,60.29,82.34,180.85,0.098,Warning
2026-04-04 06:20:00,26.25,43.38,24.17,168.57,4.97,4.75,140.37,362.12,0.014,Warning
2026-04-04 06:25:00,27.17,64.24,45.75,302.49,0.22,39.13,22.28,262.2,0.003,Danger
2026-04-04 06:30:00,41.07,51.52,8.56,490.26,7.74,32.99,278.37,310.57,0.063,Danger
2026-04-04 06:35:00,25.08,70.71,0.53,880.0,0.91,15.47,24.47,171.0,0.072,Normal
2026-04-04 06:40:00,32.68,77.09,20.6,819.25,9.52,1.93,269.51,228.95,0.009,Danger
2026-04-04 06:45:00,28.47,75.48,1.76,319.9,3.78,20.12,138.46,269.03,0.064,Warning
2026-04-04 06:50:00,27.84,67.32,3.55,886.53,0.1,65.15,56.64,266.16,0.035,Normal
2026-04-04 06:55:00,24.92,47.55,6.11,402.83,2.64,60.42,35.42,179.44,0.007,Warning
2026-04-04 07:00:00,32.4,78.83,40.33,712.98,3.92,87.9,113.21,301.69,0.04,Danger
2026-04-04 07:05:00,23.19,58.16,14.82,518.24,7.78,23.25,197.88,215.19,0.041,Danger
2026-04-04 07:10:00,23.35,57.58,25.54,502.27,4.83,27.25,44.75,421.86,0.047,Warning
2026-04-04 07:15:00,35.82,60.99,29.19,778.4,2.63,74.18,81.83,348.44,0.066,Warning
2026-04-04 07:20:00,32.23,47.78,0.59,623.41,3.23,68.59,65.51,282.47,0.05,Warning
2026-04-04 07:25:00,25.07,42.44,23.62,552.18,0.15,44.77,142.97,228.73,0.067,Warning
2026-04-04 07:30:00,39.32,43.59,1.01,437.19,6.36,45.46,273.59,260.87,0.047,Danger
2026-04-04 07:35:00,29.01,60.64,35.96,179.44,3.04,4.63,3.79,456.88,0.063,Danger
2026-04-04 07:40:00,33.07,76.38,13.43,1025.69,5.53,10.75,34.1,296.54,0.057,Danger
2026-04-04 07:45:00,29.17,64.88,4.56,50.83,4.18,47.75,238.45,186.8,0.071,Warning
2026-04-04 07:50:00,28.58,76.9,35.44,563.36,0.98,58.44,144.69,195.24,0.01,Danger
2026-04-04 07:55:00,28.56,80.15,37.93,166.3,1.5,70.99,33.56,290.74,0.032,Danger
2026-04-04 08:00:00,38.09,57.3,37.87,555.46,2.76,58.81,140.29,232.35,0.057,Danger
2026-04-04 08:05:00,24.37,54.11,26.23,668.86,1.59,51.21,37.42,221.53,0.099,Warning
2026-04-04 08:10:00,30.34,66.26,61.12,80.2,4.39,86.56,47.51,318.77,0.021,Danger
2026-04-04 08:15:00,26.57,68.85,30.97,836.28,6.71,17.3,199.36,222.62,0.077,Danger
2026-04-04 08:20:00,31.04,69.46,23.47,18.59,1.37,24.1,88.73,316.5,0.076,Warning
2026-04-04 08:25:00,31.64,53.79,42.6,1111.16,2.44,40.42,100.17,292.43,0.046,Danger
2026-04-04 08:30:00,29.83,74.06,61.91,79.98,1.69,27.22,239.2,202.98,0.007,Danger
2026-04-04 08:35:00,33.19,82.44,28.27,561.44,3.23,76.59,7.42,241.05,0.036,Warning
2026-04-04 08:40:00,24.16,61.72,37.15,669.98,3.93,25.86,132.33,185.95,0.041,Danger
2026-04-04 08:45:00,30.96,67.78,21.4,458.5,0.87,146.31,170.68,283.05,0.043,Danger
2026-04-04 08:50:00,27.74,63.69,20.86,64.13,2.71,5.48,100.71,230.86,0.094,Warning
2026-04-04 08:55:00,22.59,57.49,45.4,539.34,4.65,102.05,10.62,242.05,0.042,Danger
2026-04-04 09:00:00,20.23,61.9,32.62,662.18,3.86,4.98,14.39,351.54,0.035,Danger
2026-04-04 09:05:00,31.47,66.63,44.23,791.42,1.89,27.5,137.89,244.85,0.036,Danger
2026-04-04 09:10:00,35.08,66.87,16.05,733.95,0.87,82.74,1.2,302.55,0.093,Danger
2026-04-04 09:15:00,23.11,61.57,37.84,847.17,1.49,9.39,175.59,344.68,0.015,Danger
2026-04-04 09:20:00,23.98,67.25,27.59,410.28,4.04,8.41,131.47,216.09,0.052,Warning
2026-04-04 09:25:00,28.62,53.41,21.31,345.77,4.69,70.25,198.77,184.73,0.015,Warning
2026-04-04 09:30:00,32.48,71.35,23.0,104.22,0.6,18.81,128.72,311.38,0.054,Warning
2026-04-04 09:35:00,31.65,65.85,28.71,593.86,2.2,9.27,88.13,288.77,0.058,Warning
2026-04-04 09:40:00,31.9,78.43,20.3,305.3,4.65,34.65,28.14,276.87,0.065,Warning
2026-04-04 09:45:00,23.77,61.17,2.88,354.0,4.83,48.26,78.09,206.32,0.01,Warning
2026-04-04 09:50:00,37.1,70.92,0.87,715.88,1.79,8.52,123.52,190.68,0.04,Warning
2026-04-04 09:55:00,30.61,60.01,28.38,1060.72,0.26,46.61,120.17,237.96,0.03,Warning
2026-04-04 10:00:00,31.04,66.33,17.06,44.47,2.89,25.42,37.42,117.43,0.064,Warning
2026-04-04 10:05:00,36.36,67.78,1.95,513.37,2.1,62.32,88.18,108.55,0.041,Warning
2026-04-04 10:10:00,32.32,61.67,9.48,132.68,3.7,5.94,135.64,220.3,0.079,Warning
2026-04-04 10:15:00,28.07,82.38,23.58,601.63,1.61,17.27,53.66,225.82,0.066,Warning
2026-04-04 10:20:00,25.32,54.24,7.46,1113.7,3.59,32.18,25.75,299.87,0.047,Warning
2026-04-04 10:25:00,31.07,55.23,18.21,372.85,0.3,49.36,73.77,295.18,0.071,Warning
2026-04-04 10:30:00,25.6,56.8,10.54,584.61,1.54,37.34,256.3,209.38,0.001,Warning
2026-04-04 10:35:00,34.13,81.83,22.86,173.68,1.63,24.74,144.29,141.9,0.041,Warning
2026-04-04 10:40:00,24.98,66.27,7.67,553.03,2.07,19.47,142.69,246.1,0.02,Warning
2026-04-04 10:45:00,41.2,69.76,11.93,924.56,7.53,14.19,114.74,170.96,0.046,Danger
2026-04-04 10:50:00,29.0,66.85,21.66,667.95,2.71,28.43,13.85,206.29,0.042,Warning
2026-04-04 10:55:00,35.25,53.37,7.85,785.9,1.1,38.42,66.05,270.54,0.043,Warning
2026-04-04 11:00:00,33.34,49.55,7.73,588.97,3.6,79.72,40.9,368.36,0.03,Warning
2026-04-04 11:05:00,36.64,73.17,3.27,592.11,1.85,45.02,57.67,225.42,0.091,Warning
2026-04-04 11:10:00,29.51,73.26,10.49,1000.0,0.04,4.57,232.45,214.4,0.098,Warning
2026-04-04 11:15:00,34.46,63.45,21.27,494.2,2.3,66.69,238.84,195.2,0.074,Warning
2026-04-04 11:20:00,33.83,75.73,24.97,82.75,1.53,26.23,59.74,328.4,0.059,Warning
2026-04-04 11:25:00,35.74,68.42,10.97,256.25,2.45,11.44,17.69,113.95,0.028,Warning
2026-04-04 11:30:00,29.03,71.66,18.77,982.42,1.11,55.24,84.73,305.57,0.037,Warning
2026-04-04 11:35:00,35.36,67.95,1.41,496.39,1.28,39.57,37.98,247.65,0.062,Warning
2026-04-04 11:40:00,30.17,78.47,30.48,497.76,2.65,31.83,120.33,103.95,0.041,Danger
2026-04-04 11:45:00,22.58,77.78,13.78,442.0,4.69,36.89,32.86,244.33,0.04,Warning
2026-04-04 11:50:00,21.28,58.1,11.33,465.51,2.45,66.07,69.79,253.0,0.062,Warning
2026-04-04 11:55:00,26.06,69.56,7.66,231.02,3.72,79.67,152.48,323.84,0.034,Warning
2026-04-04 12:00:00,22.01,79.9,56.09,962.84,0.99,26.19,26.57,115.3,0.047,Danger
2026-04-04 12:05:00,38.03,63.58,21.05,912.68,0.79,101.42,279.21,239.51,0.033,Danger
2026-04-04 12:10:00,33.49,61.52,8.13,884.37,5.65,26.22,46.29,151.64,0.053,Danger
2026-04-04 12:15:00,27.5,61.59,35.44,719.95,6.13,19.62,45.68,310.72,0.063,Danger
2026-04-04 12:20:00,37.66,69.21,51.96,662.01,5.19,7.06,81.43,322.88,0.098,Danger
2026-04-04 12:25:00,33.65,64.17,42.55,157.59,2.27,47.27,81.41,298.44,0.052,Danger
2026-04-04 12:30:00,32.85,56.86,26.41,798.32,5.66,100.54,104.41,271.91,0.004,Danger
2026-04-04 12:35:00,27.34,63.07,36.01,316.7,4.39,19.94,62.28,269.91,0.038,Danger
2026-04-04 12:40:00,27.85,47.95,10.04,356.01,0.45,36.67,145.86,268.58,0.08,Warning
2026-04-04 12:45:00,32.88,62.05,5.74,593.85,3.72,75.91,199.12,206.68,0.047,Warning
2026-04-04 12:50:00,33.36,75.68,33.78,480.84,1.76,19.96,107.26,277.38,0.017,Danger
2026-04-04 12:55:00,30.22,71.31,8.02,831.5,0.87,70.3,26.65,167.87,0.036,Normal
2026-04-04 13:00:00,29.52,61.12,10.68,600.19,1.49,17.36,90.92,281.34,0.047,Warning
2026-04-04 13:05:00,38.05,55.6,21.17,685.42,3.04,20.34,72.97,372.99,0.092,Warning
2026-04-04 13:10:00,17.56,60.42,48.28,357.18,0.53,8.69,32.09,113.62,0.082,Danger
2026-04-04 13:15:00,20.79,67.47,32.73,64.63,0.77,68.53,133.29,200.62,0.086,Danger
2026-04-04 13:20:00,36.03,67.69,3.0,375.97,2.86,12.46,173.9,127.62,0.005,Warning
2026-04-04 13:25:00,30.9,60.08,2.46,30.42,2.06,17.89,145.35,255.51,0.046,Warning
2026-04-04 13:30:00,35.89,51.88,25.73,1.34,0.52,28.51,158.19,244.77,0.05,Warning
2026-04-04 13:35:00,24.47,62.0,0.27,615.04,0.97,73.19,87.56,185.48,0.1,Normal
2026-04-04 13:40:00,27.82,51.85,19.38,357.38,0.51,23.83,356.84,229.88,0.008,Warning
2026-04-04 13:45:00,37.47,71.11,0.33,220.06,4.02,10.12,112.6,392.98,0.037,Warning
2026-04-04 13:50:00,37.48,77.78,5.02,809.96,0.05,54.67,37.54,281.81,0.036,Warning
2026-04-04 13:55:00,28.46,76.44,17.13,247.01,4.11,27.91,172.16,284.27,0.062,Warning
2026-04-04 14:00:00,30.1,73.92,1.55,600.95,2.7,36.28,275.31,170.41,0.027,Warning
2026-04-04 14:05:00,26.45,66.3,6.26,626.37,4.54,41.37,96.84,329.61,0.078,Warning
2026-04-04 14:10:00,34.15,68.73,19.4,809.72,7.77,18.12,187.81,243.1,0.046,Danger
2026-04-04 14:15:00,22.32,62.15,4.95,360.84,1.29,2.04,39.39,257.74,0.002,Normal
2026-04-04 14:20:00,22.77,68.62,0.95,822.36,2.68,44.27,221.07,225.22,0.033,Warning
2026-04-04 14:25:00,34.36,70.1,11.25,917.44,1.36,21.31,82.12,175.23,0.052,Warning
2026-04-04 14:30:00,36.98,69.45,15.62,451.47,2.99,49.99,140.92,223.45,0.06,Warning
2026-04-04 14:35:00,32.4,54.93,18.36,148.39,3.45,46.41,154.75,218.4,0.059,Warning
2026-04-04 14:40:00,37.12,79.14,14.42,541.8,5.33,40.03,47.69,356.85,0.079,Danger
2026-04-04 14:45:00,31.85,49.94,14.0,323.03,2.99,12.37,22.57,84.81,0.087,Warning
2026-04-04 14:50:00,28.0,66.57,14.96,179.77,1.78,20.21,7.68,279.33,0.026,Warning
2026-04-04 14:55:00,38.73,75.27,31.17,464.1,6.54,11.28,76.87,263.6,0.071,Danger
2026-04-04 15:00:00,33.18,60.25,4.34,691.97,4.15,4.27,78.72,233.41,0.069,Warning
2026-04-04 15:05:00,39.03,53.02,6.47,383.18,6.07,18.6,10.73,294.7,0.038,Danger
2026-04-04 15:10:00,23.88,56.07,49.68,615.26,2.32,10.0,109.21,272.42,0.059,Danger
2026-04-04 15:15:00,30.57,73.69,15.46,206.62,0.16,59.16,282.68,319.02,0.025,Warning
2026-04-04 15:20:00,28.59,58.63,45.85,74.04,2.34,15.66,162.68,241.68,0.003,Danger
2026-04-04 15:25:00,28.74,55.28,16.59,930.25,3.22,12.01,24.73,219.47,0.072,Warning
2026-04-04 15:30:00,29.13,69.16,2.48,568.98,4.33,9.29,158.14,254.19,0.081,Warning
2026-04-04 15:35:00,28.99,68.81,14.19,471.14,2.78,41.47,44.96,364.69,0.006,Warning
2026-04-04 15:40:00,26.58,64.06,23.25,972.85,3.57,0.31,132.68,252.53,0.058,Warning
2026-04-04 15:45:00,37.95,66.21,35.88,675.15,0.69,36.36,107.5,130.63,0.089,Danger
2026-04-04 15:50:00,29.19,76.95,5.4,580.66,2.63,18.2,36.73,281.4,0.022,Warning
2026-04-04 15:55:00,23.95,77.43,29.54,519.77,7.0,9.29,212.27,264.05,0.019,Danger
2026-04-04 16:00:00,39.24,74.91,12.58,718.15,0.79,53.17,159.11,168.42,0.079,Warning
2026-04-04 16:05:00,28.75,67.08,11.94,1054.36,5.57,11.97,39.53,332.37,0.109,Danger
2026-04-04 16:10:00,34.77,86.72,3.45,254.18,1.57,37.67,97.56,237.84,0.074,Normal
2026-04-04 16:15:00,36.16,49.74,3.06,746.04,0.6,11.93,181.85,146.84,0.041,Warning
2026-04-04 16:20:00,31.64,59.26,30.66,329.34,6.23,14.97,147.13,309.68,0.031,Danger
2026-04-04 16:25:00,19.73,68.61,16.45,666.75,1.32,2.78,280.85,132.21,0.072,Warning
2026-04-04 16:30:00,27.13,61.64,8.66,258.97,3.71,75.63,127.0,258.27,0.02,Warning
2026-04-04 16:35:00,32.58,86.56,7.39,387.2,0.32,0.42,194.53,282.4,0.025,Normal
2026-04-04 16:40:00,21.95,72.53,6.64,398.4,6.4,36.37,73.26,271.54,0.084,Danger
2026-04-04 16:45:00,22.13,69.08,26.62,117.75,4.4,55.06,48.82,350.19,0.084,Warning
2026-04-04 16:50:00,30.52,60.49,4.46,488.73,3.71,7.03,139.75,351.5,0.056,Warning
2026-04-04 16:55:00,28.1,73.57,45.49,340.57,3.3,37.07,129.91,260.23,0.069,Danger
2026-04-04 17:00:00,27.5,46.27,5.99,622.05,5.05,26.87,182.71,198.17,0.061,Danger
2026-04-04 17:05:00,27.45,66.82,32.84,131.9,0.04,27.4,320.16,180.94,0.111,Danger
2026-04-04 17:10:00,40.02,64.03,9.04,292.38,1.8,36.27,72.38,369.75,0.032,Warning
2026-04-04 17:15:00,28.8,47.99,22.48,579.34,2.19,11.33,50.72,290.15,0.049,Warning
2026-04-04 17:20:00,31.57,67.15,37.47,703.1,2.58,80.74,122.03,354.4,0.068,Danger
2026-04-04 17:25:00,20.79,78.05,17.7,484.41,2.84,6.2,102.7,202.65,0.088,Warning
2026-04-04 17:30:00,29.43,61.17,3.5,580.63,2.56,35.54,22.73,121.91,0.069,Warning
2026-04-04 17:35:00,37.42,54.74,46.79,585.17,1.98,4.1,58.45,329.02,0.027,Danger
2026-04-04 17:40:00,26.1,74.92,22.66,42.92,1.95,31.73,128.47,225.86,0.126,Warning
2026-04-04 17:45:00,28.86,62.69,0.94,537.17,3.84,68.14,68.93,230.32,0.063,Warning
2026-04-04 17:50:00,32.94,65.07,25.85,257.31,6.67,59.71,54.49,163.99,0.019,Danger
2026-04-04 17:55:00,33.39,52.15,8.38,636.41,1.8,30.36,26.58,297.59,0.032,Normal
2026-04-04 18:00:00,28.38,67.38,17.06,507.19,0.25,8.02,80.22,139.99,0.036,Warning
2026-04-04 18:05:00,31.94,52.23,38.13,880.88,1.74,74.3,65.64,283.48,0.035,Danger
2026-04-04 18:10:00,34.62,69.06,1.28,150.44,2.38,27.52,137.25,302.08,0.046,Warning
2026-04-04 18:15:00,24.22,58.18,38.05,354.61,2.43,23.03,113.66,213.39,0.081,Danger
2026-04-04 18:20:00,33.87,60.04,12.47,334.67,2.26,14.3,99.82,276.02,0.054,Warning
2026-04-04 18:25:00,28.49,74.33,16.27,710.98,3.32,136.9,108.38,136.02,0.044,Danger
2026-04-04 18:30:00,28.49,80.87,23.0,549.76,4.51,34.74,34.23,335.72,0.017,Warning
2026-04-04 18:35:00,31.62,49.52,19.08,557.9,7.03,42.6,19.91,315.81,0.06,Danger
2026-04-04 18:40:00,30.9,55.44,3.18,873.51,1.85,35.01,68.48,155.35,0.078,Normal
2026-04-04 18:45:00,32.52,88.06,5.31,746.77,1.93,26.29,177.65,84.23,0.044,Normal
2026-04-04 18:50:00,27.18,57.98,22.7,836.21,1.6,28.22,91.43,250.14,0.017,Warning
2026-04-04 18:55:00,35.54,67.95,22.9,258.05,0.62,12.95,73.41,114.96,0.032,Warning
2026-04-04 19:00:00,32.61,58.47,5.38,255.59,0.63,5.85,296.55,334.37,0.081,Normal
2026-04-04 19:05:00,35.84,55.01,9.45,167.94,6.0,1.89,45.14,215.52,0.043,Danger
2026-04-04 19:10:00,31.34,67.51,1.56,705.7,0.08,13.75,148.68,198.65,0.033,Normal
2026-04-04 19:15:00,32.96,56.42,7.3,666.72,8.16,44.22,127.26,292.46,0.018,Danger
2026-04-04 19:20:00,30.58,64.7,21.43,534.95,3.14,7.54,85.86,151.77,0.04,Warning
2026-04-04 19:25:00,36.95,68.19,14.58,1068.84,2.08,24.38,251.27,253.68,0.043,Warning
2026-04-04 19:30:00,24.0,69.48,25.89,171.65,1.58,6.58,105.6,160.46,0.088,Warning
2026-04-04 19:35:00,34.58,61.37,10.67,459.07,0.33,2.26,52.97,379.03,0.078,Warning
2026-04-04 19:40:00,34.67,68.7,7.35,487.55,4.91,30.33,143.66,435.81,0.082,Warning
2026-04-04 19:45:00,37.07,67.18,34.36,284.64,4.39,46.18,108.99,355.28,0.034,Danger
2026-04-04 19:50:00,29.06,65.95,5.59,568.08,3.16,61.88,84.66,208.33,0.025,Warning
2026-04-04 19:55:00,28.83,71.88,25.95,288.34,0.54,46.28,7.77,254.79,0.054,Warning
2026-04-04 20:00:00,31.56,73.58,10.26,73.35,0.3,92.06,282.22,396.49,0.044,Danger
2026-04-04 20:05:00,21.09,41.57,2.72,440.58,5.9,54.71,102.74,178.81,0.021,Danger
2026-04-04 20:10:00,31.27,71.97,22.84,189.62,3.95,37.04,27.07,187.25,0.071,Warning
2026-04-04 20:15:00,28.83,80.89,25.02,354.01,1.97,22.54,7.16,176.99,0.071,Warning
2026-04-04 20:20:00,34.23,71.04,45.31,337.47,7.02,16.04,21.27,109.2,0.037,Danger
2026-04-04 20:25:00,27.48,70.26,19.88,142.11,0.82,5.14,97.6,171.52,0.027,Warning
2026-04-04 20:30:00,37.17,66.91,28.24,50.41,5.58,72.04,119.83,193.57,0.065,Danger
2026-04-04 20:35:00,33.22,58.22,8.89,320.79,2.33,67.89,2.9,330.07,0.027,Warning
2026-04-04 20:40:00,25.76,73.19,33.44,755.42,1.95,1.36,162.3,253.32,0.018,Danger
2026-04-04 20:45:00,32.29,57.85,50.89,963.45,3.81,74.44,86.48,311.23,0.094,Danger
2026-04-04 20:50:00,31.23,62.45,19.09,475.06,4.47,57.83,130.44,206.7,0.009,Warning
2026-04-04 20:55:00,27.52,61.96,8.74,685.57,7.96,24.94,58.33,229.26,0.054,Danger
2026-04-04 21:00:00,25.86,66.2,24.02,562.91,3.37,37.35,97.19,300.95,0.03,Warning
2026-04-04 21:05:00,24.52,53.96,23.67,433.23,3.05,39.12,63.96,261.19,0.057,Warning
2026-04-04 21:10:00,34.43,82.82,12.29,484.26,1.17,37.35,101.57,221.8,0.037,Warning
2026-04-04 21:15:00,24.42,74.88,24.18,775.33,1.07,6.27,27.83,278.71,0.019,Warning
2026-04-04 21:20:00,39.24,51.92,20.47,970.06,3.8,27.03,16.85,139.46,0.073,Warning
2026-04-04 21:25:00,37.53,60.61,7.78,237.45,0.94,15.45,239.91,303.85,0.059,Warning
2026-04-04 21:30:00,28.0,59.17,43.11,560.22,4.31,6.94,5.82,206.3,0.067,Danger
2026-04-04 21:35:00,29.46,64.23,41.27,291.06,7.59,6.85,88.92,227.5,0.054,Danger
2026-04-04 21:40:00,32.22,69.34,0.06,163.13,9.51,0.64,149.92,121.39,0.042,Danger
2026-04-04 21:45:00,29.36,69.73,39.45,549.84,1.45,32.97,23.63,181.56,0.042,Danger
2026-04-04 21:50:00,24.74,60.24,8.87,49.95,5.05,31.84,62.13,310.23,0.032,Danger
2026-04-04 21:55:00,25.87,67.26,37.36,149.21,1.55,49.3,40.68,252.74,0.024,Danger
2026-04-04 22:00:00,27.72,50.92,16.54,816.71,1.29,4.91,130.25,346.97,0.005,Warning
2026-04-04 22:05:00,29.16,67.83,12.96,243.04,3.5,80.77,91.67,167.51,0.035,Danger
2026-04-04 22:10:00,38.85,74.1,27.8,606.92,0.02,11.98,72.21,293.97,0.095,Warning
2026-04-04 22:15:00,35.59,50.81,19.48,721.03,3.86,5.17,371.41,147.83,0.018,Warning
2026-04-04 22:20:00,31.17,86.17,1.72,420.25,5.23,19.29,46.54,295.25,0.058,Danger
2026-04-04 22:25:00,35.15,77.91,21.14,587.52,2.64,39.57,85.52,249.95,0.086,Warning
2026-04-04 22:30:00,37.58,49.92,15.2,293.39,1.07,36.1,146.94,241.03,0.007,Warning
2026-04-04 22:35:00,25.17,73.96,39.81,856.23,3.56,72.65,60.14,85.09,0.063,Danger
2026-04-04 22:40:00,36.37,74.25,1.75,526.03,0.4,12.77,175.54,154.2,0.023,Warning
2026-04-04 22:45:00,24.48,50.1,17.93,848.45,1.45,40.23,163.99,384.86,0.031,Warning
2026-04-04 22:50:00,27.61,70.16,47.44,344.05,2.0,45.26,159.91,250.49,0.033,Danger
2026-04-04 22:55:00,34.97,70.28,0.37,514.73,2.06,47.44,53.78,215.14,0.049,Warning
2026-04-04 23:00:00,30.2,73.95,26.82,453.08,4.29,36.03,37.34,240.02,0.046,Warning
2026-04-04 23:05:00,32.53,61.33,7.19,1090.63,4.82,10.42,137.09,259.47,0.062,Warning
2026-04-04 23:10:00,30.69,76.9,21.91,481.37,5.13,29.33,92.15,275.12,0.047,Danger
2026-04-04 23:15:00,30.05,59.13,0.02,200.43,2.18,15.19,62.57,258.25,0.042,Warning
2026-04-04 23:20:00,18.22,80.75,36.73,633.73,7.72,19.09,268.76,172.78,0.057,Danger
2026-04-04 23:25:00,23.63,65.15,22.72,453.59,4.14,23.96,27.76,204.65,0.074,Warning
2026-04-04 23:30:00,26.73,74.15,39.45,0.61,5.4,102.42,105.2,297.93,0.081,Danger
2026-04-04 23:35:00,28.62,66.82,11.28,541.59,3.49,40.65,186.54,188.02,0.034,Warning
2026-04-04 23:40:00,39.48,63.5,19.0,479.9,0.47,84.94,27.23,159.82,0.036,Danger
2026-04-04 23:45:00,19.99,58.49,4.36,685.23,0.02,55.51,219.85,312.49,0.044,Normal
2026-04-04 23:50:00,30.71,49.75,12.32,241.87,4.08,122.91,129.98,90.71,0.039,Danger
2026-04-04 23:55:00,30.61,65.87,0.38,573.59,1.73,17.8,144.58,168.75,0.066,Normal
2026-04-05 00:00:00,23.15,82.65,0.49,432.9,2.99,2.61,94.34,296.03,0.079,Warning
2026-04-05 00:05:00,33.96,63.28,12.07,1204.73,4.85,16.87,90.0,223.19,0.046,Warning
2026-04-05 00:10:00,23.85,60.88,51.23,673.72,5.47,68.67,188.96,221.26,0.072,Danger
2026-04-05 00:15:00,25.7,60.3,44.97,418.48,3.61,17.47,72.14,345.87,0.05,Danger
2026-04-05 00:20:00,27.89,75.45,17.42,274.99,5.46,27.75,80.29,264.23,0.018,Danger
2026-04-05 00:25:00,27.36,65.04,11.11,881.73,2.65,54.2,80.94,334.5,0.062,Warning
2026-04-05 00:30:00,30.07,64.87,4.09,652.07,1.88,0.08,190.65,149.98,0.037,Normal
2026-04-05 00:35:00,35.14,68.16,14.04,575.3,2.54,40.67,45.07,379.32,0.03,Warning
2026-04-05 00:40:00,28.41,59.58,13.26,325.06,3.46,27.89,157.35,165.92,0.04,Warning
2026-04-05 00:45:00,28.87,69.56,0.86,774.7,5.56,19.55,30.91,207.45,0.129,Danger
2026-04-05 00:50:00,27.85,81.78,10.33,203.1,0.06,13.83,53.21,193.3,0.025,Warning
2026-04-05 00:55:00,35.79,77.24,33.99,657.2,2.28,0.12,15.32,279.04,0.015,Danger
2026-04-05 01:00:00,25.03,76.53,53.01,617.99,5.32,10.17,53.77,298.97,0.067,Danger
2026-04-05 01:05:00,30.36,62.58,34.24,204.28,0.32,20.32,88.5,162.97,0.029,Danger
2026-04-05 01:10:00,26.47,62.39,14.75,526.16,5.74,25.42,234.13,356.72,0.073,Danger
2026-04-05 01:15:00,30.37,65.23,30.28,382.5,3.65,39.68,33.11,173.03,0.05,Danger
2026-04-05 01:20:00,29.52,50.88,18.31,789.84,1.39,70.9,76.02,419.39,0.038,Warning
2026-04-05 01:25:00,30.73,46.08,13.76,568.54,1.74,2.52,14.66,340.44,0.051,Warning
2026-04-05 01:30:00,37.7,59.74,6.3,744.68,2.87,28.54,189.75,156.25,0.005,Warning
2026-04-05 01:35:00,39.34,51.06,18.68,520.73,6.43,9.31,124.84,278.34,0.077,Danger
2026-04-05 01:40:00,28.06,72.13,1.21,76.86,1.89,38.48,180.96,128.83,0.058,Normal
2026-04-05 01:45:00,28.67,63.97,42.27,368.47,3.83,21.5,64.8,434.0,0.007,Danger
2026-04-05 01:50:00,36.45,71.56,5.41,988.8,3.54,0.87,40.85,282.97,0.017,Warning
2026-04-05 01:55:00,32.17,63.14,5.41,616.59,1.19,23.55,360.14,211.03,0.017,Normal
2026-04-05 02:00:00,25.79,52.33,31.52,596.5,3.2,5.2,52.06,220.33,0.048,Danger
2026-04-05 02:05:00,34.18,68.36,25.0,649.87,4.65,31.53,115.88,345.1,0.03,Warning
2026-04-05 02:10:00,25.72,53.14,18.66,56.12,3.39,15.63,193.46,196.25,0.044,Warning
2026-04-05 02:15:00,35.61,78.83,1.4,554.53,2.88,34.95,53.74,352.51,0.007,Warning
2026-04-05 02:20:00,27.89,69.48,24.14,905.83,5.59,8.58,209.99,192.88,0.078,Danger
2026-04-05 02:25:00,39.05,77.15,17.12,400.47,2.59,32.42,31.52,186.55,0.014,Warning
2026-04-05 02:30:00,27.7,64.72,20.47,319.85,5.21,11.67,1.23,268.1,0.109,Danger
2026-04-05 02:35:00,31.68,61.37,15.55,434.18,2.7,4.5,86.54,181.95,0.094,Warning
2026-04-05 02:40:00,37.17,56.13,28.46,146.43,6.21,29.81,174.96,112.79,0.07,Danger
2026-04-05 02:45:00,29.96,73.52,33.3,519.74,0.2,51.19,73.98,180.18,0.022,Danger
2026-04-05 02:50:00,22.61,59.9,37.05,553.35,0.41,52.19,3.25,257.63,0.045,Danger
2026-04-05 02:55:00,33.9,49.23,2.0,8.53,1.22,68.46,29.46,209.15,0.076,Normal
2026-04-05 03:00:00,35.34,64.11,28.69,176.91,6.13,105.95,132.12,83.25,0.033,Danger
2026-04-05 03:05:00,33.06,60.79,40.44,676.45,0.12,21.29,9.38,235.39,0.033,Danger
2026-04-05 03:10:00,35.87,86.16,13.62,76.96,1.26,40.74,84.62,309.91,0.095,Warning
2026-04-05 03:15:00,31.01,63.07,24.57,507.86,2.21,45.56,9.15,215.2,0.006,Warning
2026-04-05 03:20:00,18.54,53.92,16.41,601.01,0.45,1.53,18.44,8.61,0.095,Warning
2026-04-05 03:25:00,25.0,60.88,14.1,791.58,2.43,13.05,40.78,384.25,0.048,Warning
2026-04-05 03:30:00,29.09,55.59,22.89,451.99,2.98,63.98,144.85,159.99,0.033,Warning
2026-04-05 03:35:00,29.98,63.55,12.57,622.43,0.71,57.37,123.35,224.41,0.098,Warning
2026-04-05 03:40:00,37.78,74.33,45.37,973.68,4.38,100.26,203.75,376.27,0.076,Danger
2026-04-05 03:45:00,36.74,84.94,19.33,28.33,1.08,35.6,87.49,150.28,0.001,Warning
2026-04-05 03:50:00,26.29,73.08,46.61,774.97,5.17,16.77,94.21,213.58,0.042,Danger
2026-04-05 03:55:00,27.51,65.55,23.83,755.9,1.17,56.15,31.71,253.5,0.087,Warning
2026-04-05 04:00:00,27.16,70.13,20.8,513.17,4.79,6.43,22.48,249.05,0.031,Warning
2026-04-05 04:05:00,32.54,57.87,19.53,469.95,2.64,1.61,46.09,257.68,0.056,Warning
2026-04-05 04:10:00,29.98,82.05,4.81,480.74,2.72,34.88,31.52,227.74,0.039,Warning
2026-04-05 04:15:00,31.4,59.47,3.09,930.76,2.85,2.44,54.92,381.63,0.043,Warning
2026-04-05 04:20:00,26.55,58.15,4.02,321.65,1.84,24.97,2.93,297.33,0.039,Normal
2026-04-05 04:25:00,28.96,77.7,40.9,415.36,0.11,14.58,149.28,233.62,0.038,Danger
2026-04-05 04:30:00,25.93,57.3,21.4,105.37,4.98,1.35,65.04,143.04,0.05,Warning
2026-04-05 04:35:00,28.36,64.5,44.43,553.31,0.38,8.45,139.51,353.9,0.058,Danger
2026-04-05 04:40:00,33.44,71.1,43.38,84.88,4.0,59.35,53.87,179.15,0.024,Danger
2026-04-05 04:45:00,26.36,60.18,19.85,759.7,5.24,13.51,4.47,355.27,0.069,Danger
2026-04-05 04:50:00,30.41,69.73,14.4,657.38,0.99,30.75,71.05,194.98,0.03,Warning
2026-04-05 04:55:00,28.13,55.73,4.33,45.68,3.65,16.7,90.52,183.21,0.06,Warning
2026-04-05 05:00:00,27.28,58.03,13.51,603.08,2.31,42.01,0.03,248.57,0.049,Warning
2026-04-05 05:05:00,27.36,54.76,9.29,987.6,2.09,87.69,54.03,252.83,0.017,Danger
2026-04-05 05:10:00,26.14,59.97,5.91,437.32,0.78,94.03,36.6,258.22,0.057,Danger
2026-04-05 05:15:00,24.65,71.87,7.03,247.72,3.98,24.68,24.78,305.03,0.04,Warning
2026-04-05 05:20:00,34.59,77.1,2.1,737.98,0.27,109.32,10.7,332.09,0.075,Danger
2026-04-05 05:25:00,31.58,58.29,11.97,146.08,2.67,33.98,93.35,12.14,0.012,Warning
2026-04-05 05:30:00,26.26,67.92,20.79,448.93,3.91,21.05,141.02,287.98,0.061,Warning
2026-04-05 05:35:00,29.09,83.31,24.86,209.5,2.74,50.1,21.19,337.14,0.061,Warning
2026-04-05 05:40:00,18.29,68.0,6.88,661.15,4.83,27.81,246.53,235.7,0.069,Warning
2026-04-05 05:45:00,34.02,64.03,30.58,321.6,0.73,32.5,104.14,276.02,0.085,Danger
2026-04-05 05:50:00,33.96,62.15,8.56,629.86,5.33,50.21,188.45,233.05,0.036,Danger
2026-04-05 05:55:00,26.32,64.44,13.43,562.0,1.61,14.65,2.33,325.33,0.052,Warning
2026-04-05 06:00:00,29.13,57.53,11.64,892.39,3.66,44.96,156.31,323.8,0.054,Warning
2026-04-05 06:05:00,37.99,67.17,13.34,609.55,2.73,4.13,137.36,116.59,0.08,Warning
2026-04-05 06:10:00,25.61,55.15,12.72,629.89,2.49,9.71,29.39,159.36,0.043,Warning
2026-04-05 06:15:00,35.38,64.96,32.19,936.62,0.24,12.54,297.12,365.55,0.0,Danger
2026-04-05 06:20:00,31.94,65.01,31.53,276.51,0.52,7.04,22.81,315.23,0.015,Danger
2026-04-05 06:25:00,26.89,47.11,35.14,881.31,1.02,8.08,125.32,367.96,0.062,Danger
2026-04-05 06:30:00,26.51,48.81,7.3,521.97,0.03,27.8,24.71,165.35,0.015,Normal
2026-04-05 06:35:00,37.81,73.89,49.61,661.99,0.71,72.93,76.69,267.67,0.049,Danger
2026-04-05 06:40:00,15.27,81.05,24.82,598.95,1.81,26.54,20.27,299.33,0.011,Warning
2026-04-05 06:45:00,30.93,70.62,11.03,611.26,0.97,18.63,103.67,304.28,0.006,Warning
2026-04-05 06:50:00,32.61,59.57,11.14,98.14,0.55,58.65,83.29,219.38,0.047,Warning
2026-04-05 06:55:00,32.45,69.4,13.5,827.89,4.91,36.53,85.46,302.59,0.059,Warning
2026-04-05 07:00:00,35.3,74.0,5.37,174.21,0.1,59.05,77.63,281.58,0.061,Warning
2026-04-05 07:05:00,35.81,66.8,11.86,212.19,1.55,1.52,61.71,156.76,0.094,Warning
2026-04-05 07:10:00,23.37,78.46,38.7,769.49,0.08,33.7,47.74,322.87,0.048,Danger
2026-04-05 07:15:00,27.95,52.76,34.55,188.44,5.34,3.89,63.07,302.44,0.104,Danger
2026-04-05 07:20:00,36.63,55.28,23.85,1207.88,8.81,27.54,47.05,327.06,0.047,Danger
2026-04-05 07:25:00,29.44,73.94,21.69,144.26,1.03,46.45,131.03,270.96,0.078,Warning
2026-04-05 07:30:00,28.19,66.79,52.51,365.1,4.29,4.38,33.38,166.68,0.08,Danger
2026-04-05 07:35:00,32.74,73.25,19.52,451.86,1.16,8.78,18.4,222.31,0.075,Warning
2026-04-05 07:40:00,20.44,82.77,24.68,487.3,4.72,38.07,13.53,240.31,0.091,Warning
2026-04-05 07:45:00,29.77,69.5,3.21,646.05,7.03,59.82,71.85,304.04,0.067,Danger
2026-04-05 07:50:00,32.53,76.12,37.09,461.85,3.93,4.68,12.31,228.44,0.048,Danger
2026-04-05 07:55:00,21.69,73.6,40.35,1314.45,6.51,9.56,80.94,274.24,0.032,Danger
2026-04-05 08:00:00,30.96,63.56,13.11,554.44,1.94,21.58,96.34,260.31,0.044,Warning
2026-04-05 08:05:00,35.69,61.46,19.55,889.19,1.76,28.58,70.36,348.99,0.042,Warning
2026-04-05 08:10:00,36.42,63.96,2.19,703.81,1.09,44.82,192.94,250.42,0.036,Warning
2026-04-05 08:15:00,24.68,59.47,3.53,485.6,2.1,32.65,216.62,272.47,0.074,Warning
2026-04-05 08:20:00,35.47,77.36,52.4,350.24,0.16,51.34,150.83,312.05,0.107,Danger
2026-04-05 08:25:00,30.06,69.26,4.61,1140.6,0.99,7.67,45.33,198.41,0.028,Normal
2026-04-05 08:30:00,27.38,51.34,0.71,1084.69,4.21,57.04,197.72,396.73,0.003,Warning
2026-04-05 08:35:00,23.85,56.96,5.61,409.83,0.66,28.77,83.53,192.17,0.015,Normal
2026-04-05 08:40:00,25.04,59.51,10.06,161.1,0.53,25.24,67.42,164.15,0.025,Warning
2026-04-05 08:45:00,23.46,63.46,2.33,772.04,3.22,17.21,0.25,280.44,0.071,Warning
2026-04-05 08:50:00,30.71,81.04,24.19,774.08,2.4,47.03,0.32,213.33,0.06,Warning
2026-04-05 08:55:00,31.71,70.08,37.01,72.51,0.92,29.18,7.56,520.22,0.065,Danger
2026-04-05 09:00:00,29.61,59.85,5.4,509.04,2.34,1.73,52.68,357.54,0.092,Warning
2026-04-05 09:05:00,31.26,51.59,25.77,966.28,6.11,49.38,222.24,254.27,0.069,Danger
2026-04-05 09:10:00,26.6,67.92,41.59,323.17,0.58,23.9,57.33,301.93,0.036,Danger
2026-04-05 09:15:00,38.59,52.1,40.07,270.55,3.39,29.52,54.54,161.23,0.0,Danger
2026-04-05 09:20:00,29.96,74.76,26.7,517.01,3.44,18.91,62.97,136.33,0.044,Warning
2026-04-05 09:25:00,29.2,73.51,30.15,681.54,1.16,35.23,121.21,292.01,0.022,Danger
2026-04-05 09:30:00,25.83,58.09,17.37,258.99,1.89,11.58,64.09,192.69,0.031,Warning
2026-04-05 09:35:00,24.6,68.8,26.42,268.81,6.56,7.42,233.02,198.63,0.011,Danger
2026-04-05 09:40:00,32.01,67.49,15.69,307.33,1.9,0.45,49.77,317.33,0.056,Warning
2026-04-05 09:45:00,33.05,62.68,8.16,153.96,0.89,112.84,20.98,243.45,0.067,Danger
2026-04-05 09:50:00,28.66,68.48,28.6,482.95,3.04,28.33,61.28,352.1,0.061,Warning
2026-04-05 09:55:00,30.09,64.8,0.73,336.8,3.28,35.41,139.31,218.92,0.075,Warning
2026-04-05 10:00:00,34.81,48.27,3.37,243.34,3.44,21.3,324.13,298.76,0.108,Warning
2026-04-05 10:05:00,34.15,57.58,7.36,676.53,3.31,3.09,71.0,513.02,0.046,Warning
2026-04-05 10:10:00,28.37,66.13,10.15,536.82,5.86,15.02,36.27,237.07,0.036,Danger
2026-04-05 10:15:00,37.12,76.71,17.15,116.38,1.68,20.6,113.63,220.03,0.036,Warning
2026-04-05 10:20:00,27.04,64.77,32.66,169.6,0.12,68.3,1.38,264.44,0.057,Danger
2026-04-05 10:25:00,36.49,77.63,13.85,357.35,0.01,10.36,36.6,294.29,0.063,Warning
2026-04-05 10:30:00,32.96,77.59,52.26,537.4,5.3,5.93,198.5,334.92,0.08,Danger
2026-04-05 10:35:00,30.47,58.32,12.89,487.99,6.6,7.61,158.51,317.52,0.041,Danger
2026-04-05 10:40:00,36.58,35.91,9.46,225.31,0.46,33.45,109.0,281.52,0.068,Warning
2026-04-05 10:45:00,25.25,52.82,22.93,310.93,2.71,58.85,219.51,374.57,0.056,Warning
2026-04-05 10:50:00,33.13,78.7,2.17,833.2,2.83,56.55,98.61,353.7,0.057,Warning
2026-04-05 10:55:00,22.58,79.52,3.95,875.92,1.73,67.04,193.48,284.41,0.065,Normal
2026-04-05 11:00:00,32.11,44.86,17.37,165.18,2.51,25.72,38.5,378.39,0.082,Warning
2026-04-05 11:05:00,29.98,66.85,10.04,670.96,0.03,59.75,54.69,216.41,0.051,Warning
2026-04-05 11:10:00,27.04,68.29,4.25,640.56,5.65,8.77,66.94,286.91,0.037,Danger
2026-04-05 11:15:00,32.32,70.55,36.67,318.2,0.83,7.7,16.78,295.16,0.015,Danger
2026-04-05 11:20:00,41.67,77.96,15.25,760.22,2.91,120.93,20.98,240.36,0.006,Danger
2026-04-05 11:25:00,32.43,53.94,17.03,336.72,1.23,12.17,102.58,147.48,0.028,Warning
2026-04-05 11:30:00,33.32,91.02,24.55,224.82,0.9,21.26,45.06,322.24,0.057,Warning
2026-04-05 11:35:00,34.54,61.86,41.51,450.05,0.91,107.09,102.5,190.9,0.031,Danger
2026-04-05 11:40:00,42.54,83.07,44.88,400.8,9.28,34.73,177.73,264.38,0.049,Danger
2026-04-05 11:45:00,28.74,62.9,27.17,610.16,1.91,80.38,216.68,290.79,0.072,Danger
2026-04-05 11:50:00,35.73,64.35,19.16,795.78,6.47,7.98,106.7,384.29,0.014,Danger
2026-04-05 11:55:00,26.55,79.66,36.85,656.73,0.65,15.27,20.88,373.84,0.031,Danger
2026-04-05 12:00:00,30.51,57.46,31.86,338.38,1.71,47.34,81.34,250.61,0.01,Danger
2026-04-05 12:05:00,40.53,44.38,1.0,505.01,0.9,24.17,15.79,170.75,0.041,Warning
2026-04-05 12:10:00,39.76,65.78,38.66,652.09,5.34,92.0,49.55,354.57,0.033,Danger
2026-04-05 12:15:00,38.81,79.84,5.62,349.05,1.04,5.18,43.26,284.3,0.006,Warning
2026-04-05 12:20:00,33.02,71.28,18.22,964.95,3.54,49.99,4.13,299.79,0.084,Warning
2026-04-05 12:25:00,29.51,85.02,15.88,842.24,2.88,43.42,87.13,279.68,0.028,Warning
2026-04-05 12:30:00,25.77,82.44,10.72,199.01,0.92,32.02,223.39,194.35,0.066,Warning
2026-04-05 12:35:00,36.78,60.0,25.64,190.97,9.34,57.46,60.74,188.17,0.047,Danger
2026-04-05 12:40:00,28.3,84.53,9.51,540.44,1.94,15.3,69.14,240.71,0.076,Normal
2026-04-05 12:45:00,33.04,69.19,45.68,589.94,2.97,45.85,227.45,175.9,0.042,Danger
2026-04-05 12:50:00,27.0,77.35,16.9,1018.5,3.24,29.7,86.82,315.44,0.002,Warning
2026-04-05 12:55:00,30.43,64.3,29.51,443.69,1.12,20.29,28.28,95.98,0.072,Warning
2026-04-05 13:00:00,32.9,69.67,41.06,300.49,2.29,17.2,45.25,182.62,0.048,Danger
2026-04-05 13:05:00,26.94,46.64,6.18,159.09,2.69,6.24,191.16,378.31,0.07,Warning
2026-04-05 13:10:00,22.24,80.05,46.51,505.64,5.97,2.07,106.62,189.18,0.102,Danger
2026-04-05 13:15:00,22.54,65.0,15.68,346.11,0.67,22.89,23.78,136.24,0.056,Warning
2026-04-05 13:20:00,35.37,73.7,1.19,124.63,1.15,82.71,144.56,306.32,0.077,Danger
2026-04-05 13:25:00,32.1,66.21,28.25,336.15,2.24,48.92,203.77,160.54,0.075,Warning
2026-04-05 13:30:00,38.4,64.98,1.36,536.91,0.35,4.67,123.32,121.7,0.007,Warning
2026-04-05 13:35:00,30.1,64.78,21.87,1062.57,2.31,43.93,17.55,311.44,0.034,Warning
2026-04-05 13:40:00,30.36,63.91,35.66,107.01,4.85,11.46,126.85,262.18,0.087,Danger
2026-04-05 13:45:00,32.19,59.36,31.51,428.81,5.08,4.32,82.83,283.71,0.02,Danger
2026-04-05 13:50:00,33.12,81.37,11.54,161.28,1.8,68.98,113.69,286.18,0.1,Warning
2026-04-05 13:55:00,29.03,69.08,2.23,393.07,2.58,12.21,49.47,273.94,0.031,Warning
2026-04-05 14:00:00,30.42,61.67,8.37,524.11,2.12,50.45,67.94,222.01,0.045,Warning
2026-04-05 14:05:00,26.43,61.4,55.62,226.2,1.16,4.5,55.28,223.5,0.058,Danger
2026-04-05 14:10:00,21.45,75.37,27.65,127.14,4.81,19.08,55.73,456.42,0.066,Warning
2026-04-05 14:15:00,20.96,58.1,13.94,576.11,1.94,14.6,8.24,161.7,0.058,Warning
2026-04-05 14:20:00,33.87,73.41,26.49,350.79,4.14,32.36,93.39,201.06,0.035,Warning
2026-04-05 14:25:00,30.37,89.4,21.02,316.64,0.5,0.33,297.73,218.06,0.077,Warning
2026-04-05 14:30:00,28.12,67.61,30.83,328.43,0.08,86.35,178.46,313.25,0.074,Danger
2026-04-05 14:35:00,32.3,85.18,15.88,673.18,2.35,13.0,40.08,351.93,0.027,Warning
2026-04-05 14:40:00,27.99,35.06,1.63,352.72,6.15,35.87,3.31,335.28,0.051,Danger
2026-04-05 14:45:00,30.19,52.97,4.8,252.47,2.14,23.12,234.41,280.8,0.031,Warning
2026-04-05 14:50:00,31.31,50.5,4.32,256.35,0.01,35.01,100.35,137.14,0.061,Normal
2026-04-05 14:55:00,41.18,51.71,9.31,257.04,1.1,45.71,152.06,256.19,0.077,Warning
2026-04-05 15:00:00,42.73,82.12,4.55,64.67,0.78,17.88,125.13,155.5,0.048,Warning
2026-04-05 15:05:00,34.19,63.99,3.93,852.44,3.64,6.89,75.83,251.27,0.055,Warning
2026-04-05 15:10:00,33.05,64.65,7.64,377.72,0.17,51.5,15.35,317.74,0.051,Normal
2026-04-05 15:15:00,27.39,71.18,0.45,691.46,2.64,3.85,132.86,293.73,0.085,Warning
2026-04-05 15:20:00,34.83,69.91,7.55,1234.58,2.21,57.97,123.13,156.07,0.046,Warning
2026-04-05 15:25:00,29.61,78.06,0.73,421.42,5.01,89.39,27.05,276.15,0.047,Danger
2026-04-05 15:30:00,29.51,73.1,48.43,575.45,3.97,33.16,181.75,212.97,0.082,Danger
2026-04-05 15:35:00,35.55,75.83,1.8,449.5,2.72,34.83,239.49,249.02,0.059,Warning
2026-04-05 15:40:00,27.11,51.73,2.92,565.76,4.02,26.47,114.67,223.04,0.065,Warning
2026-04-05 15:45:00,37.41,72.05,31.19,588.2,2.51,21.79,125.49,249.12,0.063,Danger
2026-04-05 15:50:00,38.38,72.26,40.18,528.4,0.42,17.69,0.48,374.66,0.074,Danger
2026-04-05 15:55:00,32.6,77.36,25.4,676.44,1.93,19.71,48.83,302.94,0.057,Warning
2026-04-05 16:00:00,36.73,58.98,29.18,548.67,2.91,16.74,65.01,338.98,0.064,Warning
2026-04-05 16:05:00,24.16,63.6,55.36,533.37,1.02,39.67,156.34,213.51,0.065,Danger
2026-04-05 16:10:00,28.36,72.19,18.39,644.59,0.28,12.85,174.55,243.65,0.059,Warning
2026-04-05 16:15:00,28.47,73.99,2.84,459.32,4.36,66.92,27.62,406.77,0.059,Warning
2026-04-05 16:20:00,24.79,68.69,7.34,630.22,1.87,22.97,11.16,329.2,0.015,Normal
2026-04-05 16:25:00,24.46,68.67,47.06,394.22,4.1,62.93,161.47,225.1,0.017,Danger
2026-04-05 16:30:00,18.96,62.37,38.56,162.75,4.1,18.01,90.61,306.62,0.03,Danger
2026-04-05 16:35:00,30.85,60.85,29.1,570.6,2.17,82.33,146.23,194.77,0.047,Danger
2026-04-05 16:40:00,29.62,65.8,65.49,611.26,4.11,1.71,113.24,223.62,0.01,Danger
2026-04-05 16:45:00,25.64,49.79,22.68,500.16,2.91,15.82,59.43,291.08,0.108,Warning
2026-04-05 16:50:00,32.05,60.74,13.56,227.58,3.36,62.92,106.09,313.99,0.071,Warning
2026-04-05 16:55:00,32.53,58.42,18.48,245.49,2.05,33.23,247.88,145.22,0.064,Warning
2026-04-05 17:00:00,37.41,72.59,31.66,676.31,5.9,23.5,58.59,249.49,0.015,Danger
2026-04-05 17:05:00,36.15,77.21,6.33,388.77,1.78,22.08,92.72,294.66,0.045,Warning
2026-04-05 17:10:00,34.72,69.46,2.86,900.53,2.07,16.31,176.69,192.15,0.059,Warning
2026-04-05 17:15:00,32.72,56.39,13.55,453.05,0.34,112.07,3.69,330.39,0.038,Danger
2026-04-05 17:20:00,24.57,66.03,27.98,776.15,6.69,137.81,105.05,196.95,0.064,Danger
2026-04-05 17:25:00,28.67,74.26,10.94,1210.5,4.57,47.36,9.1,315.29,0.085,Warning
2026-04-05 17:30:00,23.64,72.13,23.95,473.2,5.34,2.06,70.69,261.7,0.032,Danger
2026-04-05 17:35:00,33.15,56.15,0.45,106.3,2.51,13.56,38.84,265.5,0.081,Warning
2026-04-05 17:40:00,28.92,67.68,20.47,138.7,8.17,1.17,145.61,311.54,0.046,Danger
2026-04-05 17:45:00,33.03,67.46,13.35,400.32,0.16,1.53,50.4,340.11,0.098,Warning
2026-04-05 17:50:00,34.89,77.71,8.11,309.12,0.34,45.76,102.71,243.82,0.089,Normal
2026-04-05 17:55:00,32.02,56.61,1.38,704.6,5.13,42.07,269.69,380.8,0.063,Danger
2026-04-05 18:00:00,25.81,51.9,7.25,725.96,7.48,36.7,196.87,230.38,0.069,Danger
2026-04-05 18:05:00,34.12,45.2,6.73,784.91,2.82,27.86,163.01,220.74,0.048,Warning
2026-04-05 18:10:00,25.58,66.43,25.13,701.21,5.07,32.57,49.54,295.77,0.065,Danger
2026-04-05 18:15:00,32.36,61.17,8.45,281.5,4.3,16.82,165.0,266.63,0.049,Warning
2026-04-05 18:20:00,26.72,51.44,2.05,401.0,5.11,12.11,172.44,295.38,0.035,Danger
2026-04-05 18:25:00,30.23,59.44,17.98,962.03,4.91,40.83,30.71,310.0,0.001,Warning
2026-04-05 18:30:00,28.74,70.84,29.81,700.97,2.88,12.17,133.8,173.77,0.025,Warning
2026-04-05 18:35:00,30.31,66.73,21.51,636.54,4.32,16.91,317.45,195.37,0.039,Warning
2026-04-05 18:40:00,28.02,64.24,8.43,77.96,0.36,16.1,202.86,426.18,0.09,Normal
2026-04-05 18:45:00,26.12,58.04,11.81,1035.37,1.5,33.1,29.88,310.56,0.071,Warning
2026-04-05 18:50:00,29.0,71.83,30.46,531.15,4.58,13.31,3.63,100.68,0.098,Danger
2026-04-05 18:55:00,26.4,67.41,27.08,953.62,1.54,1.58,97.31,352.73,0.045,Warning
2026-04-05 19:00:00,25.23,49.59,9.43,759.32,1.04,4.3,8.4,256.8,0.043,Normal
2026-04-05 19:05:00,28.63,78.49,45.76,16.99,2.98,11.07,55.17,274.74,0.044,Danger
2026-04-05 19:10:00,31.15,71.73,20.89,305.95,0.11,37.59,5.39,406.97,0.026,Warning
2026-04-05 19:15:00,24.03,68.2,12.79,441.32,6.23,41.97,27.0,216.04,0.035,Danger
2026-04-05 19:20:00,34.37,61.92,20.86,485.5,2.61,107.37,16.57,237.05,0.058,Danger
2026-04-05 19:25:00,28.56,62.1,23.44,957.86,4.3,79.14,24.66,275.39,0.055,Warning
2026-04-05 19:30:00,31.76,78.76,10.58,378.35,3.6,51.13,56.31,239.26,0.022,Warning
2026-04-05 19:35:00,35.29,54.38,12.28,587.95,6.06,19.58,173.62,306.05,0.054,Danger
2026-04-05 19:40:00,24.55,50.65,17.13,337.19,4.76,49.83,61.54,157.38,0.065,Warning
2026-04-05 19:45:00,24.91,57.42,4.59,458.45,5.51,19.8,35.68,127.95,0.067,Danger
2026-04-05 19:50:00,26.1,66.18,7.92,751.45,1.53,17.64,128.57,418.56,0.077,Normal
2026-04-05 19:55:00,29.56,65.03,4.5,215.0,0.34,10.89,145.34,164.3,0.09,Normal
2026-04-05 20:00:00,33.76,65.21,15.01,332.82,2.81,63.52,9.68,127.33,0.071,Warning
2026-04-05 20:05:00,31.62,53.8,0.33,242.27,0.17,7.05,53.35,197.94,0.027,Normal
2026-04-05 20:10:00,28.86,66.68,8.67,847.6,3.52,43.63,132.37,298.44,0.037,Warning
2026-04-05 20:15:00,22.52,65.08,14.85,163.51,2.35,16.5,56.69,216.62,0.047,Warning
2026-04-05 20:20:00,24.49,60.65,25.67,395.01,3.02,1.09,27.02,271.37,0.06,Warning
2026-04-05 20:25:00,21.71,72.59,7.24,967.75,1.85,29.86,34.2,277.85,0.038,Normal
2026-04-05 20:30:00,29.52,81.13,1.02,517.99,6.26,30.82,80.66,290.43,0.015,Danger
2026-04-05 20:35:00,37.03,56.77,74.39,940.21,0.39,20.8,155.36,312.69,0.063,Danger
2026-04-05 20:40:00,36.26,63.77,7.67,395.94,4.58,34.61,109.13,313.62,0.012,Warning
2026-04-05 20:45:00,31.55,67.19,48.38,41.42,6.67,23.02,128.9,384.07,0.067,Danger
2026-04-05 20:50:00,32.0,67.42,5.33,491.45,0.15,18.22,153.59,284.32,0.046,Normal
2026-04-05 20:55:00,28.32,67.2,13.67,1078.78,1.69,14.17,16.54,251.92,0.092,Warning
2026-04-05 21:00:00,35.18,73.54,25.93,392.44,2.35,11.96,56.41,333.9,0.059,Warning
2026-04-05 21:05:00,38.06,76.97,5.87,38.54,6.16,74.38,56.62,370.74,0.061,Danger
2026-04-05 21:10:00,30.8,81.15,41.89,695.4,3.42,44.66,39.99,245.59,0.023,Danger
2026-04-05 21:15:00,28.33,61.33,2.29,541.02,1.03,40.09,82.23,240.93,0.054,Normal
2026-04-05 21:20:00,28.45,63.28,16.7,606.94,3.94,39.74,183.87,266.12,0.064,Warning
2026-04-05 21:25:00,30.78,71.88,16.54,231.93,6.76,78.42,65.98,343.78,0.047,Danger
2026-04-05 21:30:00,27.97,66.29,7.94,509.25,0.05,64.35,222.33,239.33,0.008,Normal
2026-04-05 21:35:00,27.38,63.16,25.11,197.6,0.31,40.43,173.89,200.27,0.01,Warning
2026-04-05 21:40:00,46.42,72.83,9.66,760.71,1.63,54.69,95.94,257.3,0.047,Danger
2026-04-05 21:45:00,22.76,84.38,3.83,91.99,1.36,18.46,74.83,305.02,0.08,Normal
2026-04-05 21:50:00,34.07,61.94,15.99,622.36,3.27,42.82,65.73,413.23,0.038,Warning
2026-04-05 21:55:00,29.08,57.3,2.4,1182.23,4.82,41.97,230.42,345.46,0.042,Warning
2026-04-05 22:00:00,31.53,64.85,54.45,261.11,2.44,2.87,63.3,425.33,0.015,Danger
2026-04-05 22:05:00,31.1,47.59,7.02,626.59,0.47,43.47,53.1,342.81,0.091,Normal
2026-04-05 22:10:00,27.07,65.77,18.67,685.8,2.04,27.61,55.66,259.22,0.089,Warning
2026-04-05 22:15:00,33.23,72.01,29.46,453.86,2.96,23.41,206.88,27.36,0.047,Warning
2026-04-05 22:20:00,35.7,51.36,23.0,295.77,0.89,57.84,99.81,87.25,0.021,Warning
2026-04-05 22:25:00,34.88,69.49,49.96,1004.79,0.97,120.13,82.45,172.99,0.031,Danger
2026-04-05 22:30:00,18.72,81.07,46.9,195.35,1.32,23.82,16.04,109.59,0.044,Danger
2026-04-05 22:35:00,28.39,61.12,19.45,928.86,1.09,26.82,152.69,294.33,0.032,Warning
2026-04-05 22:40:00,30.48,70.48,7.57,879.06,6.29,8.91,99.37,301.38,0.034,Danger
2026-04-05 22:45:00,32.41,66.63,14.36,637.75,1.3,57.57,12.88,237.1,0.091,Warning
2026-04-05 22:50:00,32.48,54.21,5.3,320.21,3.18,34.33,4.31,156.62,0.058,Warning
2026-04-05 22:55:00,29.09,86.57,15.73,1044.28,1.51,42.93,32.01,345.13,0.103,Warning
2026-04-05 23:00:00,26.09,60.39,8.38,43.49,4.16,28.92,81.05,138.0,0.099,Warning
2026-04-05 23:05:00,27.48,70.34,14.09,442.84,2.87,33.08,95.46,289.56,0.016,Warning
2026-04-05 23:10:00,30.99,66.14,19.63,521.7,1.82,32.71,141.43,315.4,0.075,Warning
2026-04-05 23:15:00,34.22,68.07,27.66,191.99,2.51,25.42,57.73,279.51,0.05,Warning
2026-04-05 23:20:00,30.6,58.61,34.64,370.77,1.99,10.84,45.15,329.52,0.049,Danger
2026-04-05 23:25:00,29.07,52.51,30.71,304.41,1.7,79.21,130.88,119.74,0.003,Danger
2026-04-05 23:30:00,29.68,52.87,27.97,512.68,2.5,8.27,254.14,477.41,0.042,Warning
2026-04-05 23:35:00,31.77,65.97,9.81,250.38,1.25,25.42,120.52,208.43,0.027,Normal
2026-04-05 23:40:00,32.22,64.62,41.93,611.94,2.44,69.19,8.05,199.99,0.078,Danger
2026-04-05 23:45:00,29.96,76.34,11.5,789.58,4.16,60.73,212.26,257.48,0.062,Warning
2026-04-05 23:50:00,25.68,77.75,8.72,749.63,4.46,18.97,278.34,268.52,0.07,Warning
2026-04-05 23:55:00,22.36,86.18,9.49,807.47,0.98,4.76,158.88,332.2,0.012,Normal
2026-04-06 00:00:00,35.45,75.45,3.76,979.59,2.37,4.99,127.9,181.71,0.058,Warning
2026-04-06 00:05:00,31.21,63.13,31.65,431.49,2.69,65.86,159.07,312.88,0.016,Danger
2026-04-06 00:10:00,32.62,56.22,10.63,478.49,0.71,51.62,161.45,97.79,0.025,Warning
2026-04-06 00:15:00,22.7,60.37,24.1,427.31,0.23,72.01,150.49,348.95,0.034,Warning
2026-04-06 00:20:00,29.61,59.73,45.86,130.71,2.04,41.1,81.1,176.41,0.046,Danger
2026-04-06 00:25:00,25.57,56.84,8.0,694.87,0.97,63.14,19.78,149.85,0.108,Normal
2026-04-06 00:30:00,26.71,51.89,19.84,822.53,0.98,9.85,64.08,331.04,0.045,Warning
2026-04-06 00:35:00,41.72,66.34,36.24,741.57,1.89,3.48,113.2,290.81,0.033,Danger
2026-04-06 00:40:00,30.83,77.36,56.4,756.31,7.59,5.17,150.19,357.08,0.023,Danger
2026-04-06 00:45:00,27.57,82.38,4.5,97.66,6.58,67.87,123.21,246.34,0.037,Danger
2026-04-06 00:50:00,31.41,80.8,19.77,1150.09,0.69,19.21,42.69,163.19,0.045,Warning
2026-04-06 00:55:00,32.09,70.24,58.41,639.34,5.45,22.64,247.81,441.88,0.066,Danger
2026-04-06 01:00:00,25.04,59.51,20.64,636.95,4.1,38.41,80.7,199.1,0.062,Warning
2026-04-06 01:05:00,39.27,75.2,25.69,808.87,0.89,0.33,5.22,239.98,0.037,Warning
2026-04-06 01:10:00,36.04,60.25,1.05,1082.77,0.65,26.14,125.13,159.06,0.087,Warning
2026-04-06 01:15:00,33.19,80.58,1.42,529.74,2.12,30.56,65.46,258.87,0.007,Warning
2026-04-06 01:20:00,31.79,43.71,22.03,745.56,0.36,19.51,207.08,276.21,0.076,Warning
2026-04-06 01:25:00,29.17,91.8,2.91,1023.35,1.82,46.18,128.28,275.18,0.018,Normal
2026-04-06 01:30:00,25.39,64.75,21.99,241.2,5.16,0.22,53.17,325.29,0.049,Danger
2026-04-06 01:35:00,36.08,69.38,14.97,454.18,3.45,3.46,5.26,298.79,0.046,Warning
2026-04-06 01:40:00,30.17,75.89,12.72,504.51,0.2,37.23,114.98,322.06,0.033,Warning
2026-04-06 01:45:00,27.71,72.92,20.04,228.13,5.92,47.94,158.43,148.78,0.107,Danger
2026-04-06 01:50:00,22.28,76.52,13.37,390.02,2.56,45.28,10.44,184.74,0.069,Warning
2026-04-06 01:55:00,21.46,59.16,75.81,209.6,5.44,3.44,130.9,302.35,0.084,Danger
2026-04-06 02:00:00,29.0,84.89,3.21,570.27,2.74,24.88,51.41,262.92,0.037,Warning
2026-04-06 02:05:00,42.2,56.61,38.59,756.94,1.96,14.61,3.17,208.56,0.004,Danger
2026-04-06 02:10:00,24.98,50.18,41.92,685.54,4.36,43.55,96.7,366.85,0.032,Danger
2026-04-06 02:15:00,30.53,72.47,11.42,1428.98,2.09,25.68,205.69,323.2,0.051,Warning
2026-04-06 02:20:00,30.65,49.96,3.87,655.16,3.33,68.85,67.95,139.02,0.082,Warning
2026-04-06 02:25:00,37.18,73.98,11.73,813.32,12.29,24.61,51.17,203.1,0.069,Danger
2026-04-06 02:30:00,21.98,66.69,22.61,960.54,5.93,54.58,136.27,323.68,0.071,Danger
2026-04-06 02:35:00,31.28,47.7,0.54,149.95,4.05,19.88,0.22,460.02,0.045,Warning
2026-04-06 02:40:00,36.47,49.31,4.4,529.07,0.72,3.11,58.2,231.29,0.106,Warning
2026-04-06 02:45:00,31.89,69.8,25.79,683.79,1.75,7.17,96.68,342.54,0.084,Warning
2026-04-06 02:50:00,28.8,72.68,11.11,510.16,0.58,12.73,214.13,257.39,0.054,Warning
2026-04-06 02:55:00,22.76,61.91,10.17,251.26,2.06,2.83,88.0,259.72,0.021,Warning
2026-04-06 03:00:00,28.01,65.77,38.69,577.02,0.01,35.96,250.75,323.34,0.066,Danger
2026-04-06 03:05:00,33.63,79.4,36.51,670.03,5.21,23.27,70.23,262.57,0.052,Danger
2026-04-06 03:10:00,27.28,73.26,22.26,339.57,0.55,45.45,229.47,141.26,0.032,Warning
2026-04-06 03:15:00,34.54,71.46,7.16,704.75,2.87,113.32,120.39,238.7,0.024,Danger
2026-04-06 03:20:00,26.28,56.74,42.42,505.39,3.7,80.57,155.85,352.31,0.052,Danger
2026-04-06 03:25:00,32.18,56.72,0.1,646.65,9.15,60.13,206.55,234.64,0.032,Danger
2026-04-06 03:30:00,26.1,60.12,26.06,282.52,0.32,12.99,93.18,279.0,0.05,Warning
2026-04-06 03:35:00,27.09,45.37,3.49,208.26,3.4,56.37,173.86,310.56,0.046,Warning
2026-04-06 03:40:00,27.39,57.53,15.15,797.56,1.48,29.85,2.65,180.64,0.051,Warning
2026-04-06 03:45:00,35.34,61.52,30.05,443.25,1.53,11.0,17.25,267.4,0.052,Danger
2026-04-06 03:50:00,29.88,69.13,6.4,354.02,6.14,42.37,162.69,348.09,0.066,Danger
2026-04-06 03:55:00,34.64,49.21,19.08,445.18,7.03,57.11,16.96,279.82,0.055,Danger
2026-04-06 04:00:00,32.27,54.81,22.2,431.55,2.85,8.98,21.49,343.91,0.018,Warning
2026-04-06 04:05:00,25.11,64.48,0.44,234.49,2.32,40.2,20.8,414.33,0.064,Warning
2026-04-06 04:10:00,26.27,69.18,26.35,798.32,1.62,59.06,123.84,165.5,0.055,Warning
2026-04-06 04:15:00,31.65,55.88,20.19,312.85,1.17,60.99,170.89,170.24,0.018,Warning
2026-04-06 04:20:00,27.94,64.73,1.84,812.19,3.04,36.24,46.65,343.38,0.035,Warning
2026-04-06 04:25:00,34.17,74.34,6.35,881.87,1.81,22.5,113.95,504.93,0.09,Normal
2026-04-06 04:30:00,33.51,55.87,17.87,256.06,4.47,25.62,32.45,256.49,0.025,Warning
2026-04-06 04:35:00,30.76,56.41,15.55,725.14,1.84,4.36,100.33,305.77,0.017,Warning
2026-04-06 04:40:00,31.3,78.18,26.47,517.33,3.92,38.1,155.36,88.09,0.003,Warning
2026-04-06 04:45:00,35.02,49.95,23.03,394.39,0.99,33.99,100.1,418.83,0.031,Warning
2026-04-06 04:50:00,37.2,68.52,1.78,739.77,3.7,21.43,106.63,202.24,0.025,Warning
2026-04-06 04:55:00,33.8,62.76,13.4,583.95,2.8,37.17,208.63,259.69,0.044,Warning
2026-04-06 05:00:00,32.15,67.37,30.34,661.4,4.15,74.04,168.36,237.16,0.016,Danger
2026-04-06 05:05:00,38.34,62.62,5.54,21.02,3.02,25.96,71.51,286.26,0.035,Warning
2026-04-06 05:10:00,43.45,59.31,6.3,237.57,5.83,5.09,7.51,306.56,0.009,Danger
2026-04-06 05:15:00,33.13,82.81,26.33,691.37,4.61,88.39,200.99,285.17,0.077,Danger
2026-04-06 05:20:00,25.57,72.76,5.11,389.89,7.25,36.06,15.61,338.89,0.062,Danger
2026-04-06 05:25:00,35.62,54.16,35.77,1131.76,4.29,51.61,96.96,208.03,0.073,Danger
2026-04-06 05:30:00,22.47,60.82,20.42,288.9,3.93,40.22,85.09,263.63,0.007,Warning
2026-04-06 05:35:00,28.14,58.19,1.82,679.87,0.58,4.19,128.71,226.47,0.017,Normal
2026-04-06 05:40:00,30.4,55.49,17.09,456.59,7.02,39.89,103.96,148.81,0.052,Danger
2026-04-06 05:45:00,25.35,35.32,41.99,716.07,3.56,4.29,122.77,193.65,0.056,Danger
2026-04-06 05:50:00,25.4,80.16,16.4,869.69,2.12,0.42,96.7,308.67,0.091,Warning
2026-04-06 05:55:00,31.57,56.09,16.11,1045.04,6.04,56.35,159.57,305.96,0.085,Danger
2026-04-06 06:00:00,27.72,51.45,16.38,254.73,1.17,8.81,328.53,260.89,0.061,Warning
2026-04-06 06:05:00,23.89,46.56,1.38,931.46,3.0,43.94,153.86,202.69,0.092,Warning
2026-04-06 06:10:00,26.84,79.06,23.85,36.71,0.24,51.4,196.33,248.02,0.017,Warning
2026-04-06 06:15:00,31.88,59.63,14.68,1003.39,2.32,8.26,40.06,128.94,0.011,Warning
2026-04-06 06:20:00,36.42,60.26,15.44,113.3,1.95,44.39,117.77,390.27,0.09,Warning
2026-04-06 06:25:00,28.85,69.73,8.67,1116.44,5.45,26.79,100.04,365.59,0.067,Danger
2026-04-06 06:30:00,37.79,43.06,24.22,345.37,7.27,81.86,83.28,372.85,0.103,Danger
2026-04-06 06:35:00,30.37,89.72,14.37,435.64,4.6,5.85,88.53,362.75,0.051,Warning
2026-04-06 06:40:00,21.52,68.67,1.07,759.58,4.09,78.86,170.75,337.22,0.03,Warning
2026-04-06 06:45:00,34.02,84.68,1.23,1039.92,0.35,14.08,109.62,307.27,0.077,Normal
2026-04-06 06:50:00,25.19,69.35,1.29,53.32,0.79,10.04,132.16,342.18,0.006,Normal
2026-04-06 06:55:00,31.76,53.23,27.58,313.18,1.15,51.99,21.31,224.72,0.017,Warning
2026-04-06 07:00:00,34.73,73.21,15.11,41.73,5.63,6.65,34.66,434.96,0.029,Danger
2026-04-06 07:05:00,33.71,70.62,22.8,584.6,3.13,30.88,74.81,370.9,0.011,Warning
2026-04-06 07:10:00,35.11,73.22,28.97,835.09,1.72,54.76,72.77,170.7,0.028,Warning
2026-04-06 07:15:00,23.79,60.23,3.07,213.27,4.1,108.81,140.62,233.77,0.048,Danger
2026-04-06 07:20:00,27.9,65.9,14.26,247.69,7.05,39.49,151.83,241.9,0.107,Danger
2026-04-06 07:25:00,31.7,61.4,10.05,511.97,1.43,10.67,98.49,176.16,0.053,Warning
2026-04-06 07:30:00,31.5,45.21,12.26,669.02,1.51,5.35,38.78,206.74,0.031,Warning
2026-04-06 07:35:00,30.87,88.08,0.13,404.56,1.84,7.49,189.82,60.33,0.034,Normal
2026-04-06 07:40:00,34.09,62.06,1.42,632.23,4.72,28.43,0.12,286.5,0.038,Warning
2026-04-06 07:45:00,33.73,79.83,37.11,533.32,3.21,117.67,33.19,309.71,0.049,Danger
2026-04-06 07:50:00,25.98,55.78,46.71,786.78,7.83,22.22,108.79,228.62,0.041,Danger
2026-04-06 07:55:00,24.79,65.84,0.78,632.57,2.51,31.51,247.51,246.98,0.073,Warning
2026-04-06 08:00:00,40.26,78.07,38.06,407.99,2.69,32.73,129.89,271.96,0.051,Danger
2026-04-06 08:05:00,35.14,52.92,47.7,770.53,1.79,14.05,128.06,371.67,0.053,Danger
2026-04-06 08:10:00,30.72,65.18,50.64,389.34,1.91,78.54,94.7,340.96,0.023,Danger
2026-04-06 08:15:00,28.97,79.84,1.47,454.61,2.77,19.57,38.62,259.01,0.051,Warning
2026-04-06 08:20:00,36.4,80.41,2.12,533.38,4.02,80.65,151.85,273.27,0.07,Danger
2026-04-06 08:25:00,33.37,55.72,18.86,937.75,1.38,25.18,55.75,64.89,0.051,Warning
2026-04-06 08:30:00,31.51,59.88,8.09,235.82,4.29,98.9,218.24,142.45,0.076,Danger
2026-04-06 08:35:00,26.68,59.18,5.76,711.82,4.88,16.08,71.89,287.14,0.067,Warning
2026-04-06 08:40:00,35.88,52.16,15.4,179.59,1.85,10.95,75.33,186.02,0.005,Warning
2026-04-06 08:45:00,19.53,63.69,6.38,297.22,5.97,14.38,221.68,379.91,0.009,Danger
2026-04-06 08:50:00,30.46,61.0,43.24,66.61,4.32,100.77,170.27,275.89,0.049,Danger
2026-04-06 08:55:00,38.41,86.48,3.26,100.0,4.29,72.88,75.29,264.66,0.004,Warning
2026-04-06 09:00:00,26.23,62.05,19.16,380.42,1.11,11.38,200.83,269.58,0.068,Warning
2026-04-06 09:05:00,25.51,35.46,4.54,240.03,3.05,151.43,149.52,468.88,0.067,Danger
2026-04-06 09:10:00,26.85,68.48,50.61,1048.87,0.27,30.13,62.93,315.97,0.097,Danger
2026-04-06 09:15:00,30.2,58.33,22.2,625.24,2.24,27.15,62.62,329.68,0.072,Warning
2026-04-06 09:20:00,25.08,54.89,9.91,721.05,2.44,5.73,106.15,223.54,0.076,Warning
2026-04-06 09:25:00,31.67,61.85,19.63,894.51,0.29,36.11,72.95,284.16,0.03,Warning
2026-04-06 09:30:00,30.55,76.08,3.74,101.18,1.87,26.83,139.53,137.53,0.041,Normal
2026-04-06 09:35:00,33.09,69.17,7.29,557.28,2.32,11.03,58.92,428.83,0.074,Warning
2026-04-06 09:40:00,42.4,60.03,13.3,100.36,0.43,96.08,27.8,403.54,0.013,Danger
2026-04-06 09:45:00,24.73,61.59,13.73,776.93,3.35,3.35,66.67,224.47,0.023,Warning
2026-04-06 09:50:00,25.56,75.28,21.56,985.21,0.97,10.9,153.98,368.82,0.084,Warning
2026-04-06 09:55:00,32.51,75.87,19.33,343.45,0.73,68.99,41.65,317.63,0.066,Warning
2026-04-06 10:00:00,25.69,59.13,40.88,267.36,2.37,11.3,48.6,246.31,0.027,Danger
2026-04-06 10:05:00,25.2,67.86,1.89,256.8,0.82,16.88,174.37,370.52,0.028,Normal
2026-04-06 10:10:00,40.75,54.95,36.67,283.49,0.61,9.79,74.76,296.4,0.07,Danger
2026-04-06 10:15:00,25.28,55.1,3.33,466.59,1.37,18.01,106.96,431.01,0.035,Normal
2026-04-06 10:20:00,27.83,70.6,3.82,700.69,0.16,93.28,114.48,200.4,0.032,Danger
2026-04-06 10:25:00,27.43,78.73,10.38,299.62,0.32,19.37,52.89,130.7,0.038,Warning
2026-04-06 10:30:00,29.5,58.72,28.74,775.82,1.76,29.22,136.11,216.31,0.08,Warning
2026-04-06 10:35:00,27.88,57.63,60.55,1045.72,3.4,65.56,142.59,187.0,0.036,Danger
2026-04-06 10:40:00,28.82,60.1,36.0,615.81,3.63,84.08,1.17,180.39,0.03,Danger
2026-04-06 10:45:00,28.53,74.01,2.76,1143.03,1.23,25.88,56.31,272.98,0.009,Normal
2026-04-06 10:50:00,33.47,72.24,42.19,194.01,2.48,42.55,124.23,180.78,0.022,Danger
2026-04-06 10:55:00,31.73,63.48,3.67,729.18,1.87,32.77,113.15,159.68,0.122,Normal
2026-04-06 11:00:00,33.61,66.89,11.37,425.78,5.5,0.38,137.69,222.13,0.108,Danger
2026-04-06 11:05:00,33.71,77.46,3.31,817.44,1.06,24.4,243.5,166.58,0.056,Normal
2026-04-06 11:10:00,32.19,70.2,5.98,1125.88,1.88,78.36,201.51,402.07,0.002,Normal
2026-04-06 11:15:00,25.66,79.92,22.54,18.06,0.54,27.68,239.22,235.18,0.032,Warning
2026-04-06 11:20:00,31.56,69.7,23.82,446.6,3.87,16.7,222.03,264.97,0.04,Warning
2026-04-06 11:25:00,35.59,53.7,10.49,541.33,0.68,24.03,61.23,138.05,0.055,Warning
2026-04-06 11:30:00,23.36,66.66,42.48,415.69,1.51,14.92,3.2,297.56,0.046,Danger
2026-04-06 11:35:00,38.55,76.63,11.94,714.68,0.82,21.36,43.86,311.32,0.093,Warning
2026-04-06 11:40:00,33.99,74.22,33.46,665.38,1.42,88.04,260.44,231.29,0.039,Danger
2026-04-06 11:45:00,33.06,70.51,10.96,124.99,2.92,42.06,152.58,277.94,0.042,Warning
2026-04-06 11:50:00,34.97,65.66,5.7,445.8,3.24,12.71,148.84,277.18,0.096,Warning
2026-04-06 11:55:00,28.69,69.87,30.85,1202.86,2.43,21.77,164.79,399.26,0.04,Danger
2026-04-06 12:00:00,34.21,77.29,35.34,537.67,0.1,16.75,125.86,322.66,0.06,Danger
2026-04-06 12:05:00,28.1,70.55,32.2,613.88,0.51,12.74,174.78,139.36,0.013,Danger
2026-04-06 12:10:00,37.54,70.11,27.13,176.95,4.21,31.01,78.43,363.94,0.055,Warning
2026-04-06 12:15:00,28.02,61.22,25.3,678.0,2.79,12.24,207.85,139.29,0.032,Warning
2026-04-06 12:20:00,25.75,62.21,16.35,629.0,0.96,15.09,248.6,442.93,0.054,Warning
2026-04-06 12:25:00,26.22,79.75,13.94,399.57,0.09,26.38,52.0,180.87,0.05,Warning
2026-04-06 12:30:00,30.14,58.79,7.59,430.75,4.43,14.06,162.47,296.87,0.067,Warning
2026-04-06 12:35:00,36.94,53.81,5.54,1028.99,1.23,92.6,59.7,260.8,0.029,Danger
2026-04-06 12:40:00,36.67,57.86,21.57,432.21,1.87,22.82,13.51,336.85,0.046,Warning
2026-04-06 12:45:00,27.39,55.65,38.92,939.26,5.55,39.7,108.98,152.72,0.043,Danger
2026-04-06 12:50:00,26.58,46.74,36.14,291.25,5.59,55.27,135.67,299.03,0.032,Danger
2026-04-06 12:55:00,39.29,65.43,21.04,305.28,0.79,39.09,101.75,186.85,0.007,Warning
2026-04-06 13:00:00,23.65,76.96,2.73,398.33,6.35,24.89,7.3,188.5,0.099,Danger
2026-04-06 13:05:00,39.97,72.52,30.67,325.89,7.84,30.71,165.31,241.56,0.042,Danger
2026-04-06 13:10:00,38.32,70.4,44.03,576.6,0.55,3.33,90.3,199.88,0.017,Danger
2026-04-06 13:15:00,36.01,59.55,17.76,588.84,0.24,78.03,31.71,270.93,0.057,Warning
2026-04-06 13:20:00,29.73,52.03,32.42,723.05,0.03,48.3,117.49,147.55,0.024,Danger
2026-04-06 13:25:00,35.69,68.09,3.71,242.46,0.45,2.22,4.6,110.66,0.084,Warning
2026-04-06 13:30:00,34.85,52.27,17.73,229.33,1.22,6.21,37.22,410.24,0.037,Warning
2026-04-06 13:35:00,25.96,57.37,35.88,4.37,0.29,77.87,104.4,265.35,0.114,Danger
2026-04-06 13:40:00,31.23,57.92,9.36,159.37,5.77,42.98,192.44,347.04,0.038,Danger
2026-04-06 13:45:00,25.28,64.48,2.46,549.49,5.4,13.27,95.0,242.49,0.074,Danger
2026-04-06 13:50:00,26.66,43.04,24.42,796.35,3.34,5.61,33.5,289.56,0.054,Warning
2026-04-06 13:55:00,29.37,83.22,3.94,1032.51,2.1,53.42,62.08,326.76,0.039,Warning
2026-04-06 14:00:00,22.63,63.35,2.14,647.54,4.32,22.25,9.42,310.53,0.024,Warning
2026-04-06 14:05:00,24.59,53.21,22.04,592.75,0.05,20.2,232.71,172.08,0.009,Warning
2026-04-06 14:10:00,32.28,63.9,0.8,695.62,4.52,68.33,14.74,435.4,0.068,Warning
2026-04-06 14:15:00,33.38,76.73,15.34,739.01,4.15,41.56,47.8,263.76,0.032,Warning
2026-04-06 14:20:00,30.06,53.32,0.81,415.31,0.83,0.2,63.61,282.18,0.078,Normal
2026-04-06 14:25:00,27.68,78.35,33.77,651.23,2.46,32.76,198.71,347.89,0.09,Danger
2026-04-06 14:30:00,30.21,70.55,41.87,312.89,1.04,20.64,169.96,323.21,0.043,Danger
2026-04-06 14:35:00,22.46,67.46,3.37,53.02,1.79,33.06,216.1,253.11,0.056,Normal
2026-04-06 14:40:00,35.91,49.56,25.4,496.52,3.7,0.66,1.79,261.24,0.099,Warning
2026-04-06 14:45:00,34.3,59.92,11.82,4.62,5.95,18.2,47.45,355.7,0.002,Danger
2026-04-06 14:50:00,37.46,62.46,7.97,425.79,0.17,37.63,15.19,97.07,0.043,Warning
2026-04-06 14:55:00,23.22,67.04,8.74,353.6,2.55,11.5,105.04,304.42,0.015,Warning
2026-04-06 15:00:00,29.68,31.7,19.95,409.76,0.95,32.63,197.27,211.92,0.022,Warning
2026-04-06 15:05:00,30.83,51.64,1.79,866.72,2.19,55.18,99.7,262.97,0.076,Warning
2026-04-06 15:10:00,21.91,69.5,41.61,1066.36,2.99,40.27,133.32,417.98,0.033,Danger
2026-04-06 15:15:00,25.33,62.45,45.23,1162.41,2.38,59.92,84.32,166.98,0.094,Danger
2026-04-06 15:20:00,26.89,80.36,40.97,684.21,7.49,109.29,62.48,185.3,0.006,Danger
2026-04-06 15:25:00,41.22,60.6,37.7,277.62,6.61,8.0,39.17,233.32,0.034,Danger
2026-04-06 15:30:00,32.98,64.49,27.55,412.69,0.0,3.34,284.49,268.01,0.01,Warning
2026-04-06 15:35:00,27.4,65.97,51.91,808.61,0.77,116.73,76.88,349.71,0.015,Danger
2026-04-06 15:40:00,18.01,50.92,50.01,1133.63,2.64,16.99,125.26,265.15,0.069,Danger
2026-04-06 15:45:00,36.05,62.1,2.6,748.33,4.41,24.03,297.76,214.97,0.023,Warning
2026-04-06 15:50:00,32.09,58.25,24.91,250.1,0.8,95.63,39.44,186.09,0.085,Danger
2026-04-06 15:55:00,24.74,58.07,26.53,781.52,5.66,9.89,139.6,212.71,0.032,Danger
2026-04-06 16:00:00,36.02,59.5,20.56,546.67,1.21,58.64,136.03,91.1,0.058,Warning
2026-04-06 16:05:00,26.14,75.97,13.91,393.06,3.09,22.17,156.3,128.53,0.1,Warning
2026-04-06 16:10:00,32.63,78.6,32.48,496.52,1.85,2.54,238.96,360.84,0.031,Danger
2026-04-06 16:15:00,15.91,62.87,9.25,425.07,3.59,55.05,179.03,285.66,0.004,Warning
2026-04-06 16:20:00,28.29,88.04,22.48,610.35,3.08,36.62,158.31,230.84,0.049,Warning
2026-04-06 16:25:00,36.41,65.48,17.93,629.03,0.41,28.67,3.42,293.4,0.088,Warning
2026-04-06 16:30:00,32.41,71.32,24.46,530.4,4.09,76.75,91.11,166.41,0.085,Warning
2026-04-06 16:35:00,29.26,65.31,15.1,805.05,3.88,42.28,1.3,188.11,0.057,Warning
2026-04-06 16:40:00,26.53,69.35,28.22,353.74,7.39,37.58,96.68,408.82,0.02,Danger
2026-04-06 16:45:00,25.92,60.99,32.17,762.7,0.6,59.92,39.67,346.93,0.019,Danger
2026-04-06 16:50:00,29.38,60.1,36.12,343.17,1.87,40.27,134.53,320.96,0.056,Danger
2026-04-06 16:55:00,27.91,61.5,15.51,574.88,1.56,20.77,71.73,303.39,0.055,Warning
2026-04-06 17:00:00,35.01,65.0,19.77,392.47,1.4,49.72,127.03,253.29,0.065,Warning
2026-04-06 17:05:00,26.69,65.75,2.46,281.13,0.77,8.43,148.36,191.2,0.023,Normal
2026-04-06 17:10:00,38.84,74.61,22.23,270.57,2.73,32.95,69.05,342.69,0.075,Warning
2026-04-06 17:15:00,32.41,78.57,24.05,634.57,6.67,64.05,4.15,300.66,0.03,Danger
2026-04-06 17:20:00,32.52,69.77,12.67,463.45,2.8,2.55,111.47,314.47,0.049,Warning
2026-04-06 17:25:00,31.12,78.83,24.46,560.25,0.87,46.84,113.01,352.7,0.051,Warning
2026-04-06 17:30:00,20.92,48.0,29.71,328.94,3.31,24.57,63.32,242.29,0.024,Warning
2026-04-06 17:35:00,29.92,59.16,7.55,402.91,1.32,56.89,67.02,331.9,0.096,Normal
2026-04-06 17:40:00,34.27,70.34,21.54,759.61,2.27,59.38,141.41,221.21,0.077,Warning
2026-04-06 17:45:00,30.46,63.94,5.48,549.81,4.99,55.56,115.34,297.97,0.088,Warning
2026-04-06 17:50:00,29.25,53.85,41.02,341.07,0.07,51.85,137.13,120.28,0.027,Danger
2026-04-06 17:55:00,32.94,72.22,1.97,459.75,0.62,1.94,106.62,209.87,0.043,Normal
2026-04-06 18:00:00,22.68,76.33,25.2,737.87,5.87,13.01,44.16,98.41,0.144,Danger
2026-04-06 18:05:00,29.25,75.39,9.76,798.92,7.57,17.59,21.09,238.9,0.017,Danger
2026-04-06 18:10:00,29.81,73.21,14.28,414.76,3.58,44.16,85.99,257.11,0.123,Warning
2026-04-06 18:15:00,23.32,64.15,53.83,831.25,0.46,28.25,79.79,190.15,0.048,Danger
2026-04-06 18:20:00,28.6,66.13,0.03,117.01,1.88,88.6,88.22,223.47,0.073,Danger
2026-04-06 18:25:00,29.21,83.68,14.92,710.15,0.26,40.12,107.51,245.48,0.035,Warning
2026-04-06 18:30:00,26.81,67.82,27.58,461.85,2.86,18.48,89.85,233.96,0.051,Warning
2026-04-06 18:35:00,43.49,68.12,27.91,631.41,1.21,71.76,50.88,334.4,0.04,Warning
2026-04-06 18:40:00,25.2,68.65,7.09,660.69,1.58,7.24,63.17,475.93,0.0,Normal
2026-04-06 18:45:00,30.05,76.43,35.73,755.4,1.05,74.04,171.34,266.98,0.057,Danger
2026-04-06 18:50:00,28.48,55.9,39.74,893.66,0.65,13.85,65.66,247.39,0.052,Danger
2026-04-06 18:55:00,34.73,57.53,1.93,870.99,0.61,30.52,31.49,223.6,0.097,Normal
2026-04-06 19:00:00,34.62,76.48,31.4,783.87,0.06,12.06,18.99,233.16,0.071,Danger
2026-04-06 19:05:00,30.67,78.11,7.83,650.07,1.74,23.77,154.03,232.84,0.067,Normal
2026-04-06 19:10:00,25.2,48.36,26.14,1023.2,0.99,68.89,84.34,143.14,0.016,Warning
2026-04-06 19:15:00,30.08,60.96,11.26,8.21,0.54,27.75,79.36,209.9,0.056,Warning
2026-04-06 19:20:00,35.2,68.94,12.57,778.42,0.88,11.0,59.89,151.04,0.037,Warning
2026-04-06 19:25:00,19.63,84.12,3.75,975.83,2.11,42.59,31.12,266.63,0.07,Warning
2026-04-06 19:30:00,33.32,72.75,7.63,355.89,2.78,40.93,188.24,379.28,0.059,Warning
2026-04-06 19:35:00,26.17,48.03,35.83,38.88,0.98,11.03,73.05,252.86,0.054,Danger
2026-04-06 19:40:00,17.92,65.15,29.59,719.67,0.33,66.28,1.42,204.39,0.086,Warning
2026-04-06 19:45:00,30.98,68.44,38.62,471.16,4.26,47.35,48.65,367.84,0.007,Danger
2026-04-06 19:50:00,34.59,49.83,27.02,1058.57,1.36,9.75,141.04,223.65,0.105,Warning
2026-04-06 19:55:00,30.96,61.8,4.19,220.12,0.12,5.97,31.24,197.35,0.113,Normal
2026-04-06 20:00:00,24.85,66.47,26.85,689.03,1.82,10.37,125.15,271.32,0.042,Warning
2026-04-06 20:05:00,22.19,60.32,7.93,299.85,2.1,34.35,258.05,207.01,0.073,Warning
2026-04-06 20:10:00,31.53,77.96,26.52,197.46,3.17,32.45,27.15,171.57,0.012,Warning
2026-04-06 20:15:00,30.8,80.08,6.83,677.08,1.69,31.58,153.48,162.42,0.051,Normal
2026-04-06 20:20:00,28.29,73.93,6.16,617.26,0.52,0.44,283.52,417.37,0.067,Normal
2026-04-06 20:25:00,26.16,53.75,5.09,715.06,3.68,14.34,257.06,159.28,0.052,Warning
2026-04-06 20:30:00,41.02,71.32,17.52,651.99,0.8,71.99,40.07,93.27,0.038,Warning
2026-04-06 20:35:00,25.17,62.19,9.82,859.23,4.09,30.53,79.71,165.29,0.015,Warning
2026-04-06 20:40:00,30.57,72.95,12.83,339.54,3.39,16.67,248.57,348.62,0.079,Warning
2026-04-06 20:45:00,33.79,52.1,28.26,612.9,3.82,39.7,125.28,466.07,0.048,Warning
2026-04-06 20:50:00,34.68,60.29,30.81,781.8,3.09,86.77,8.43,211.02,0.056,Danger
2026-04-06 20:55:00,34.4,66.79,40.72,301.49,1.42,32.33,72.28,293.43,0.049,Danger
2026-04-06 21:00:00,28.3,64.25,15.58,408.51,1.39,3.86,165.67,265.52,0.118,Warning
2026-04-06 21:05:00,30.8,59.49,68.41,624.09,4.97,43.68,142.3,292.85,0.017,Danger
2026-04-06 21:10:00,31.84,51.75,11.51,282.31,3.07,33.37,128.11,272.98,0.032,Warning
2026-04-06 21:15:00,28.69,74.2,36.36,155.97,2.59,9.08,184.52,347.19,0.022,Danger
2026-04-06 21:20:00,31.54,83.34,23.31,926.45,5.0,16.41,61.0,252.78,0.053,Warning
2026-04-06 21:25:00,34.58,69.09,43.72,106.15,4.56,27.01,104.05,272.66,0.021,Danger
2026-04-06 21:30:00,33.37,72.16,10.1,60.19,2.0,91.67,249.97,295.07,0.028,Danger
2026-04-06 21:35:00,34.43,60.48,0.35,143.19,2.31,5.19,89.64,66.05,0.055,Warning
2026-04-06 21:40:00,17.84,75.88,25.44,416.4,3.69,19.12,87.24,313.58,0.043,Warning
2026-04-06 21:45:00,27.76,64.77,11.07,937.13,1.37,4.85,111.59,370.82,0.043,Warning
2026-04-06 21:50:00,27.81,64.48,27.72,604.21,9.94,38.16,33.48,205.09,0.038,Danger
2026-04-06 21:55:00,22.49,65.4,30.67,315.99,0.42,80.64,62.65,84.57,0.015,Danger
2026-04-06 22:00:00,22.3,68.86,7.79,434.09,5.46,7.65,157.51,370.91,0.036,Danger
2026-04-06 22:05:00,33.69,62.58,33.48,28.55,2.94,4.35,8.89,208.66,0.043,Danger
2026-04-06 22:10:00,33.6,60.92,1.48,394.55,0.31,17.36,81.3,255.56,0.033,Normal
2026-04-06 22:15:00,34.83,50.53,4.16,1043.87,0.82,10.54,41.58,142.13,0.096,Normal
2026-04-06 22:20:00,30.86,66.34,18.93,607.62,5.47,65.98,146.83,159.64,0.059,Danger
2026-04-06 22:25:00,33.34,47.06,7.43,766.45,4.63,41.94,159.5,257.62,0.073,Warning
2026-04-06 22:30:00,26.83,71.45,31.88,394.6,2.05,5.94,245.16,240.38,0.022,Danger
2026-04-06 22:35:00,26.42,66.27,30.07,99.25,7.54,32.35,126.65,242.22,0.051,Danger
2026-04-06 22:40:00,29.26,75.18,14.84,730.12,0.7,27.83,0.39,347.32,0.025,Warning
2026-04-06 22:45:00,28.38,61.85,7.92,716.75,1.05,75.76,1.85,263.55,0.027,Normal
2026-04-06 22:50:00,32.1,64.84,11.9,856.54,0.04,43.46,3.1,259.01,0.014,Warning
2026-04-06 22:55:00,26.69,64.18,51.29,530.24,6.96,28.81,41.29,373.15,0.063,Danger
2026-04-06 23:00:00,26.79,69.71,9.15,96.71,4.81,63.8,263.79,283.77,0.043,Warning
2026-04-06 23:05:00,34.17,73.5,47.77,486.61,1.5,8.62,133.75,126.14,0.073,Danger
2026-04-06 23:10:00,32.94,70.85,17.76,959.89,4.62,4.28,21.08,179.63,0.067,Warning
2026-04-06 23:15:00,25.0,75.83,41.46,236.3,1.44,20.66,168.4,378.75,0.001,Danger
2026-04-06 23:20:00,28.41,62.34,13.01,354.47,3.28,8.85,74.46,479.93,0.058,Warning
2026-04-06 23:25:00,30.56,54.02,20.21,450.74,3.67,22.81,159.49,405.52,0.061,Warning
2026-04-06 23:30:00,35.52,63.44,13.27,827.29,6.99,72.04,26.64,244.64,0.058,Danger
2026-04-06 23:35:00,28.7,68.88,31.41,800.84,7.06,6.82,56.4,278.66,0.107,Danger
2026-04-06 23:40:00,27.62,71.87,28.91,557.43,2.02,16.94,148.17,161.05,0.038,Warning
2026-04-06 23:45:00,35.49,63.97,4.62,232.7,3.97,74.33,186.34,298.49,0.006,Warning
2026-04-06 23:50:00,28.24,84.47,37.44,38.75,1.83,34.52,3.78,65.26,0.053,Danger
2026-04-06 23:55:00,26.06,57.16,7.91,459.9,1.97,15.36,57.98,109.41,0.059,Normal
2026-04-07 00:00:00,15.72,62.11,33.38,182.2,4.15,66.23,250.79,237.89,0.036,Danger
2026-04-07 00:05:00,29.41,64.93,34.65,1077.45,2.86,13.96,226.54,106.35,0.013,Danger
2026-04-07 00:10:00,18.5,83.01,21.65,697.82,2.9,42.95,87.81,271.67,0.053,Warning
2026-04-07 00:15:00,26.96,64.53,20.47,533.16,2.43,33.8,188.28,225.44,0.068,Warning
2026-04-07 00:20:00,24.54,50.27,1.87,433.23,0.0,71.76,97.95,397.92,0.062,Normal
2026-04-07 00:25:00,17.94,75.56,15.19,569.16,0.32,105.71,223.96,190.65,0.046,Danger
2026-04-07 00:30:00,31.22,73.63,15.58,192.53,0.15,19.82,203.45,284.23,0.027,Warning
2026-04-07 00:35:00,33.24,61.13,32.81,1258.1,0.92,52.06,5.46,241.02,0.051,Danger
2026-04-07 00:40:00,29.03,89.63,8.87,676.06,3.79,37.28,194.21,207.79,0.025,Warning
2026-04-07 00:45:00,29.81,65.17,29.48,1103.27,0.86,14.25,36.69,265.85,0.064,Warning
2026-04-07 00:50:00,27.27,72.79,24.31,512.97,0.71,0.73,162.98,268.86,0.051,Warning
2026-04-07 00:55:00,30.94,70.04,22.72,466.89,2.15,36.17,21.63,254.04,0.028,Warning
2026-04-07 01:00:00,34.3,58.41,19.33,534.97,4.24,56.03,149.4,81.52,0.086,Warning
2026-04-07 01:05:00,37.64,60.18,19.73,232.75,3.85,9.55,25.99,221.61,0.021,Warning
2026-04-07 01:10:00,26.33,64.89,0.4,663.06,4.04,115.22,192.57,269.45,0.031,Danger
2026-04-07 01:15:00,31.47,68.27,4.73,735.12,2.19,10.22,135.59,226.99,0.044,Warning
2026-04-07 01:20:00,29.31,56.64,38.48,194.59,2.95,36.55,14.86,255.85,0.023,Danger
2026-04-07 01:25:00,36.96,53.61,1.92,132.73,2.07,83.65,134.28,261.22,0.03,Danger
2026-04-07 01:30:00,34.54,56.76,30.87,238.25,0.07,50.33,166.38,297.8,0.019,Danger
2026-04-07 01:35:00,27.77,66.57,1.99,911.29,5.21,11.15,29.04,22.48,0.008,Danger
2026-04-07 01:40:00,33.13,65.3,46.46,963.57,3.3,32.53,86.59,37.59,0.008,Danger
2026-04-07 01:45:00,30.5,71.16,20.79,232.26,4.81,79.3,173.8,329.17,0.033,Warning
2026-04-07 01:50:00,35.38,66.46,25.23,609.63,1.64,14.4,71.79,328.94,0.037,Warning
2026-04-07 01:55:00,34.47,72.37,9.02,916.64,0.93,80.38,123.41,248.73,0.023,Danger
2026-04-07 02:00:00,29.56,62.96,10.17,434.72,0.41,43.44,210.63,151.85,0.101,Warning
2026-04-07 02:05:00,29.36,55.25,30.16,366.06,1.75,3.83,1.67,307.92,0.041,Danger
2026-04-07 02:10:00,22.82,70.51,9.11,154.02,5.58,27.85,151.64,299.83,0.041,Danger
2026-04-07 02:15:00,28.91,61.85,19.63,274.18,6.43,39.05,124.49,301.37,0.027,Danger
2026-04-07 02:20:00,24.88,75.17,4.82,318.0,4.66,21.39,99.71,389.76,0.034,Warning
2026-04-07 02:25:00,27.99,67.56,27.5,1088.33,2.98,53.04,154.3,239.03,0.074,Warning
2026-04-07 02:30:00,34.67,51.18,50.0,32.37,1.41,9.53,272.49,225.34,0.049,Danger
2026-04-07 02:35:00,37.16,62.0,8.57,374.83,6.11,22.83,273.07,309.03,0.031,Danger
2026-04-07 02:40:00,30.26,56.47,1.63,1843.73,5.06,54.44,17.68,375.57,0.083,Danger
2026-04-07 02:45:00,39.41,83.33,14.58,167.05,1.01,17.76,112.35,204.66,0.112,Warning
2026-04-07 02:50:00,39.52,64.94,54.11,946.44,0.65,60.37,58.2,198.43,0.056,Danger
2026-04-07 02:55:00,30.45,65.63,25.47,136.24,3.23,2.42,100.0,326.59,0.013,Warning
2026-04-07 03:00:00,28.59,63.81,4.71,769.95,0.16,2.22,9.01,337.36,0.035,Normal
2026-04-07 03:05:00,32.3,84.76,13.5,833.62,7.01,61.09,78.32,301.37,0.011,Danger
2026-04-07 03:10:00,26.1,58.95,59.81,256.22,0.48,21.76,135.98,261.41,0.083,Danger
2026-04-07 03:15:00,33.36,51.2,1.15,909.6,1.39,67.5,65.03,172.59,0.041,Normal
2026-04-07 03:20:00,25.16,59.34,19.02,653.48,2.77,19.31,21.34,198.13,0.054,Warning
2026-04-07 03:25:00,27.25,78.82,38.76,854.55,0.52,18.5,88.2,237.97,0.032,Danger
2026-04-07 03:30:00,24.12,64.58,6.92,706.5,4.0,64.03,45.93,282.08,0.028,Warning
2026-04-07 03:35:00,23.9,60.71,36.37,388.3,6.7,41.96,40.59,342.8,0.063,Danger
2026-04-07 03:40:00,25.34,83.59,20.19,505.64,0.57,67.18,131.73,300.34,0.035,Warning
2026-04-07 03:45:00,34.17,74.12,1.62,74.9,3.74,42.93,95.2,214.22,0.087,Warning
2026-04-07 03:50:00,28.04,76.07,4.72,800.0,8.18,22.72,109.2,469.9,0.052,Danger
2026-04-07 03:55:00,30.31,72.88,15.82,12.17,5.4,60.12,38.32,346.59,0.039,Danger
2026-04-07 04:00:00,26.53,73.79,2.02,133.33,2.82,12.68,44.37,300.96,0.064,Warning
2026-04-07 04:05:00,28.2,62.09,24.41,857.11,1.15,46.19,136.52,320.34,0.051,Warning
2026-04-07 04:10:00,25.44,60.38,21.86,1045.54,0.55,52.19,47.19,258.84,0.095,Warning
2026-04-07 04:15:00,33.82,52.59,3.55,876.87,2.43,25.95,1.9,306.28,0.08,Warning
2026-04-07 04:20:00,30.09,89.75,31.48,426.96,0.45,19.0,113.54,210.9,0.1,Danger
2026-04-07 04:25:00,37.33,71.33,8.58,298.33,5.77,2.52,192.21,287.97,0.052,Danger
2026-04-07 04:30:00,26.49,64.06,18.79,809.76,0.66,9.49,84.48,303.01,0.023,Warning
2026-04-07 04:35:00,23.42,71.74,15.36,885.49,1.53,41.9,31.96,280.33,0.034,Warning
2026-04-07 04:40:00,30.1,72.4,10.96,218.88,1.1,76.59,248.51,88.41,0.083,Warning
2026-04-07 04:45:00,31.25,74.24,3.99,30.48,3.75,17.64,58.83,144.53,0.068,Warning
2026-04-07 04:50:00,30.7,72.82,28.38,373.72,1.79,0.46,58.97,172.62,0.062,Warning
2026-04-07 04:55:00,35.38,56.83,40.63,534.06,2.72,47.98,100.73,261.53,0.074,Danger
2026-04-07 05:00:00,26.64,81.7,29.7,227.5,2.09,119.08,44.26,292.26,0.04,Danger
2026-04-07 05:05:00,33.53,77.67,7.28,835.67,8.66,22.65,158.49,202.76,0.051,Danger
2026-04-07 05:10:00,29.12,72.97,39.09,467.1,6.6,81.2,164.69,208.72,0.032,Danger
2026-04-07 05:15:00,25.94,74.49,9.24,703.05,1.24,52.94,81.72,356.69,0.084,Normal
2026-04-07 05:20:00,37.18,79.61,17.87,152.36,1.16,63.47,28.37,255.51,0.033,Warning
2026-04-07 05:25:00,29.1,69.93,8.92,163.45,1.84,15.94,52.92,357.42,0.042,Normal
2026-04-07 05:30:00,38.85,79.32,3.41,166.66,1.84,66.13,30.98,322.65,0.086,Warning
2026-04-07 05:35:00,26.13,58.24,29.25,545.55,0.06,5.91,72.95,124.81,0.073,Warning
2026-04-07 05:40:00,27.61,37.16,14.52,277.53,7.07,3.42,29.76,290.63,0.03,Danger
2026-04-07 05:45:00,26.1,70.1,5.81,62.82,7.18,43.18,53.58,249.72,0.065,Danger
2026-04-07 05:50:00,34.87,57.44,22.32,347.99,1.43,26.43,79.33,308.85,0.065,Warning
2026-04-07 05:55:00,22.46,51.42,7.61,1048.59,0.55,11.67,26.37,205.68,0.055,Normal
2026-04-07 06:00:00,37.0,69.56,1.07,1325.97,2.24,3.09,221.21,212.47,0.1,Warning
2026-04-07 06:05:00,25.65,79.3,19.02,887.32,7.71,25.3,207.58,137.29,0.019,Danger
2026-04-07 06:10:00,25.98,70.04,15.66,449.86,2.44,43.65,146.82,337.53,0.105,Warning
2026-04-07 06:15:00,29.89,59.79,27.27,156.72,0.04,59.98,67.59,153.34,0.005,Warning
2026-04-07 06:20:00,30.24,76.42,37.57,533.26,8.03,15.81,66.14,44.61,0.037,Danger
2026-04-07 06:25:00,34.26,80.64,1.6,638.68,5.14,20.45,148.33,269.78,0.073,Danger
2026-04-07 06:30:00,25.26,62.46,8.11,271.04,5.08,19.85,239.77,318.59,0.039,Danger
2026-04-07 06:35:00,29.58,70.66,34.34,596.8,5.32,8.13,19.71,244.82,0.056,Danger
2026-04-07 06:40:00,23.99,51.63,23.95,378.09,1.5,5.61,232.06,350.94,0.013,Warning
2026-04-07 06:45:00,27.34,73.5,27.04,487.56,1.41,7.3,28.32,272.16,0.101,Warning
2026-04-07 06:50:00,26.57,54.74,12.83,809.52,2.34,78.15,62.8,191.25,0.002,Warning
2026-04-07 06:55:00,33.53,63.29,18.41,229.76,1.04,0.54,69.94,196.44,0.004,Warning
2026-04-07 07:00:00,43.64,51.37,18.63,31.61,3.99,23.91,97.44,350.92,0.062,Warning
2026-04-07 07:05:00,29.25,55.5,44.98,778.66,1.74,21.52,94.41,222.35,0.073,Danger
2026-04-07 07:10:00,34.16,63.1,9.38,949.69,4.8,22.89,82.92,277.52,0.071,Warning
2026-04-07 07:15:00,16.23,67.52,6.67,433.74,0.72,14.07,219.2,214.29,0.079,Normal
2026-04-07 07:20:00,25.97,72.59,15.03,605.61,2.02,45.67,176.76,136.41,0.063,Warning
2026-04-07 07:25:00,19.78,59.69,13.91,251.56,0.07,30.86,180.93,173.32,0.033,Warning
2026-04-07 07:30:00,26.34,40.79,17.83,780.42,5.05,14.83,45.17,251.73,0.075,Danger
2026-04-07 07:35:00,30.77,67.89,37.84,278.26,1.34,85.38,60.32,148.61,0.03,Danger
2026-04-07 07:40:00,25.31,68.57,2.92,581.31,0.21,64.94,110.66,261.88,0.066,Normal
2026-04-07 07:45:00,26.64,57.2,23.03,955.71,2.03,36.98,47.84,126.51,0.079,Warning
2026-04-07 07:50:00,34.54,72.11,11.36,679.12,4.68,84.81,178.85,255.11,0.011,Danger
2026-04-07 07:55:00,30.78,67.57,29.18,906.17,1.71,104.04,95.93,283.55,0.026,Danger
2026-04-07 08:00:00,20.46,62.98,14.14,451.57,2.1,64.74,70.76,322.68,0.053,Warning
2026-04-07 08:05:00,35.14,60.68,11.64,134.75,1.88,39.11,227.69,204.8,0.069,Warning
2026-04-07 08:10:00,22.38,66.8,28.37,65.56,1.39,48.64,213.38,356.84,0.061,Warning
2026-04-07 08:15:00,33.58,60.87,19.45,660.22,1.75,21.28,188.76,310.97,0.108,Warning
2026-04-07 08:20:00,30.77,58.09,11.23,624.7,5.05,38.68,80.85,378.76,0.043,Danger
2026-04-07 08:25:00,34.66,69.93,34.12,257.07,0.42,20.81,73.22,228.42,0.058,Danger
2026-04-07 08:30:00,38.92,69.03,27.5,849.34,0.89,13.4,322.54,243.67,0.083,Warning
2026-04-07 08:35:00,34.82,50.22,21.21,544.02,2.99,10.16,31.69,211.92,0.047,Warning
2026-04-07 08:40:00,35.92,83.17,42.93,758.06,1.01,3.64,100.99,199.4,0.067,Danger
2026-04-07 08:45:00,33.6,70.36,35.5,228.62,4.8,7.83,14.09,292.57,0.086,Danger
2026-04-07 08:50:00,32.44,65.21,21.2,540.93,1.38,29.7,72.12,256.39,0.05,Warning
2026-04-07 08:55:00,33.38,62.85,26.26,456.62,7.47,23.23,314.07,278.16,0.044,Danger
2026-04-07 09:00:00,25.5,50.57,4.83,236.12,3.18,1.05,98.69,352.56,0.047,Warning
2026-04-07 09:05:00,40.4,53.24,11.99,338.21,4.81,69.59,64.31,241.41,0.097,Warning
2026-04-07 09:10:00,31.13,51.48,8.94,1001.9,0.14,17.72,227.74,330.89,0.088,Normal
2026-04-07 09:15:00,25.25,49.75,17.66,600.54,3.09,79.13,93.38,318.78,0.017,Warning
2026-04-07 09:20:00,34.28,60.25,1.28,317.03,2.34,21.62,2.73,312.9,0.069,Warning
2026-04-07 09:25:00,38.44,68.66,25.41,920.03,0.12,39.53,100.01,136.19,0.124,Warning
2026-04-07 09:30:00,37.28,86.64,16.25,665.17,0.62,55.32,41.55,46.55,0.026,Warning
2026-04-07 09:35:00,22.72,79.78,51.31,79.12,5.88,58.06,76.98,218.78,0.033,Danger
2026-04-07 09:40:00,33.74,52.71,13.02,294.22,3.42,11.33,26.48,232.94,0.111,Warning
2026-04-07 09:45:00,27.92,54.59,26.67,456.94,2.25,109.26,44.75,219.77,0.055,Danger
2026-04-07 09:50:00,38.65,48.2,20.52,1126.18,2.39,29.41,18.16,266.55,0.09,Warning
2026-04-07 09:55:00,28.3,73.27,13.71,66.88,0.55,77.52,86.89,273.18,0.058,Warning
2026-04-07 10:00:00,35.55,58.9,28.77,250.74,7.95,12.02,8.24,293.97,0.052,Danger
2026-04-07 10:05:00,31.63,67.27,6.81,984.01,4.68,74.36,27.17,283.32,0.056,Warning
2026-04-07 10:10:00,35.64,76.6,18.86,44.61,7.34,42.24,19.16,282.52,0.005,Danger
2026-04-07 10:15:00,35.28,50.29,10.58,573.34,5.12,24.26,143.5,247.75,0.049,Danger
2026-04-07 10:20:00,30.43,63.11,18.73,269.5,2.73,10.04,64.42,224.13,0.024,Warning
2026-04-07 10:25:00,27.53,61.93,15.1,618.01,1.46,21.19,59.81,457.79,0.016,Warning
2026-04-07 10:30:00,27.41,70.17,22.22,656.26,0.67,29.54,86.13,225.03,0.057,Warning
2026-04-07 10:35:00,35.28,64.78,14.69,820.45,4.88,83.36,95.62,322.41,0.068,Danger
2026-04-07 10:40:00,25.57,67.52,36.02,251.25,3.33,54.85,27.1,238.62,0.059,Danger
2026-04-07 10:45:00,26.02,56.21,12.3,740.49,3.93,14.46,145.22,183.12,0.002,Warning
2026-04-07 10:50:00,28.16,76.23,28.12,499.53,0.75,4.41,90.88,164.53,0.04,Warning
2026-04-07 10:55:00,28.92,51.49,1.77,623.15,2.03,7.65,11.14,376.15,0.025,Warning
2026-04-07 11:00:00,31.26,60.12,15.73,637.28,2.11,19.74,199.07,390.92,0.046,Warning
2026-04-07 11:05:00,30.21,87.11,37.7,314.81,0.14,58.26,21.1,337.02,0.06,Danger
2026-04-07 11:10:00,32.59,62.43,2.4,938.6,1.26,3.56,71.99,265.44,0.019,Normal
2026-04-07 11:15:00,27.18,58.82,31.91,234.21,3.27,58.68,67.04,358.92,0.05,Danger
2026-04-07 11:20:00,32.51,70.36,16.12,477.57,5.13,25.84,219.91,299.67,0.031,Danger
2026-04-07 11:25:00,27.51,57.73,39.35,378.48,0.4,32.79,70.28,273.57,0.107,Danger
2026-04-07 11:30:00,34.57,65.27,13.17,350.01,4.13,26.84,294.1,251.15,0.051,Warning
2026-04-07 11:35:00,26.67,69.97,8.16,1149.47,5.95,59.37,59.04,266.43,0.086,Danger
2026-04-07 11:40:00,32.97,54.98,2.0,364.42,0.19,81.15,112.1,302.47,0.011,Danger
2026-04-07 11:45:00,25.19,44.9,4.02,953.22,2.79,27.93,181.71,348.5,0.053,Warning
2026-04-07 11:50:00,40.17,73.22,28.65,258.99,3.88,28.67,131.98,195.23,0.054,Warning
2026-04-07 11:55:00,25.92,43.53,34.97,49.28,2.32,33.32,112.66,227.35,0.058,Danger
2026-04-07 12:00:00,32.35,72.35,49.67,570.26,2.19,16.27,123.59,303.39,0.044,Danger
2026-04-07 12:05:00,32.72,62.07,28.42,773.78,4.7,24.71,24.0,201.05,0.068,Warning
2026-04-07 12:10:00,42.24,61.59,24.12,333.18,0.92,7.05,128.25,358.27,0.017,Warning
2026-04-07 12:15:00,28.68,53.22,2.69,912.96,2.6,18.62,21.05,188.76,0.049,Warning
2026-04-07 12:20:00,30.86,83.96,23.33,489.56,1.05,57.86,115.48,297.23,0.06,Warning
2026-04-07 12:25:00,25.34,77.11,30.97,774.66,5.79,36.71,228.1,280.21,0.043,Danger
2026-04-07 12:30:00,29.97,64.76,4.61,989.57,2.89,23.79,118.83,488.39,0.016,Warning
2026-04-07 12:35:00,25.77,51.19,10.35,573.66,0.6,1.59,94.24,209.83,0.059,Warning
2026-04-07 12:40:00,35.57,71.77,32.62,825.78,2.85,13.65,2.77,218.71,0.034,Danger
2026-04-07 12:45:00,33.66,68.47,28.94,151.9,6.3,2.92,30.0,214.86,0.125,Danger
2026-04-07 12:50:00,28.06,61.75,11.16,455.41,0.34,25.73,187.56,275.14,0.017,Warning
2026-04-07 12:55:00,28.28,59.48,16.06,899.14,1.55,16.47,257.76,320.1,0.067,Warning
2026-04-07 13:00:00,39.79,69.9,24.73,749.8,2.78,38.08,91.37,212.65,0.039,Warning
2026-04-07 13:05:00,26.15,61.51,35.65,285.81,3.64,18.63,61.05,275.91,0.02,Danger
2026-04-07 13:10:00,23.44,69.92,37.46,476.28,0.63,26.23,85.55,269.43,0.026,Danger
2026-04-07 13:15:00,24.65,56.55,18.02,555.76,3.91,30.3,50.07,365.76,0.088,Warning
2026-04-07 13:20:00,23.71,68.33,3.09,541.66,5.16,105.2,155.13,273.59,0.04,Danger
2026-04-07 13:25:00,30.91,78.6,14.11,234.17,2.86,40.52,104.73,198.33,0.081,Warning
2026-04-07 13:30:00,27.89,63.65,14.67,394.71,2.71,66.06,34.25,289.08,0.055,Warning
2026-04-07 13:35:00,30.77,73.72,15.99,644.07,4.15,0.17,109.92,229.94,0.046,Warning
2026-04-07 13:40:00,28.39,69.71,16.63,618.36,1.95,44.16,83.14,255.08,0.057,Warning
2026-04-07 13:45:00,27.03,53.05,27.49,417.92,2.51,8.74,79.39,214.06,0.021,Warning
2026-04-07 13:50:00,32.37,58.97,18.28,623.14,0.24,28.16,322.61,207.78,0.069,Warning
2026-04-07 13:55:00,39.7,72.9,8.99,479.87,0.5,55.27,136.63,208.85,0.019,Warning
2026-04-07 14:00:00,23.39,74.87,17.41,564.5,0.47,38.54,176.26,253.36,0.077,Warning
2026-04-07 14:05:00,28.07,62.63,29.27,719.7,4.39,8.19,141.45,338.73,0.047,Warning
2026-04-07 14:10:00,27.43,78.43,1.91,688.84,1.82,53.66,192.86,29.37,0.01,Normal
2026-04-07 14:15:00,32.64,70.27,2.25,544.35,5.59,48.28,104.97,246.35,0.051,Danger
2026-04-07 14:20:00,32.47,64.71,22.48,1158.9,5.6,31.4,45.49,231.12,0.082,Danger
2026-04-07 14:25:00,19.2,60.01,20.21,414.47,0.58,23.19,19.51,189.92,0.069,Warning
2026-04-07 14:30:00,32.27,70.51,11.46,328.48,1.64,40.05,137.68,281.53,0.059,Warning
2026-04-07 14:35:00,30.31,63.51,36.32,368.04,7.37,20.52,49.27,251.35,0.061,Danger
2026-04-07 14:40:00,33.29,62.71,23.5,1003.0,5.02,113.61,14.32,384.1,0.026,Danger
2026-04-07 14:45:00,31.77,72.32,4.78,526.39,4.73,8.41,246.94,139.23,0.108,Warning
2026-04-07 14:50:00,35.01,64.1,6.95,347.89,1.59,18.06,205.52,407.49,0.056,Warning
2026-04-07 14:55:00,25.77,59.54,11.34,190.96,1.54,103.89,110.26,183.35,0.074,Danger
2026-04-07 15:00:00,24.11,54.04,1.06,996.35,1.24,77.67,201.01,225.49,0.005,Normal
2026-04-07 15:05:00,28.42,70.21,23.08,1039.52,0.56,21.87,10.04,126.62,0.077,Warning
2026-04-07 15:10:00,32.32,67.84,23.54,294.36,1.02,21.51,196.12,378.65,0.074,Warning
2026-04-07 15:15:00,30.15,67.7,15.23,192.22,2.07,33.39,67.59,380.89,0.075,Warning
2026-04-07 15:20:00,25.38,64.28,1.69,481.25,5.12,46.12,328.41,345.4,0.056,Danger
2026-04-07 15:25:00,33.39,62.98,7.55,891.73,5.03,10.36,107.39,349.28,0.075,Danger
2026-04-07 15:30:00,22.68,67.44,11.65,833.9,5.09,72.74,31.79,187.27,0.083,Danger
2026-04-07 15:35:00,27.04,49.79,25.65,335.83,7.37,31.85,96.03,220.46,0.098,Danger
2026-04-07 15:40:00,31.79,60.92,0.88,477.96,0.93,61.16,100.83,238.84,0.068,Normal
2026-04-07 15:45:00,31.71,57.83,28.21,234.19,1.93,46.07,126.29,196.0,0.086,Warning
2026-04-07 15:50:00,30.43,72.43,45.58,835.26,5.36,27.71,159.39,267.09,0.014,Danger
2026-04-07 15:55:00,31.51,67.56,26.67,461.6,0.28,46.26,51.33,366.71,0.043,Warning
2026-04-07 16:00:00,31.23,70.59,26.81,77.3,4.47,32.13,16.47,190.03,0.04,Warning
2026-04-07 16:05:00,23.51,82.22,44.72,635.51,1.33,12.12,155.81,390.63,0.033,Danger
2026-04-07 16:10:00,24.41,80.48,20.74,197.44,1.26,42.42,191.21,318.55,0.033,Warning
2026-04-07 16:15:00,36.4,79.49,12.74,364.8,8.78,48.85,105.63,359.08,0.059,Danger
2026-04-07 16:20:00,27.47,65.8,35.77,97.66,1.14,75.32,28.81,373.69,0.092,Danger
2026-04-07 16:25:00,29.67,59.31,9.25,1299.38,7.62,25.02,19.18,259.36,0.057,Danger
2026-04-07 16:30:00,23.78,65.8,41.45,39.81,4.48,74.99,23.94,385.53,0.029,Danger
2026-04-07 16:35:00,32.21,61.93,8.86,314.81,4.1,53.95,73.56,141.2,0.062,Warning
2026-04-07 16:40:00,32.11,62.83,52.34,30.82,4.65,9.23,151.04,165.53,0.021,Danger
2026-04-07 16:45:00,34.76,69.63,22.54,734.43,0.72,4.84,160.98,142.41,0.014,Warning
2026-04-07 16:50:00,27.83,74.31,20.11,757.19,4.05,32.62,145.39,141.94,0.076,Warning
2026-04-07 16:55:00,29.44,95.71,28.54,910.73,0.82,44.69,27.3,272.2,0.081,Warning
2026-04-07 17:00:00,38.61,79.22,4.31,839.05,3.17,6.18,58.81,193.21,0.051,Warning
2026-04-07 17:05:00,26.35,54.72,24.58,688.62,1.44,74.71,53.96,225.78,0.07,Warning
2026-04-07 17:10:00,29.34,65.85,35.41,505.01,3.48,28.84,53.53,166.59,0.034,Danger
2026-04-07 17:15:00,27.57,71.64,19.45,70.32,2.25,32.73,47.14,245.13,0.056,Warning
2026-04-07 17:20:00,33.82,49.25,10.11,952.5,6.25,54.04,133.68,382.37,0.108,Danger
2026-04-07 17:25:00,29.35,55.31,9.59,1429.01,2.71,1.18,61.27,259.98,0.014,Warning
2026-04-07 17:30:00,29.46,45.5,27.35,866.7,0.85,14.59,63.66,264.47,0.049,Warning
2026-04-07 17:35:00,33.84,77.33,1.28,407.2,4.7,36.87,117.07,268.11,0.065,Warning
2026-04-07 17:40:00,26.39,59.21,0.2,239.92,4.08,27.22,53.45,177.57,0.006,Warning
2026-04-07 17:45:00,34.35,59.8,18.77,47.58,0.23,50.24,338.73,91.9,0.044,Warning
2026-04-07 17:50:00,32.06,58.84,31.99,239.98,2.46,0.88,201.94,195.89,0.039,Danger
2026-04-07 17:55:00,34.73,54.72,16.38,46.76,1.26,35.29,19.07,206.43,0.065,Warning
2026-04-07 18:00:00,27.1,73.23,19.31,630.7,5.72,32.79,233.88,322.9,0.034,Danger
2026-04-07 18:05:00,36.47,67.64,7.11,583.52,5.34,38.2,262.24,336.92,0.066,Danger
2026-04-07 18:10:00,24.87,63.2,16.43,708.99,3.91,26.78,92.03,307.64,0.024,Warning
2026-04-07 18:15:00,38.48,44.53,44.11,486.44,5.01,34.55,114.6,294.34,0.074,Danger
2026-04-07 18:20:00,28.36,75.35,6.69,498.4,4.51,59.8,126.08,218.53,0.077,Warning
2026-04-07 18:25:00,26.65,82.51,13.31,38.11,1.58,21.75,93.98,407.57,0.019,Warning
2026-04-07 18:30:00,30.2,54.41,5.15,1005.19,1.41,43.48,119.29,248.07,0.066,Normal
2026-04-07 18:35:00,24.2,81.56,53.5,514.13,9.27,4.04,120.04,364.55,0.036,Danger
2026-04-07 18:40:00,23.09,48.88,56.22,341.29,1.44,24.51,174.83,187.48,0.035,Danger
2026-04-07 18:45:00,31.5,54.36,11.43,920.66,3.28,25.22,101.49,218.87,0.11,Warning
2026-04-07 18:50:00,25.94,67.11,17.3,802.63,5.31,18.72,109.07,276.28,0.018,Danger
2026-04-07 18:55:00,22.06,58.95,3.77,140.22,4.25,20.08,58.53,149.51,0.049,Warning
2026-04-07 19:00:00,16.87,63.37,16.26,572.57,2.69,28.99,24.14,185.0,0.072,Warning
2026-04-07 19:05:00,40.07,65.51,1.34,556.6,4.82,44.84,354.31,192.77,0.058,Warning
2026-04-07 19:10:00,37.74,79.86,24.0,498.99,6.45,135.63,150.38,220.57,0.02,Danger
2026-04-07 19:15:00,41.09,72.29,1.96,439.05,2.93,41.75,9.96,200.86,0.0,Warning
2026-04-07 19:20:00,35.2,61.58,24.33,926.68,2.66,15.48,99.39,255.06,0.087,Warning
2026-04-07 19:25:00,31.55,59.56,35.96,869.15,2.01,81.31,116.47,272.66,0.08,Danger
2026-04-07 19:30:00,27.17,74.54,7.46,57.51,0.99,42.68,14.55,378.81,0.086,Normal
2026-04-07 19:35:00,36.67,66.25,20.16,141.89,4.99,35.19,136.73,385.06,0.032,Warning
2026-04-07 19:40:00,29.37,68.27,3.71,443.72,3.48,6.98,210.9,129.13,0.084,Warning
2026-04-07 19:45:00,33.31,59.31,3.49,124.08,0.39,61.89,74.39,343.04,0.031,Normal
2026-04-07 19:50:00,33.54,57.83,4.31,467.86,0.01,41.71,61.77,258.51,0.088,Normal
2026-04-07 19:55:00,34.68,77.2,29.41,599.78,1.69,25.99,139.68,366.6,0.071,Warning
2026-04-07 20:00:00,36.2,54.68,8.47,628.81,5.48,14.19,71.76,304.97,0.016,Danger
2026-04-07 20:05:00,38.04,56.21,23.37,503.02,7.1,43.46,155.11,253.31,0.045,Danger
2026-04-07 20:10:00,22.28,42.41,18.93,893.76,3.03,44.94,238.37,276.3,0.046,Warning
2026-04-07 20:15:00,25.91,85.22,25.53,216.92,1.51,70.12,23.74,398.31,0.033,Warning
2026-04-07 20:20:00,37.11,69.87,17.37,447.36,7.67,48.28,10.32,112.49,0.055,Danger
2026-04-07 20:25:00,29.99,49.8,13.89,327.82,2.03,49.04,229.26,322.71,0.028,Warning
2026-04-07 20:30:00,31.84,65.63,11.64,619.47,7.57,21.3,79.42,252.42,0.014,Danger
2026-04-07 20:35:00,34.32,70.25,11.58,400.65,1.36,20.33,2.78,138.98,0.084,Warning
2026-04-07 20:40:00,28.07,66.67,20.71,596.61,1.52,47.03,21.13,281.66,0.028,Warning
2026-04-07 20:45:00,28.23,86.27,21.91,273.49,7.69,18.22,9.4,343.5,0.052,Danger
2026-04-07 20:50:00,28.26,66.92,1.84,194.75,1.66,20.44,81.07,278.35,0.076,Normal
2026-04-07 20:55:00,35.64,60.94,24.99,647.76,2.98,0.82,22.81,290.16,0.001,Warning
2026-04-07 21:00:00,28.66,39.46,11.73,236.86,5.29,47.52,24.61,308.35,0.077,Danger
2026-04-07 21:05:00,29.2,51.16,10.84,470.63,1.7,34.68,107.98,285.6,0.058,Warning
2026-04-07 21:10:00,33.65,63.21,19.04,380.68,0.25,73.53,124.38,320.14,0.031,Warning
2026-04-07 21:15:00,26.25,67.62,14.79,255.19,0.55,11.14,0.41,378.09,0.104,Warning
2026-04-07 21:20:00,19.89,70.44,32.17,662.9,0.03,10.24,5.17,216.38,0.014,Danger
2026-04-07 21:25:00,29.43,49.97,11.0,125.43,2.62,7.18,109.06,336.53,0.098,Warning
2026-04-07 21:30:00,17.36,56.66,8.94,638.1,2.95,19.28,93.04,256.79,0.061,Warning
2026-04-07 21:35:00,32.22,68.39,18.87,516.72,3.99,69.57,234.43,73.64,0.018,Warning
2026-04-07 21:40:00,28.87,71.73,44.91,491.56,4.38,59.78,10.27,225.93,0.032,Danger
2026-04-07 21:45:00,28.04,54.68,2.79,630.31,2.39,39.66,101.4,306.35,0.076,Warning
2026-04-07 21:50:00,21.29,56.46,10.37,493.2,0.01,56.48,277.99,264.89,0.053,Warning
2026-04-07 21:55:00,34.25,46.34,15.57,793.71,0.07,29.06,61.42,245.15,0.023,Warning
2026-04-07 22:00:00,40.48,60.21,8.07,471.91,4.72,20.7,128.56,180.28,0.095,Warning
2026-04-07 22:05:00,32.81,75.48,22.3,747.47,0.62,0.34,214.65,374.78,0.016,Warning
2026-04-07 22:10:00,31.25,60.69,1.06,585.45,5.42,38.07,48.05,291.19,0.039,Danger
2026-04-07 22:15:00,32.06,78.96,26.54,739.18,2.62,69.13,16.3,152.59,0.071,Warning
2026-04-07 22:20:00,31.82,55.01,10.06,443.76,1.61,22.46,91.56,172.73,0.063,Warning
2026-04-07 22:25:00,37.45,63.51,17.6,1105.43,1.56,67.65,187.09,318.35,0.089,Warning
2026-04-07 22:30:00,31.4,59.17,36.89,839.85,5.32,21.78,8.38,265.31,0.078,Danger
2026-04-07 22:35:00,35.12,60.7,21.31,107.37,4.95,11.33,158.53,158.06,0.081,Warning
2026-04-07 22:40:00,31.61,57.19,28.83,322.89,4.25,9.04,92.1,171.41,0.037,Warning
2026-04-07 22:45:00,36.84,74.01,47.48,996.09,0.4,12.46,38.87,196.28,0.005,Danger
2026-04-07 22:50:00,29.93,52.14,14.32,1134.73,0.47,27.79,170.66,272.42,0.059,Warning
2026-04-07 22:55:00,28.19,62.68,4.2,753.81,3.22,58.84,60.37,327.01,0.039,Warning
2026-04-07 23:00:00,23.84,70.79,33.58,368.58,4.16,71.4,52.06,353.39,0.043,Danger
2026-04-07 23:05:00,20.69,58.01,3.47,450.21,0.89,27.16,73.05,358.78,0.063,Normal
2026-04-07 23:10:00,32.29,76.65,7.22,121.44,5.62,25.43,93.94,199.33,0.031,Danger
2026-04-07 23:15:00,34.23,74.85,30.68,737.89,3.71,25.26,62.46,346.83,0.039,Danger
2026-04-07 23:20:00,31.85,56.96,1.81,429.15,0.41,51.91,54.8,257.94,0.054,Normal
2026-04-07 23:25:00,20.95,60.59,20.11,628.62,1.39,47.08,69.07,251.09,0.058,Warning
2026-04-07 23:30:00,34.63,58.24,5.26,299.33,1.0,77.05,137.27,159.51,0.032,Normal
2026-04-07 23:35:00,31.86,55.93,0.49,903.49,0.16,58.19,205.53,191.32,0.023,Normal
2026-04-07 23:40:00,28.62,54.11,17.42,438.3,3.08,75.88,161.75,289.14,0.009,Warning
2026-04-07 23:45:00,32.22,82.23,45.21,706.81,1.52,13.99,160.11,386.78,0.073,Danger
2026-04-07 23:50:00,28.14,55.57,17.89,761.95,0.84,8.38,362.2,336.29,0.085,Warning
2026-04-07 23:55:00,22.7,57.93,16.49,199.66,6.8,76.41,26.65,392.71,0.05,Danger
2026-04-08 00:00:00,42.95,66.45,26.52,919.97,5.83,40.43,65.89,291.13,0.026,Danger
2026-04-08 00:05:00,30.76,53.91,20.62,515.13,5.79,57.03,71.81,389.76,0.033,Danger
2026-04-08 00:10:00,20.41,43.18,8.62,744.99,0.1,38.44,244.63,161.99,0.064,Normal
2026-04-08 00:15:00,32.69,56.39,42.08,413.69,0.85,104.46,132.28,324.02,0.091,Danger
2026-04-08 00:20:00,26.75,77.5,4.96,336.61,1.18,4.88,162.22,271.38,0.035,Normal
2026-04-08 00:25:00,33.37,62.25,8.44,514.61,3.39,35.59,43.68,317.77,0.043,Warning
2026-04-08 00:30:00,26.73,50.32,34.66,503.72,2.63,61.83,32.26,140.05,0.052,Danger
2026-04-08 00:35:00,31.54,62.37,44.47,245.85,5.36,51.65,125.68,16.87,0.089,Danger
2026-04-08 00:40:00,24.87,59.92,11.59,622.23,3.92,55.71,161.59,270.23,0.062,Warning
2026-04-08 00:45:00,24.55,57.49,32.91,751.16,4.17,0.58,171.05,157.1,0.082,Danger
2026-04-08 00:50:00,28.7,81.84,15.43,1029.02,0.92,4.82,99.48,194.23,0.048,Warning
2026-04-08 00:55:00,26.31,57.99,24.74,229.53,0.3,34.91,29.61,354.93,0.025,Warning
2026-04-08 01:00:00,26.34,66.94,7.58,1168.45,1.51,33.41,174.38,323.97,0.057,Normal
2026-04-08 01:05:00,29.19,85.24,13.0,367.49,0.06,49.07,162.16,62.15,0.05,Warning
2026-04-08 01:10:00,28.98,87.4,21.63,229.67,1.59,12.1,25.05,243.52,0.012,Warning
2026-04-08 01:15:00,31.79,41.79,14.48,319.89,5.05,90.21,46.89,361.26,0.041,Danger
2026-04-08 01:20:00,25.17,82.46,25.42,501.33,4.06,30.97,73.08,143.89,0.042,Warning
2026-04-08 01:25:00,33.12,63.77,33.05,615.1,0.63,32.77,64.28,208.06,0.06,Danger
2026-04-08 01:30:00,26.41,58.85,36.06,544.46,0.11,20.71,217.89,273.5,0.068,Danger
2026-04-08 01:35:00,26.24,75.26,61.36,262.56,1.55,27.02,167.55,242.69,0.018,Danger
2026-04-08 01:40:00,29.46,70.98,6.86,682.18,5.49,29.61,77.21,316.35,0.024,Danger
2026-04-08 01:45:00,25.23,62.33,5.16,259.0,7.49,106.88,44.63,257.34,0.044,Danger
2026-04-08 01:50:00,35.54,78.06,20.55,642.8,1.92,90.33,124.02,184.13,0.043,Danger
2026-04-08 01:55:00,28.56,70.25,35.84,155.54,7.52,84.23,7.53,255.82,0.101,Danger
2026-04-08 02:00:00,36.16,61.63,31.29,1399.16,2.32,5.31,97.24,269.72,0.034,Danger
2026-04-08 02:05:00,32.21,52.46,1.69,727.47,3.26,56.13,121.2,111.49,0.035,Warning
2026-04-08 02:10:00,31.43,78.25,16.15,426.03,3.74,14.84,93.94,154.04,0.052,Warning
2026-04-08 02:15:00,29.35,56.96,18.3,547.56,5.53,44.23,72.4,189.18,0.076,Danger
2026-04-08 02:20:00,33.77,70.08,0.92,765.64,2.59,49.41,47.59,247.32,0.07,Warning
2026-04-08 02:25:00,15.12,78.23,17.62,29.67,2.3,63.7,139.94,337.93,0.009,Warning
2026-04-08 02:30:00,27.93,55.75,49.35,691.81,10.54,1.3,7.53,238.57,0.091,Danger
2026-04-08 02:35:00,28.17,66.24,16.93,511.85,0.04,14.51,61.99,249.39,0.078,Warning
2026-04-08 02:40:00,38.8,56.6,7.16,252.5,2.56,1.53,103.98,338.29,0.026,Warning
2026-04-08 02:45:00,32.46,60.4,24.21,231.06,5.59,56.53,136.84,313.46,0.028,Danger
2026-04-08 02:50:00,26.9,72.52,0.35,933.69,1.03,40.08,289.92,193.5,0.052,Normal
2026-04-08 02:55:00,35.27,74.51,8.44,344.98,1.3,77.91,52.09,256.25,0.037,Warning
2026-04-08 03:00:00,33.53,66.56,5.07,209.35,4.0,13.25,159.39,355.9,0.071,Warning
2026-04-08 03:05:00,32.77,63.73,30.5,585.88,7.41,16.06,214.3,319.93,0.072,Danger
2026-04-08 03:10:00,19.94,74.29,12.45,366.82,2.45,19.78,83.36,145.76,0.006,Warning
2026-04-08 03:15:00,32.43,73.72,18.81,845.25,1.74,17.83,11.7,125.18,0.106,Warning
2026-04-08 03:20:00,35.66,51.07,18.12,469.99,1.18,3.64,118.13,315.45,0.062,Warning
2026-04-08 03:25:00,29.4,63.43,33.74,639.03,2.22,18.56,114.53,212.53,0.075,Danger
2026-04-08 03:30:00,24.62,60.89,27.22,160.14,2.72,22.52,89.65,146.1,0.073,Warning
2026-04-08 03:35:00,28.98,77.85,9.1,471.81,3.2,26.82,183.18,290.85,0.002,Warning
2026-04-08 03:40:00,29.81,68.86,3.2,56.04,2.84,108.45,41.3,375.54,0.027,Danger
2026-04-08 03:45:00,31.08,72.72,14.83,410.68,4.18,95.66,110.06,208.72,0.044,Danger
2026-04-08 03:50:00,42.6,66.35,3.11,156.48,3.48,34.54,145.46,218.26,0.05,Warning
2026-04-08 03:55:00,24.15,66.33,24.63,339.45,7.07,13.48,108.35,317.87,0.048,Danger
2026-04-08 04:00:00,29.06,50.71,42.15,449.03,3.61,46.91,17.17,234.2,0.09,Danger
2026-04-08 04:05:00,24.41,86.28,0.1,146.14,2.4,108.33,111.1,238.72,0.064,Danger
2026-04-08 04:10:00,30.17,68.82,0.64,320.08,1.55,25.2,75.53,218.9,0.036,Normal
2026-04-08 04:15:00,31.6,46.79,10.42,1195.21,1.26,71.42,85.47,201.76,0.01,Warning
2026-04-08 04:20:00,30.7,79.53,7.22,475.71,5.03,33.63,77.23,257.91,0.095,Danger
2026-04-08 04:25:00,29.82,37.59,22.76,440.46,3.49,47.17,177.51,191.41,0.023,Warning
2026-04-08 04:30:00,29.82,58.56,17.0,439.18,1.6,0.45,124.28,253.35,0.048,Warning
2026-04-08 04:35:00,39.69,72.31,32.05,450.21,2.66,2.76,157.75,241.17,0.057,Danger
2026-04-08 04:40:00,30.8,64.82,73.76,300.01,0.03,47.76,20.48,226.69,0.017,Danger
2026-04-08 04:45:00,32.46,70.04,8.7,714.45,3.57,8.27,63.0,156.22,0.002,Warning
2026-04-08 04:50:00,28.46,71.94,40.64,335.81,4.2,45.46,201.86,221.98,0.004,Danger
2026-04-08 04:55:00,30.35,54.86,0.53,409.63,0.98,25.66,150.32,220.58,0.062,Normal
2026-04-08 05:00:00,30.07,74.35,11.23,476.32,0.88,13.51,1.65,179.39,0.073,Warning
2026-04-08 05:05:00,24.58,61.81,35.31,394.19,4.49,3.64,25.12,122.41,0.089,Danger
2026-04-08 05:10:00,24.32,72.47,5.0,895.22,8.62,47.46,28.48,311.85,0.065,Danger
2026-04-08 05:15:00,33.88,59.26,54.75,535.41,1.65,9.87,40.36,377.28,0.03,Danger
2026-04-08 05:20:00,32.46,60.29,2.69,73.08,3.79,71.97,11.6,126.38,0.074,Warning
2026-04-08 05:25:00,21.77,77.2,3.09,169.01,2.75,21.53,9.29,278.32,0.023,Warning
2026-04-08 05:30:00,38.21,65.44,10.86,194.83,4.97,44.04,218.68,195.38,0.059,Warning
2026-04-08 05:35:00,32.13,71.95,37.55,284.82,1.66,4.41,74.74,305.87,0.0,Danger
2026-04-08 05:40:00,35.55,53.61,8.85,873.18,2.98,33.58,38.06,166.47,0.078,Warning
2026-04-08 05:45:00,27.05,60.05,34.28,185.03,2.81,21.72,79.73,208.53,0.033,Danger
2026-04-08 05:50:00,24.61,69.83,1.64,790.62,1.33,22.34,56.22,217.13,0.08,Normal
2026-04-08 05:55:00,28.15,62.24,43.23,652.48,6.99,70.36,8.72,329.2,0.096,Danger
2026-04-08 06:00:00,37.66,74.88,34.35,409.2,0.51,5.91,86.48,357.42,0.042,Danger
2026-04-08 06:05:00,36.46,52.69,36.65,351.54,1.85,85.08,190.73,266.94,0.051,Danger
2026-04-08 06:10:00,32.2,66.95,0.85,376.38,7.88,126.89,236.27,288.26,0.04,Danger
2026-04-08 06:15:00,26.01,57.68,3.93,1145.35,7.42,49.85,16.06,321.44,0.043,Danger
2026-04-08 06:20:00,19.23,67.87,1.84,257.58,1.25,0.07,76.57,243.41,0.006,Normal
2026-04-08 06:25:00,37.6,55.17,4.05,401.43,1.67,78.36,106.94,295.32,0.058,Warning
2026-04-08 06:30:00,31.16,68.1,23.65,425.02,5.49,177.69,40.43,283.85,0.033,Danger
2026-04-08 06:35:00,40.24,51.46,27.5,77.84,1.04,18.63,186.97,163.83,0.07,Warning
2026-04-08 06:40:00,30.09,67.73,34.17,115.23,4.43,2.76,189.59,276.76,0.044,Danger
2026-04-08 06:45:00,27.05,73.23,40.22,340.14,1.4,47.77,64.85,145.56,0.018,Danger
2026-04-08 06:50:00,27.92,51.64,23.78,159.37,3.93,30.86,45.97,405.74,0.049,Warning
2026-04-08 06:55:00,31.71,55.54,58.27,337.61,1.32,72.68,61.83,253.83,0.042,Danger
2026-04-08 07:00:00,28.63,68.71,26.06,307.03,0.3,4.37,60.13,122.77,0.059,Warning
2026-04-08 07:05:00,34.69,73.71,32.64,426.48,1.31,25.75,38.22,297.35,0.049,Danger
2026-04-08 07:10:00,20.52,55.33,15.12,527.03,2.22,41.46,85.62,137.71,0.0,Warning
2026-04-08 07:15:00,27.77,60.12,2.57,288.88,2.04,8.81,87.07,219.56,0.055,Warning
2026-04-08 07:20:00,34.39,73.39,40.76,751.44,2.72,2.66,41.22,179.78,0.05,Danger
2026-04-08 07:25:00,33.49,57.74,14.26,296.79,2.63,1.98,6.05,195.6,0.065,Warning
2026-04-08 07:30:00,29.52,60.72,20.23,375.65,5.38,18.95,61.3,137.62,0.04,Danger
2026-04-08 07:35:00,21.6,72.46,30.33,735.25,2.09,15.19,0.03,372.41,0.093,Danger
2026-04-08 07:40:00,30.61,59.84,42.37,291.65,2.69,74.08,3.63,316.34,0.066,Danger
2026-04-08 07:45:00,29.8,55.07,0.51,586.84,2.27,25.23,134.11,328.82,0.008,Warning
2026-04-08 07:50:00,36.58,81.95,23.2,188.59,1.02,18.1,107.05,251.76,0.058,Warning
2026-04-08 07:55:00,29.55,67.65,5.79,398.54,0.27,96.69,226.39,294.42,0.09,Danger
2026-04-08 08:00:00,33.99,66.81,15.11,421.35,0.99,25.32,68.62,289.42,0.06,Warning
2026-04-08 08:05:00,24.16,57.54,38.22,236.69,2.51,12.41,130.64,181.51,0.053,Danger
2026-04-08 08:10:00,30.84,67.3,16.58,603.38,8.58,122.45,16.08,64.54,0.068,Danger
2026-04-08 08:15:00,30.93,75.61,20.7,517.58,5.39,70.75,58.66,184.67,0.047,Danger
2026-04-08 08:20:00,30.49,62.74,23.68,798.83,7.17,43.16,5.23,238.21,0.048,Danger
2026-04-08 08:25:00,32.57,68.88,56.01,361.55,3.15,114.19,21.48,261.61,0.022,Danger
2026-04-08 08:30:00,30.41,57.2,35.94,544.2,0.81,53.62,97.97,326.23,0.016,Danger
2026-04-08 08:35:00,31.84,72.73,6.53,122.3,1.88,69.12,192.59,215.73,0.012,Normal
2026-04-08 08:40:00,27.84,60.32,23.93,468.5,0.26,64.17,94.04,284.83,0.002,Warning
2026-04-08 08:45:00,17.88,50.62,5.39,672.91,5.03,83.71,97.06,358.82,0.023,Danger
2026-04-08 08:50:00,32.52,65.85,31.35,429.86,3.42,64.09,14.88,269.38,0.007,Danger
2026-04-08 08:55:00,33.51,84.55,9.89,472.59,4.64,21.26,96.51,218.72,0.037,Warning
2026-04-08 09:00:00,29.57,65.42,8.63,480.19,6.71,3.23,43.73,237.89,0.029,Danger
2026-04-08 09:05:00,23.31,66.39,0.79,312.59,2.46,41.33,94.16,303.67,0.008,Warning
2026-04-08 09:10:00,25.12,47.0,5.28,628.42,2.34,115.67,188.69,175.51,0.014,Danger
2026-04-08 09:15:00,43.53,75.63,26.79,522.46,2.82,39.28,95.7,255.7,0.023,Warning
2026-04-08 09:20:00,27.31,80.15,12.5,1121.35,3.22,0.89,74.73,153.25,0.025,Warning
2026-04-08 09:25:00,31.58,67.67,1.41,168.34,6.43,8.57,31.63,271.99,0.056,Danger
2026-04-08 09:30:00,28.39,66.49,8.1,727.97,0.99,4.22,144.88,346.32,0.098,Normal
2026-04-08 09:35:00,35.28,61.76,15.82,921.52,6.11,6.88,172.12,223.43,0.095,Danger
2026-04-08 09:40:00,27.43,84.79,30.72,1039.26,0.61,36.2,16.93,317.52,0.077,Danger
2026-04-08 09:45:00,41.99,69.82,29.48,358.75,3.62,4.8,91.59,263.96,0.039,Warning
2026-04-08 09:50:00,30.31,61.25,7.41,823.0,2.53,33.88,65.73,283.88,0.066,Warning
2026-04-08 09:55:00,28.01,85.85,30.78,735.31,4.14,41.66,97.62,294.05,0.076,Danger
2026-04-08 10:00:00,26.37,67.99,11.33,171.87,4.15,2.57,69.79,206.87,0.026,Warning
2026-04-08 10:05:00,35.14,66.53,42.65,300.03,4.62,133.58,115.6,318.93,0.071,Danger
2026-04-08 10:10:00,22.89,70.86,21.13,422.08,0.65,47.76,17.24,420.69,0.053,Warning
2026-04-08 10:15:00,23.88,59.86,9.44,1223.71,0.65,15.35,26.22,289.94,0.034,Normal
2026-04-08 10:20:00,24.3,63.05,9.01,322.33,0.38,67.39,48.03,159.27,0.036,Normal
2026-04-08 10:25:00,30.27,51.64,47.52,760.27,6.29,35.69,129.37,372.83,0.024,Danger
2026-04-08 10:30:00,26.09,66.56,42.56,815.99,4.72,7.53,47.24,277.68,0.046,Danger
2026-04-08 10:35:00,34.45,73.3,26.83,257.79,2.38,15.65,96.8,189.65,0.01,Warning
2026-04-08 10:40:00,32.32,61.44,26.49,298.73,6.25,60.04,109.68,232.94,0.076,Danger
2026-04-08 10:45:00,31.96,67.39,35.86,927.96,1.76,22.02,1.97,129.81,0.048,Danger
2026-04-08 10:50:00,33.0,64.79,4.32,837.94,2.42,33.72,195.42,240.14,0.112,Warning
2026-04-08 10:55:00,27.76,84.98,4.49,655.25,0.07,64.78,32.18,273.27,0.03,Normal
2026-04-08 11:00:00,34.69,58.44,48.67,201.2,2.04,58.06,20.84,249.42,0.04,Danger
2026-04-08 11:05:00,23.44,64.23,40.3,800.94,2.7,64.49,25.95,223.96,0.062,Danger
2026-04-08 11:10:00,29.35,62.53,9.01,124.4,4.45,29.73,170.2,215.02,0.029,Warning
2026-04-08 11:15:00,30.03,73.54,10.37,740.54,1.02,13.54,72.99,348.11,0.056,Warning
2026-04-08 11:20:00,38.73,51.52,17.6,553.82,3.86,12.53,248.44,251.04,0.017,Warning
2026-04-08 11:25:00,29.92,61.87,70.66,814.98,2.15,15.52,175.11,329.91,0.037,Danger
2026-04-08 11:30:00,33.21,65.28,11.22,764.06,8.74,42.27,190.04,394.33,0.025,Danger
2026-04-08 11:35:00,20.71,71.57,10.05,87.75,1.77,49.1,65.1,187.05,0.043,Warning
2026-04-08 11:40:00,29.9,45.71,12.14,96.7,3.98,42.44,181.27,217.27,0.034,Warning
2026-04-08 11:45:00,31.47,56.34,20.57,280.37,0.33,36.21,33.86,148.85,0.057,Warning
2026-04-08 11:50:00,29.87,66.69,21.55,517.21,3.82,23.9,120.73,110.17,0.108,Warning
2026-04-08 11:55:00,30.0,74.5,8.09,482.6,0.64,118.64,105.32,207.21,0.0,Danger
2026-04-08 12:00:00,39.87,63.37,29.88,756.8,0.61,46.9,19.59,170.77,0.085,Warning
2026-04-08 12:05:00,29.21,70.19,23.22,691.38,2.67,3.41,47.55,183.48,0.063,Warning
2026-04-08 12:10:00,35.93,78.45,8.22,587.59,3.34,44.85,7.81,395.65,0.078,Warning
2026-04-08 12:15:00,34.76,77.03,25.68,191.81,1.58,46.04,121.51,236.46,0.049,Warning
2026-04-08 12:20:00,36.02,60.43,9.96,506.59,3.52,9.36,168.58,203.16,0.076,Warning
2026-04-08 12:25:00,32.24,59.05,15.82,177.5,1.99,137.21,264.58,254.21,0.055,Danger
2026-04-08 12:30:00,25.1,56.98,22.24,342.53,4.71,82.79,113.26,258.14,0.0,Danger
2026-04-08 12:35:00,33.74,53.56,6.64,787.87,5.09,1.34,39.11,194.05,0.014,Danger
2026-04-08 12:40:00,26.83,48.87,28.66,618.36,3.68,18.18,39.51,254.28,0.052,Warning
2026-04-08 12:45:00,29.26,62.11,49.22,627.81,7.91,70.76,250.33,164.04,0.068,Danger
2026-04-08 12:50:00,27.84,48.37,44.92,411.89,1.17,3.42,0.38,194.5,0.043,Danger
2026-04-08 12:55:00,38.65,58.34,48.19,754.65,3.19,49.92,81.37,352.88,0.067,Danger
2026-04-08 13:00:00,21.68,67.96,30.68,413.3,2.38,4.51,57.76,125.97,0.004,Danger
2026-04-08 13:05:00,33.35,40.1,1.67,270.3,1.15,54.26,120.39,148.15,0.084,Normal
2026-04-08 13:10:00,26.89,64.04,15.08,573.27,2.11,2.92,114.3,287.29,0.027,Warning
2026-04-08 13:15:00,32.13,76.92,29.12,779.71,2.52,17.45,0.96,275.59,0.078,Warning
2026-04-08 13:20:00,43.93,74.82,8.41,269.82,8.84,11.42,84.75,173.17,0.097,Danger
2026-04-08 13:25:00,32.5,57.25,4.88,592.16,2.13,53.28,134.7,228.84,0.034,Warning
2026-04-08 13:30:00,29.2,59.49,12.4,504.93,0.69,45.23,42.96,182.65,0.039,Warning
2026-04-08 13:35:00,31.21,65.83,23.44,769.5,5.91,31.42,26.94,228.47,0.02,Danger
2026-04-08 13:40:00,38.48,84.87,28.01,757.54,2.75,34.64,79.75,244.09,0.024,Warning
2026-04-08 13:45:00,31.41,64.4,53.94,774.99,2.85,9.32,247.6,247.6,0.06,Danger
2026-04-08 13:50:00,30.21,60.96,15.73,88.59,2.64,33.99,236.82,277.86,0.028,Warning
2026-04-08 13:55:00,22.79,72.85,3.66,692.97,3.17,39.13,83.36,280.69,0.046,Warning
2026-04-08 14:00:00,26.82,55.37,32.7,445.67,6.56,49.2,102.77,191.28,0.08,Danger
2026-04-08 14:05:00,29.4,80.75,4.62,275.01,0.54,39.28,13.7,258.26,0.029,Normal
2026-04-08 14:10:00,10.72,75.74,18.68,676.77,2.09,104.69,179.7,209.63,0.029,Danger
2026-04-08 14:15:00,37.51,50.24,18.82,460.66,0.97,34.14,98.96,286.59,0.054,Warning
2026-04-08 14:20:00,32.09,65.93,1.81,501.2,0.14,11.22,46.38,240.45,0.051,Normal
2026-04-08 14:25:00,34.58,60.02,18.94,535.41,0.17,22.95,180.27,264.92,0.057,Warning
2026-04-08 14:30:00,26.47,84.69,2.03,0.34,4.58,15.41,49.7,206.36,0.106,Warning
2026-04-08 14:35:00,31.77,70.5,18.25,581.01,6.2,9.97,65.69,319.44,0.065,Danger
2026-04-08 14:40:00,30.54,69.71,7.59,506.21,1.6,3.66,198.92,137.02,0.121,Normal
2026-04-08 14:45:00,34.39,47.22,10.52,449.44,3.18,19.58,83.2,240.31,0.028,Warning
2026-04-08 14:50:00,25.62,74.19,18.93,643.36,4.39,11.26,85.24,343.08,0.029,Warning
2026-04-08 14:55:00,26.99,60.05,38.31,887.69,2.19,60.25,161.89,374.29,0.062,Danger
2026-04-08 15:00:00,29.78,76.45,28.98,1173.47,4.88,26.14,37.41,203.53,0.007,Warning
2026-04-08 15:05:00,28.92,74.26,14.93,806.52,3.01,3.88,88.76,287.77,0.054,Warning
2026-04-08 15:10:00,30.75,57.31,6.34,1177.54,5.69,38.95,156.7,256.1,0.077,Danger
2026-04-08 15:15:00,27.4,75.22,16.19,451.08,4.27,1.28,51.33,303.61,0.049,Warning
2026-04-08 15:20:00,39.54,71.94,27.58,485.15,4.62,7.1,108.24,176.7,0.081,Warning
2026-04-08 15:25:00,31.45,84.83,62.85,729.0,2.21,17.84,170.47,266.82,0.066,Danger
2026-04-08 15:30:00,38.65,56.76,3.49,429.07,4.46,42.19,9.57,310.52,0.014,Warning
2026-04-08 15:35:00,25.81,63.85,3.93,766.96,2.86,90.62,55.28,240.22,0.086,Danger
2026-04-08 15:40:00,29.55,79.94,25.82,205.84,5.53,56.51,175.13,97.12,0.03,Danger
2026-04-08 15:45:00,27.06,56.59,49.84,496.47,1.89,42.08,136.93,16.79,0.031,Danger
2026-04-08 15:50:00,22.94,69.0,9.22,504.62,4.24,7.61,191.51,362.76,0.072,Warning
2026-04-08 15:55:00,23.32,77.59,29.48,464.84,4.08,58.14,20.78,277.69,0.052,Warning
2026-04-08 16:00:00,37.69,63.75,14.7,973.58,0.03,52.57,60.14,169.8,0.05,Warning
2026-04-08 16:05:00,33.46,78.54,44.49,411.57,0.96,7.25,38.15,232.61,0.04,Danger
2026-04-08 16:10:00,33.64,42.94,0.33,282.34,5.56,24.55,102.67,239.75,0.081,Danger
2026-04-08 16:15:00,32.98,66.21,3.91,55.7,2.74,41.22,77.49,151.3,0.058,Warning
2026-04-08 16:20:00,31.7,55.09,3.52,50.95,6.13,31.99,134.23,247.2,0.089,Danger
2026-04-08 16:25:00,26.04,65.61,18.97,81.56,3.79,51.4,57.18,330.9,0.072,Warning
2026-04-08 16:30:00,26.68,49.11,25.19,902.68,0.01,12.13,27.51,295.73,0.087,Warning
2026-04-08 16:35:00,23.8,50.02,61.8,446.8,2.76,7.68,129.0,326.8,0.059,Danger
2026-04-08 16:40:00,38.7,61.73,9.74,569.42,3.39,29.12,48.44,275.0,0.039,Warning
2026-04-08 16:45:00,27.1,65.32,4.23,159.38,5.85,89.89,135.57,240.66,0.03,Danger
2026-04-08 16:50:00,15.62,57.71,29.32,782.65,3.93,26.34,210.39,223.72,0.083,Warning
2026-04-08 16:55:00,28.08,56.19,5.11,180.65,3.98,9.71,23.3,307.1,0.06,Warning
2026-04-08 17:00:00,34.81,70.13,0.06,522.83,2.38,16.77,30.46,195.54,0.111,Warning
2026-04-08 17:05:00,27.94,77.33,5.63,766.65,4.71,58.1,118.78,360.19,0.061,Warning
2026-04-08 17:10:00,38.57,48.8,21.97,585.0,0.81,43.18,69.01,197.67,0.01,Warning
2026-04-08 17:15:00,37.79,62.68,58.34,740.88,3.34,3.45,24.64,291.84,0.048,Danger
2026-04-08 17:20:00,23.3,49.83,4.17,1046.29,8.64,28.2,94.89,223.09,0.022,Danger
2026-04-08 17:25:00,36.88,83.74,2.87,475.15,0.65,3.19,198.59,145.04,0.064,Warning
2026-04-08 17:30:00,33.64,63.58,32.86,544.3,5.65,40.89,45.12,244.25,0.03,Danger
2026-04-08 17:35:00,24.57,56.86,33.96,287.95,0.45,52.7,81.79,84.3,0.039,Danger
2026-04-08 17:40:00,22.76,50.9,26.47,762.79,4.37,64.35,204.11,79.71,0.064,Warning
2026-04-08 17:45:00,27.35,57.53,26.21,19.09,3.25,45.34,128.78,260.94,0.024,Warning
2026-04-08 17:50:00,33.72,71.8,16.71,146.8,0.72,53.51,212.72,223.88,0.043,Warning
2026-04-08 17:55:00,29.19,67.75,3.38,368.26,5.58,91.79,18.76,164.67,0.046,Danger
2026-04-08 18:00:00,29.06,74.96,16.09,262.21,1.96,54.63,139.95,334.84,0.021,Warning
2026-04-08 18:05:00,39.19,47.56,29.19,72.87,0.37,82.44,163.14,206.3,0.034,Danger
2026-04-08 18:10:00,30.5,70.14,40.03,363.13,2.84,26.28,34.26,145.95,0.059,Danger
2026-04-08 18:15:00,28.93,68.07,2.89,646.01,1.95,13.11,55.71,389.35,0.074,Normal
2026-04-08 18:20:00,35.39,79.17,87.06,512.48,6.26,60.51,179.6,391.94,0.037,Danger
2026-04-08 18:25:00,27.51,68.2,11.35,595.55,6.69,0.87,49.53,263.94,0.043,Danger
2026-04-08 18:30:00,20.43,59.2,28.75,931.26,1.46,26.37,83.02,83.95,0.037,Warning
2026-04-08 18:35:00,21.32,78.69,0.39,995.85,5.34,5.85,27.2,234.52,0.047,Danger
2026-04-08 18:40:00,31.73,57.23,29.93,579.6,0.98,8.48,61.51,184.65,0.052,Warning
2026-04-08 18:45:00,30.43,67.62,50.32,460.27,5.01,29.18,56.18,240.47,0.048,Danger
2026-04-08 18:50:00,31.4,55.41,14.31,696.29,4.69,49.83,95.5,311.38,0.071,Warning
2026-04-08 18:55:00,33.94,56.4,6.94,383.43,1.95,10.32,107.67,387.74,0.042,Normal
2026-04-08 19:00:00,30.86,77.45,31.9,346.49,0.84,6.55,62.65,365.77,0.07,Danger
2026-04-08 19:05:00,34.79,65.47,12.99,123.91,2.59,34.39,83.18,233.19,0.039,Warning
2026-04-08 19:10:00,40.06,56.77,33.56,500.57,1.82,67.07,226.25,230.84,0.074,Danger
2026-04-08 19:15:00,31.82,65.07,19.09,293.6,1.08,3.23,170.14,242.38,0.011,Warning
2026-04-08 19:20:00,26.38,33.01,5.11,511.29,1.59,99.21,137.49,292.44,0.001,Danger
2026-04-08 19:25:00,28.18,60.13,0.72,260.04,3.42,31.03,167.41,238.57,0.035,Warning
2026-04-08 19:30:00,29.97,76.67,15.08,662.11,0.54,4.75,115.4,401.41,0.093,Warning
2026-04-08 19:35:00,32.91,66.51,43.02,738.4,4.88,22.16,113.81,107.04,0.023,Danger
2026-04-08 19:40:00,26.5,62.44,9.25,413.26,4.48,9.39,41.54,142.07,0.081,Warning
2026-04-08 19:45:00,26.64,54.13,19.26,269.92,0.42,30.34,47.35,434.93,0.048,Warning
2026-04-08 19:50:00,33.09,45.58,2.21,173.93,0.86,36.62,183.56,277.57,0.043,Normal
2026-04-08 19:55:00,26.85,76.14,56.43,540.52,4.82,33.73,155.55,156.84,0.035,Danger
2026-04-08 20:00:00,31.98,77.12,1.36,109.99,0.51,60.41,78.39,155.85,0.055,Normal
2026-04-08 20:05:00,29.42,70.94,9.57,402.51,5.59,27.72,227.69,164.61,0.075,Danger
2026-04-08 20:10:00,28.14,53.55,5.06,663.48,1.98,64.74,223.57,155.36,0.012,Normal
2026-04-08 20:15:00,23.48,56.01,37.08,668.11,0.36,19.56,220.43,402.64,0.058,Danger
2026-04-08 20:20:00,16.7,67.97,33.69,567.39,4.18,34.28,43.46,179.1,0.04,Danger
2026-04-08 20:25:00,35.33,57.34,24.12,591.11,6.76,18.33,95.48,301.75,0.114,Danger
2026-04-08 20:30:00,33.56,57.12,6.64,214.11,8.01,6.91,13.74,237.33,0.04,Danger
2026-04-08 20:35:00,37.84,54.86,38.61,536.63,5.62,83.3,88.48,224.79,0.052,Danger
2026-04-08 20:40:00,29.53,48.43,46.05,573.74,1.49,62.7,152.76,311.64,0.031,Danger
2026-04-08 20:45:00,27.73,69.88,4.68,663.96,2.29,16.63,77.28,184.42,0.068,Warning
2026-04-08 20:50:00,26.59,77.05,61.93,696.92,6.48,48.83,26.57,266.01,0.11,Danger
2026-04-08 20:55:00,27.38,54.61,7.68,434.74,1.01,86.96,101.64,327.74,0.041,Danger
2026-04-08 21:00:00,24.3,51.91,3.16,604.26,3.56,44.13,68.87,249.97,0.019,Warning
2026-04-08 21:05:00,32.01,69.79,8.44,790.41,9.02,53.39,63.72,224.68,0.044,Danger
2026-04-08 21:10:00,26.2,67.52,7.77,66.91,2.66,20.85,22.88,147.38,0.059,Warning
2026-04-08 21:15:00,25.05,63.61,50.3,695.36,2.11,30.99,95.18,139.97,0.01,Danger
2026-04-08 21:20:00,32.66,68.21,24.01,578.91,1.8,6.49,131.61,372.39,0.035,Warning
2026-04-08 21:25:00,24.9,53.65,2.33,560.78,4.42,37.57,144.39,106.15,0.021,Warning
2026-04-08 21:30:00,30.4,63.57,25.39,457.66,5.79,7.15,18.3,164.92,0.072,Danger
2026-04-08 21:35:00,30.15,71.34,27.26,105.95,1.42,20.83,1.61,216.37,0.08,Warning
2026-04-08 21:40:00,35.99,62.07,9.97,288.37,2.27,28.1,160.65,313.88,0.019,Warning
2026-04-08 21:45:00,29.24,78.84,6.24,841.77,1.08,27.0,33.69,162.06,0.072,Normal
2026-04-08 21:50:00,34.41,65.26,9.55,513.14,5.77,89.71,48.33,117.21,0.075,Danger
2026-04-08 21:55:00,28.62,74.43,20.62,234.97,2.17,72.33,65.08,167.22,0.002,Warning
2026-04-08 22:00:00,26.14,60.9,31.4,163.75,6.66,33.49,313.15,388.04,0.054,Danger
2026-04-08 22:05:00,21.76,64.45,7.26,117.71,2.87,12.95,8.51,233.71,0.033,Warning
2026-04-08 22:10:00,40.39,59.64,23.82,543.66,3.06,37.16,168.14,271.32,0.057,Warning
2026-04-08 22:15:00,30.29,63.62,3.24,481.74,2.72,36.09,98.03,231.36,0.048,Warning
2026-04-08 22:20:00,27.23,68.13,10.58,554.17,5.0,8.37,139.67,252.66,0.111,Danger
2026-04-08 22:25:00,28.92,71.95,15.31,83.51,0.44,55.22,36.73,72.38,0.049,Warning
2026-04-08 22:30:00,24.54,66.32,46.02,730.84,6.61,2.46,65.68,166.45,0.029,Danger
2026-04-08 22:35:00,25.37,51.93,42.32,127.59,6.11,69.84,129.98,160.84,0.003,Danger
2026-04-08 22:40:00,27.26,71.25,15.06,186.95,5.44,87.38,57.34,258.75,0.005,Danger
2026-04-08 22:45:00,27.93,70.1,22.1,347.7,1.18,2.11,52.15,283.86,0.009,Warning
2026-04-08 22:50:00,29.63,68.5,3.59,356.2,0.65,0.84,80.59,260.32,0.013,Normal
2026-04-08 22:55:00,33.26,62.1,53.66,142.51,0.6,11.88,121.32,93.94,0.025,Danger
2026-04-08 23:00:00,32.96,55.52,42.4,363.83,0.7,44.41,240.76,283.31,0.088,Danger
2026-04-08 23:05:00,38.38,55.78,33.77,42.96,3.27,17.15,204.3,343.78,0.067,Danger
2026-04-08 23:10:00,31.49,70.08,16.24,481.64,6.33,82.52,65.83,269.01,0.052,Danger
2026-04-08 23:15:00,21.94,61.64,46.99,275.07,8.34,66.89,120.15,294.87,0.022,Danger
2026-04-08 23:20:00,28.67,79.41,2.71,818.34,2.13,27.93,270.14,249.05,0.034,Warning
2026-04-08 23:25:00,36.81,77.46,33.42,329.03,1.14,32.47,149.44,209.32,0.055,Danger
2026-04-08 23:30:00,31.34,77.87,30.09,47.96,1.36,17.15,136.81,323.85,0.053,Danger
2026-04-08 23:35:00,28.66,65.69,19.18,307.97,1.66,62.01,206.72,289.71,0.061,Warning
2026-04-08 23:40:00,36.33,52.45,19.71,615.27,2.88,49.25,115.95,217.98,0.026,Warning
2026-04-08 23:45:00,28.33,40.58,3.17,288.71,3.67,13.67,143.89,46.04,0.025,Warning
2026-04-08 23:50:00,32.78,61.91,31.91,41.38,4.19,5.57,6.38,329.28,0.085,Danger
2026-04-08 23:55:00,35.17,85.39,40.34,261.37,2.42,5.59,282.91,338.39,0.044,Danger
2026-04-09 00:00:00,34.39,52.68,20.01,218.62,3.07,51.38,170.86,286.58,0.045,Warning
2026-04-09 00:05:00,23.67,53.39,4.39,429.9,5.23,62.42,84.86,194.54,0.028,Danger
2026-04-09 00:10:00,17.34,70.66,10.08,466.06,6.04,23.53,36.93,295.77,0.082,Danger
2026-04-09 00:15:00,31.48,71.89,12.09,475.44,2.34,10.12,23.19,360.23,0.11,Warning
2026-04-09 00:20:00,37.96,51.77,13.4,142.79,2.4,92.35,21.12,362.57,0.079,Danger
2026-04-09 00:25:00,27.45,60.67,26.34,780.58,0.4,10.63,23.4,143.49,0.043,Warning
2026-04-09 00:30:00,28.52,52.39,27.92,645.0,4.09,10.72,118.36,287.39,0.03,Warning
2026-04-09 00:35:00,25.55,52.43,9.49,973.2,0.48,23.59,145.19,263.82,0.014,Normal
2026-04-09 00:40:00,33.31,86.28,37.01,129.29,6.55,16.99,179.04,258.44,0.092,Danger
2026-04-09 00:45:00,34.15,82.02,38.2,379.12,2.2,14.75,56.93,254.95,0.047,Danger
2026-04-09 00:50:00,36.71,61.7,3.64,239.12,3.97,36.13,59.88,356.2,0.059,Warning
2026-04-09 00:55:00,29.63,64.64,5.59,242.86,1.41,30.85,174.82,257.4,0.091,Normal
2026-04-09 01:00:00,38.03,72.95,39.5,202.79,1.45,40.72,54.12,226.77,0.073,Danger
2026-04-09 01:05:00,37.07,62.46,2.0,596.14,1.22,13.07,79.2,247.76,0.053,Warning
2026-04-09 01:10:00,25.83,57.73,0.06,13.97,3.03,55.79,159.63,229.0,0.026,Warning
2026-04-09 01:15:00,33.72,71.39,19.35,1023.29,1.92,9.72,40.02,125.13,0.07,Warning
2026-04-09 01:20:00,29.47,70.1,51.84,382.77,5.01,39.24,96.69,191.4,0.062,Danger
2026-04-09 01:25:00,33.93,55.53,8.97,943.03,0.16,22.67,182.44,131.45,0.055,Normal
2026-04-09 01:30:00,36.14,51.38,16.49,387.28,4.86,28.71,123.01,197.7,0.057,Warning
2026-04-09 01:35:00,30.34,62.48,24.56,513.1,1.6,5.74,87.76,267.76,0.02,Warning
2026-04-09 01:40:00,28.25,54.45,14.2,322.3,4.31,46.91,12.27,249.82,0.069,Warning
2026-04-09 01:45:00,29.12,57.72,6.85,756.28,4.71,11.68,156.61,12.78,0.09,Warning
2026-04-09 01:50:00,29.22,66.42,8.59,918.71,1.18,78.98,119.63,299.81,0.04,Normal
2026-04-09 01:55:00,23.46,74.31,21.23,908.49,1.42,3.23,218.81,402.95,0.05,Warning
2026-04-09 02:00:00,26.24,73.11,9.92,679.78,1.22,82.56,10.05,288.44,0.035,Danger
2026-04-09 02:05:00,28.59,60.88,29.77,775.51,3.67,15.68,94.02,321.82,0.078,Warning
2026-04-09 02:10:00,16.55,62.28,10.51,700.78,1.8,48.77,27.87,270.8,0.077,Warning
2026-04-09 02:15:00,22.63,90.14,38.82,500.41,0.49,13.0,88.38,285.25,0.095,Danger
2026-04-09 02:20:00,27.62,70.63,10.85,375.92,3.13,47.65,4.68,214.74,0.094,Warning
2026-04-09 02:25:00,35.81,67.08,29.73,1253.34,1.94,7.5,27.76,280.11,0.062,Warning
2026-04-09 02:30:00,34.75,55.74,8.75,1109.16,2.67,13.1,14.16,290.47,0.081,Warning
2026-04-09 02:35:00,34.37,62.41,22.23,1001.5,5.21,11.37,174.6,273.74,0.074,Danger
2026-04-09 02:40:00,24.55,64.91,9.73,531.29,0.37,71.62,94.8,179.68,0.078,Normal
2026-04-09 02:45:00,23.68,77.84,34.82,916.93,1.53,0.16,88.4,243.25,0.03,Danger
2026-04-09 02:50:00,27.23,61.34,8.4,703.39,1.84,7.66,31.04,157.17,0.108,Normal
2026-04-09 02:55:00,26.86,71.11,18.25,332.56,7.38,47.36,3.23,247.73,0.016,Danger
2026-04-09 03:00:00,39.13,55.92,4.54,281.13,2.24,74.81,258.94,218.08,0.061,Warning
2026-04-09 03:05:00,30.41,55.18,63.45,908.83,2.57,83.28,201.21,256.55,0.06,Danger
2026-04-09 03:10:00,37.56,55.54,48.47,432.47,6.57,19.79,113.76,247.26,0.034,Danger
2026-04-09 03:15:00,28.65,78.79,31.28,128.31,0.18,23.13,231.0,350.61,0.068,Danger
2026-04-09 03:20:00,26.81,78.35,16.76,1142.59,0.05,9.52,37.07,164.15,0.108,Warning
2026-04-09 03:25:00,33.94,77.15,9.47,554.28,3.56,30.83,36.04,336.04,0.054,Warning
2026-04-09 03:30:00,25.23,46.45,27.13,1235.14,1.05,26.82,191.05,148.43,0.036,Warning
2026-04-09 03:35:00,25.7,74.85,41.51,547.71,0.53,2.29,16.95,171.82,0.047,Danger
2026-04-09 03:40:00,32.87,69.9,14.84,517.12,1.76,31.89,96.01,203.31,0.01,Warning
2026-04-09 03:45:00,31.85,58.88,19.56,754.29,0.85,23.68,101.04,372.6,0.009,Warning
2026-04-09 03:50:00,27.43,78.38,10.31,140.78,4.14,47.62,16.68,208.01,0.037,Warning
2026-04-09 03:55:00,28.96,46.07,11.37,1035.17,0.69,3.34,38.36,298.97,0.086,Warning
2026-04-09 04:00:00,35.9,52.52,25.0,930.13,3.53,39.14,32.84,267.61,0.087,Warning
2026-04-09 04:05:00,31.64,52.52,5.88,862.78,2.97,24.76,24.6,345.09,0.1,Warning
2026-04-09 04:10:00,36.32,79.43,7.83,349.95,1.53,21.54,223.1,343.27,0.066,Warning
2026-04-09 04:15:00,22.84,48.12,19.81,764.08,1.76,96.6,28.24,153.33,0.03,Danger
2026-04-09 04:20:00,26.49,70.26,6.57,35.65,4.67,50.4,27.12,120.18,0.056,Warning
2026-04-09 04:25:00,30.93,84.16,33.28,932.49,2.87,19.08,92.81,297.39,0.071,Danger
2026-04-09 04:30:00,27.64,69.89,3.66,187.02,1.35,20.99,37.78,216.02,0.077,Normal
2026-04-09 04:35:00,24.85,59.96,16.43,574.07,0.5,51.47,139.05,341.19,0.048,Warning
2026-04-09 04:40:00,27.44,58.17,21.14,386.85,0.29,2.07,11.63,265.92,0.008,Warning
2026-04-09 04:45:00,31.52,71.77,3.38,1076.61,2.05,42.45,51.88,255.01,0.063,Warning
2026-04-09 04:50:00,28.71,54.88,6.9,303.92,0.33,25.4,6.72,302.76,0.099,Normal
2026-04-09 04:55:00,33.78,78.06,34.48,749.94,0.99,25.64,37.94,232.47,0.052,Danger
2026-04-09 05:00:00,33.57,69.23,11.76,516.66,3.3,46.7,71.9,163.81,0.083,Warning
2026-04-09 05:05:00,29.7,60.76,9.73,420.89,3.67,24.32,82.48,269.69,0.062,Warning
2026-04-09 05:10:00,31.11,70.16,3.55,217.46,9.37,7.95,61.55,304.23,0.098,Danger
2026-04-09 05:15:00,27.28,55.01,9.84,977.93,1.11,18.9,17.73,134.13,0.041,Normal
2026-04-09 05:20:00,25.31,58.08,55.12,627.47,4.79,52.99,69.91,214.82,0.057,Danger
2026-04-09 05:25:00,30.84,59.31,17.6,288.1,1.49,6.59,46.89,61.91,0.022,Warning
2026-04-09 05:30:00,39.02,61.9,30.52,137.33,1.02,34.18,59.77,443.76,0.064,Danger
2026-04-09 05:35:00,38.48,62.46,42.3,1121.98,1.67,1.57,51.78,225.28,0.052,Danger
2026-04-09 05:40:00,40.15,52.05,16.19,44.29,0.72,32.46,131.26,297.12,0.062,Warning
2026-04-09 05:45:00,32.9,65.46,5.96,55.5,0.36,14.62,205.39,241.95,0.044,Normal
2026-04-09 05:50:00,31.93,62.3,31.21,1093.8,8.57,23.88,113.69,376.31,0.046,Danger
2026-04-09 05:55:00,33.4,53.65,8.78,846.83,0.15,14.88,77.42,410.46,0.088,Normal
2026-04-09 06:00:00,30.94,70.08,22.92,915.29,0.44,49.29,187.74,347.23,0.018,Warning
2026-04-09 06:05:00,27.0,54.81,17.99,104.81,4.14,106.8,141.77,259.68,0.061,Danger
2026-04-09 06:10:00,30.73,74.97,2.35,555.98,2.68,21.87,207.7,214.35,0.081,Warning
2026-04-09 06:15:00,30.57,81.34,5.83,174.57,0.72,25.33,234.15,377.45,0.019,Normal
2026-04-09 06:20:00,31.25,32.87,30.9,835.45,1.88,23.36,87.36,187.24,0.063,Danger
2026-04-09 06:25:00,28.84,74.3,12.73,241.69,2.61,54.56,211.25,213.38,0.06,Warning
2026-04-09 06:30:00,38.92,59.37,2.45,460.35,2.09,95.5,236.58,299.67,0.093,Danger
2026-04-09 06:35:00,29.11,67.99,8.97,112.89,5.61,41.27,81.81,249.8,0.005,Danger
2026-04-09 06:40:00,25.11,68.36,4.42,434.69,1.69,7.3,16.79,121.01,0.046,Normal
2026-04-09 06:45:00,33.09,48.56,14.52,584.34,0.97,76.89,41.43,241.9,0.045,Warning
2026-04-09 06:50:00,21.15,75.09,4.11,429.04,3.79,78.44,27.99,214.28,0.091,Warning
2026-04-09 06:55:00,32.32,71.71,6.02,386.24,1.5,14.32,87.46,209.16,0.091,Normal
2026-04-09 07:00:00,30.3,78.74,18.58,270.59,5.83,28.49,176.18,164.53,0.081,Danger
2026-04-09 07:05:00,35.34,67.9,1.14,486.2,3.83,29.38,140.11,330.98,0.031,Warning
2026-04-09 07:10:00,24.22,64.62,8.41,735.75,1.22,60.82,215.36,250.02,0.052,Normal
2026-04-09 07:15:00,26.16,59.57,6.83,932.88,1.78,32.89,105.54,316.1,0.049,Normal
2026-04-09 07:20:00,37.35,72.78,5.98,334.57,2.68,46.65,113.64,109.07,0.081,Warning
2026-04-09 07:25:00,34.54,70.05,1.48,551.06,0.46,21.23,46.13,305.86,0.051,Normal
2026-04-09 07:30:00,37.25,72.66,28.17,17.32,1.14,22.57,61.7,194.54,0.039,Warning
2026-04-09 07:35:00,35.31,69.75,35.14,19.8,2.17,58.67,230.63,126.15,0.039,Danger
2026-04-09 07:40:00,35.17,63.08,3.21,35.0,0.85,47.56,85.85,321.7,0.012,Warning
2026-04-09 07:45:00,31.29,73.45,14.95,16.79,3.16,17.81,64.35,206.25,0.053,Warning
2026-04-09 07:50:00,32.55,88.91,17.25,953.34,3.07,16.02,94.85,152.26,0.059,Warning
2026-04-09 07:55:00,20.04,56.37,17.2,858.19,6.29,10.54,95.57,328.75,0.01,Danger
2026-04-09 08:00:00,32.02,56.72,11.56,362.29,3.31,42.01,169.11,277.86,0.055,Warning
2026-04-09 08:05:00,39.27,49.76,48.91,413.05,3.71,6.97,9.75,288.77,0.081,Danger
2026-04-09 08:10:00,32.37,59.58,87.23,859.57,4.8,5.88,17.48,227.61,0.082,Danger
2026-04-09 08:15:00,25.05,54.32,25.79,595.76,0.31,23.65,223.79,278.56,0.009,Warning
2026-04-09 08:20:00,23.53,61.38,29.66,678.5,5.4,39.61,102.38,364.07,0.09,Danger
2026-04-09 08:25:00,31.79,88.48,27.19,812.82,2.13,11.24,7.52,264.53,0.044,Warning
2026-04-09 08:30:00,21.16,54.74,8.63,718.18,1.95,17.12,18.69,251.85,0.09,Normal
2026-04-09 08:35:00,30.78,49.93,10.03,676.64,1.33,17.02,18.73,290.27,0.041,Warning
2026-04-09 08:40:00,29.07,56.49,33.43,433.66,3.82,27.74,253.39,352.19,0.007,Danger
2026-04-09 08:45:00,25.99,69.78,11.39,460.52,3.28,12.61,133.88,194.53,0.017,Warning
2026-04-09 08:50:00,34.91,74.76,65.07,162.16,4.25,58.75,255.65,289.03,0.021,Danger
2026-04-09 08:55:00,33.9,59.47,21.01,561.79,7.23,92.6,20.27,334.65,0.061,Danger
2026-04-09 09:00:00,22.94,58.04,61.72,607.36,5.0,11.52,26.01,252.18,0.042,Danger
2026-04-09 09:05:00,22.53,54.97,29.16,385.79,2.08,29.4,111.31,341.73,0.017,Warning
2026-04-09 09:10:00,32.85,72.55,34.72,76.12,2.76,88.64,70.09,288.68,0.073,Danger
2026-04-09 09:15:00,24.87,83.34,24.99,655.85,2.99,51.78,130.64,379.94,0.041,Warning
2026-04-09 09:20:00,25.06,58.18,4.9,164.35,5.87,73.11,60.42,218.58,0.004,Danger
2026-04-09 09:25:00,33.48,81.53,2.26,464.96,3.3,88.98,99.98,265.63,0.055,Danger
2026-04-09 09:30:00,22.87,50.53,1.16,803.87,0.99,1.18,25.28,238.99,0.101,Normal
2026-04-09 09:35:00,29.24,57.14,15.5,1026.53,0.49,27.24,29.9,260.3,0.071,Warning
2026-04-09 09:40:00,35.03,54.54,4.02,403.02,4.05,30.4,19.27,202.58,0.078,Warning
2026-04-09 09:45:00,32.64,74.04,41.77,408.3,1.56,27.24,103.81,213.3,0.038,Danger
2026-04-09 09:50:00,33.94,65.17,5.19,465.2,1.12,61.02,1.41,158.81,0.075,Normal
2026-04-09 09:55:00,32.87,47.76,32.1,277.52,0.88,27.48,138.66,285.64,0.049,Danger
2026-04-09 10:00:00,27.88,69.12,12.63,1041.61,3.76,16.94,32.24,253.86,0.089,Warning
2026-04-09 10:05:00,37.06,61.04,3.67,181.55,2.76,112.15,133.91,122.49,0.028,Danger
2026-04-09 10:10:00,26.88,56.78,7.24,610.82,4.05,63.67,132.42,93.67,0.018,Warning
2026-04-09 10:15:00,29.21,66.47,32.23,512.96,2.15,29.51,54.5,256.95,0.084,Danger
2026-04-09 10:20:00,29.58,64.7,14.33,889.33,1.32,91.03,37.64,197.66,0.072,Danger
2026-04-09 10:25:00,35.15,50.97,6.85,583.35,9.03,69.85,55.19,56.47,0.052,Danger
2026-04-09 10:30:00,31.81,61.17,2.01,547.75,0.83,94.9,231.67,302.63,0.053,Danger
2026-04-09 10:35:00,26.7,64.79,47.79,760.6,2.61,56.96,134.56,281.7,0.079,Danger
2026-04-09 10:40:00,32.59,73.59,18.23,423.76,0.36,6.69,80.52,177.04,0.022,Warning
2026-04-09 10:45:00,27.46,80.62,11.85,572.53,2.82,83.5,22.44,232.2,0.047,Danger
2026-04-09 10:50:00,35.68,78.44,24.49,869.87,2.53,13.1,197.87,289.01,0.028,Warning
2026-04-09 10:55:00,34.99,62.92,8.38,767.9,1.73,35.56,146.19,187.36,0.062,Normal
2026-04-09 11:00:00,36.75,55.44,24.0,251.16,5.06,60.48,44.57,426.77,0.083,Danger
2026-04-09 11:05:00,33.53,71.51,34.68,201.31,2.58,35.33,39.99,287.18,0.087,Danger
2026-04-09 11:10:00,27.89,64.46,1.41,36.1,4.34,18.97,84.76,171.06,0.044,Warning
2026-04-09 11:15:00,35.48,65.01,15.58,562.26,1.71,45.0,45.52,174.83,0.019,Warning
2026-04-09 11:20:00,29.12,61.48,14.98,228.42,5.02,53.36,62.62,211.73,0.033,Danger
2026-04-09 11:25:00,28.45,51.0,4.19,758.04,2.91,85.37,50.08,221.08,0.038,Danger
2026-04-09 11:30:00,28.4,58.4,20.42,508.73,0.47,70.05,269.66,343.33,0.067,Warning
2026-04-09 11:35:00,33.81,83.56,30.21,324.44,3.18,45.05,19.47,227.21,0.083,Danger
2026-04-09 11:40:00,20.88,52.5,11.47,606.1,2.07,14.93,195.38,255.49,0.078,Warning
2026-04-09 11:45:00,27.04,56.9,31.98,610.78,1.56,12.03,236.46,176.04,0.078,Danger
2026-04-09 11:50:00,27.61,64.97,20.89,130.29,2.39,23.45,7.57,329.73,0.002,Warning
2026-04-09 11:55:00,32.83,51.24,7.96,180.69,7.71,33.58,67.79,111.85,0.098,Danger
2026-04-09 12:00:00,32.01,66.37,44.49,544.23,2.66,25.27,136.36,210.6,0.044,Danger
2026-04-09 12:05:00,34.05,67.77,12.72,79.84,6.49,6.46,178.72,264.06,0.011,Danger
2026-04-09 12:10:00,36.26,67.55,41.71,445.28,4.11,50.5,29.98,148.16,0.039,Danger
2026-04-09 12:15:00,32.36,58.95,32.28,243.02,4.66,72.39,181.35,222.46,0.014,Danger
2026-04-09 12:20:00,32.91,63.75,4.57,333.12,6.3,25.49,126.83,267.44,0.039,Danger
2026-04-09 12:25:00,33.22,81.32,9.08,427.05,3.87,56.73,67.23,225.57,0.017,Warning
2026-04-09 12:30:00,26.11,53.61,28.69,426.83,1.15,19.64,7.02,374.26,0.089,Warning
2026-04-09 12:35:00,38.09,71.83,14.41,984.42,0.04,14.85,19.85,291.83,0.027,Warning
2026-04-09 12:40:00,29.22,48.98,24.62,44.87,0.8,68.69,198.03,279.95,0.058,Warning
2026-04-09 12:45:00,27.35,57.27,7.76,45.9,2.76,21.95,13.34,375.49,0.068,Warning
2026-04-09 12:50:00,33.46,60.13,14.97,688.21,2.46,84.08,59.62,209.64,0.069,Danger
2026-04-09 12:55:00,23.68,74.24,11.01,691.58,0.06,39.06,170.73,262.27,0.014,Warning
2026-04-09 13:00:00,25.52,57.71,22.9,838.24,2.33,25.42,225.57,193.89,0.058,Warning
2026-04-09 13:05:00,25.87,44.82,12.29,365.45,4.69,33.86,94.02,89.2,0.088,Warning
2026-04-09 13:10:00,31.12,63.81,37.65,874.25,5.46,10.12,20.35,329.11,0.009,Danger
2026-04-09 13:15:00,39.74,65.28,6.22,130.44,1.83,25.61,79.36,151.13,0.039,Warning
2026-04-09 13:20:00,23.16,70.89,13.91,386.48,1.86,7.99,38.53,275.42,0.055,Warning
2026-04-09 13:25:00,33.96,60.15,22.21,797.33,0.81,24.28,75.69,274.18,0.034,Warning
2026-04-09 13:30:00,27.31,61.09,43.33,499.2,0.9,18.31,54.91,269.03,0.065,Danger
2026-04-09 13:35:00,30.62,56.58,6.52,720.17,1.44,1.37,139.75,320.02,0.044,Normal
2026-04-09 13:40:00,27.94,51.78,25.51,895.63,9.7,35.46,74.91,176.42,0.006,Danger
2026-04-09 13:45:00,30.88,88.5,40.42,834.97,2.74,34.38,162.37,311.0,0.033,Danger
2026-04-09 13:50:00,26.49,61.77,7.86,284.71,2.04,2.33,90.03,131.03,0.044,Warning
2026-04-09 13:55:00,24.52,58.59,17.87,18.8,0.47,42.76,61.32,392.23,0.086,Warning
2026-04-09 14:00:00,27.53,57.13,19.04,65.76,4.01,1.63,66.6,257.55,0.032,Warning
2026-04-09 14:05:00,36.37,50.05,7.77,645.99,1.48,28.01,92.34,165.72,0.046,Warning
2026-04-09 14:10:00,26.5,56.38,27.05,541.87,1.74,13.27,28.79,233.48,0.046,Warning
2026-04-09 14:15:00,30.97,57.72,39.85,54.22,1.32,53.45,127.68,172.01,0.026,Danger
2026-04-09 14:20:00,24.97,70.99,0.2,576.54,2.79,114.74,111.33,185.11,0.006,Danger
2026-04-09 14:25:00,28.62,63.81,29.21,285.84,2.89,1.29,176.86,125.33,0.07,Warning
2026-04-09 14:30:00,34.57,74.56,16.32,594.37,0.01,36.25,38.61,177.6,0.078,Warning
2026-04-09 14:35:00,32.57,53.48,0.52,385.79,1.78,60.26,149.08,254.11,0.042,Normal
2026-04-09 14:40:00,21.13,77.92,6.06,966.45,2.59,101.01,140.63,135.44,0.032,Danger
2026-04-09 14:45:00,29.15,56.26,7.46,89.92,2.02,29.5,20.41,405.22,0.052,Warning
2026-04-09 14:50:00,25.92,48.7,16.2,421.85,4.35,14.27,39.37,383.66,0.063,Warning
2026-04-09 14:55:00,28.73,66.65,24.48,71.34,2.47,2.0,130.73,190.79,0.032,Warning
2026-04-09 15:00:00,38.31,77.31,50.91,847.03,1.78,8.33,20.72,174.07,0.03,Danger
2026-04-09 15:05:00,24.36,51.45,5.81,597.02,2.15,42.23,73.36,145.47,0.065,Warning
2026-04-09 15:10:00,24.98,71.47,8.32,293.76,0.92,46.98,97.6,251.6,0.107,Normal
2026-04-09 15:15:00,20.82,54.62,6.62,31.2,0.16,47.51,20.84,223.36,0.002,Normal
2026-04-09 15:20:00,26.02,60.38,27.85,2.47,0.63,63.47,35.49,80.76,0.088,Warning
2026-04-09 15:25:00,33.67,73.69,19.88,953.74,0.32,0.38,9.72,325.75,0.045,Warning
2026-04-09 15:30:00,32.41,65.76,13.1,215.96,7.44,38.54,121.23,280.13,0.085,Danger
2026-04-09 15:35:00,36.94,63.63,25.61,1029.46,1.8,22.66,41.55,145.63,0.061,Warning
2026-04-09 15:40:00,35.32,63.79,17.42,806.5,3.33,41.84,62.17,270.14,0.063,Warning
2026-04-09 15:45:00,29.67,82.6,16.3,810.4,4.36,31.71,63.03,419.87,0.035,Warning
2026-04-09 15:50:00,26.63,66.71,5.63,261.89,0.55,77.28,66.34,143.75,0.005,Normal
2026-04-09 15:55:00,41.03,62.77,23.69,268.59,2.96,78.37,14.77,286.69,0.008,Warning
2026-04-09 16:00:00,40.11,67.69,6.74,410.64,0.47,1.64,164.75,242.16,0.046,Warning
2026-04-09 16:05:00,32.44,59.77,0.42,497.67,2.84,25.74,106.18,339.67,0.071,Warning
2026-04-09 16:10:00,25.37,71.61,17.23,197.3,4.07,32.66,0.57,337.6,0.05,Warning
2026-04-09 16:15:00,26.5,82.98,26.53,596.53,0.54,35.36,0.02,238.42,0.061,Warning
2026-04-09 16:20:00,31.31,75.78,27.73,672.42,2.6,71.47,48.37,226.78,0.007,Warning
2026-04-09 16:25:00,35.28,64.23,73.67,378.34,2.27,41.86,30.19,278.68,0.051,Danger
2026-04-09 16:30:00,28.48,76.73,3.07,582.47,6.36,8.26,50.31,437.62,0.064,Danger
2026-04-09 16:35:00,27.47,73.03,3.64,30.53,6.12,24.12,325.17,210.85,0.114,Danger
2026-04-09 16:40:00,23.16,75.25,24.99,751.32,4.9,0.09,50.88,245.93,0.057,Warning
2026-04-09 16:45:00,27.64,67.78,21.59,226.99,3.18,9.31,10.0,312.99,0.027,Warning
2026-04-09 16:50:00,27.72,65.72,42.49,557.84,3.58,8.09,72.15,246.09,0.059,Danger
2026-04-09 16:55:00,28.52,78.4,7.54,12.17,10.23,6.91,211.32,362.38,0.078,Danger
2026-04-09 17:00:00,29.01,67.87,10.49,1097.04,0.56,9.84,89.9,241.4,0.03,Warning
2026-04-09 17:05:00,36.97,74.5,21.44,380.13,5.19,1.42,237.04,258.9,0.087,Danger
2026-04-09 17:10:00,29.43,65.72,39.51,1158.18,6.68,55.09,138.93,209.44,0.059,Danger
2026-04-09 17:15:00,25.43,68.76,23.8,88.25,2.12,36.59,71.63,278.64,0.01,Warning
2026-04-09 17:20:00,26.12,75.35,15.01,601.96,0.36,20.78,150.2,317.68,0.104,Warning
2026-04-09 17:25:00,24.67,55.6,23.82,942.16,1.99,29.17,59.14,167.61,0.03,Warning
2026-04-09 17:30:00,28.48,55.71,0.56,522.36,2.65,36.96,119.64,219.45,0.072,Warning
2026-04-09 17:35:00,33.9,59.55,27.28,248.91,5.97,11.97,115.27,234.99,0.019,Danger
2026-04-09 17:40:00,34.5,58.86,19.0,364.6,0.63,75.04,205.77,192.51,0.039,Warning
2026-04-09 17:45:00,27.68,51.67,3.98,794.34,3.51,30.92,53.51,258.06,0.019,Warning
2026-04-09 17:50:00,34.21,67.59,11.9,984.93,3.39,41.21,135.52,150.83,0.049,Warning
2026-04-09 17:55:00,21.82,36.54,6.36,315.01,3.93,22.7,89.35,168.85,0.034,Warning
2026-04-09 18:00:00,25.35,52.75,3.13,522.35,0.28,7.06,149.49,209.94,0.01,Normal
2026-04-09 18:05:00,32.82,67.66,21.57,687.75,3.37,21.15,319.15,147.2,0.032,Warning
2026-04-09 18:10:00,34.84,66.43,30.16,550.93,6.12,20.3,214.25,343.68,0.014,Danger
2026-04-09 18:15:00,33.15,64.57,2.87,66.59,1.03,48.32,161.38,233.14,0.075,Normal
2026-04-09 18:20:00,34.73,66.55,0.55,632.32,3.46,46.96,166.54,141.03,0.035,Warning
2026-04-09 18:25:00,20.51,72.47,10.75,629.24,2.43,76.04,39.43,311.97,0.054,Warning
2026-04-09 18:30:00,29.05,62.3,2.24,888.56,2.04,30.77,41.6,260.27,0.077,Warning
2026-04-09 18:35:00,26.98,59.62,15.47,762.03,2.11,40.21,33.59,224.05,0.11,Warning
2026-04-09 18:40:00,29.02,72.55,29.38,145.99,3.54,52.84,28.35,116.87,0.081,Warning
2026-04-09 18:45:00,24.9,57.27,54.49,2.08,1.77,1.61,55.97,178.5,0.015,Danger
2026-04-09 18:50:00,37.55,67.63,26.7,458.83,2.87,57.32,19.63,271.19,0.071,Warning
2026-04-09 18:55:00,37.72,84.48,16.4,841.59,6.01,82.09,7.41,230.71,0.063,Danger
2026-04-09 19:00:00,29.23,66.96,46.75,384.73,1.26,92.54,132.68,403.78,0.076,Danger
2026-04-09 19:05:00,23.38,71.45,4.68,502.23,1.77,44.71,1.28,426.41,0.057,Normal
2026-04-09 19:10:00,29.12,83.13,7.08,472.57,4.97,3.97,5.35,69.7,0.022,Warning
2026-04-09 19:15:00,25.27,66.59,2.79,1147.41,1.17,76.03,101.98,314.54,0.072,Normal
2026-04-09 19:20:00,18.91,64.88,9.76,160.11,3.38,88.66,187.3,207.24,0.013,Danger
2026-04-09 19:25:00,30.36,61.74,2.89,706.85,6.91,126.45,6.04,104.33,0.067,Danger
2026-04-09 19:30:00,38.05,73.14,47.13,432.35,0.17,24.62,46.94,303.05,0.079,Danger
2026-04-09 19:35:00,35.24,70.11,19.92,738.33,3.89,28.42,85.25,267.05,0.047,Warning
2026-04-09 19:40:00,32.16,59.25,37.59,642.09,2.45,7.9,161.53,266.53,0.027,Danger
2026-04-09 19:45:00,29.72,71.29,26.03,646.1,2.28,61.03,203.78,308.99,0.032,Warning
2026-04-09 19:50:00,24.71,59.56,54.07,584.51,8.38,15.19,54.12,244.08,0.047,Danger
2026-04-09 19:55:00,26.13,53.51,25.03,816.47,9.33,2.65,44.73,188.3,0.084,Danger
2026-04-09 20:00:00,34.07,56.23,3.04,785.75,3.15,50.34,8.28,99.78,0.024,Warning
2026-04-09 20:05:00,33.44,86.11,6.41,1182.76,4.49,35.72,101.4,319.12,0.023,Warning
2026-04-09 20:10:00,33.22,76.73,22.98,481.48,1.48,10.75,37.6,195.0,0.038,Warning
2026-04-09 20:15:00,30.57,59.43,2.38,727.93,3.11,1.57,130.63,213.75,0.052,Warning
2026-04-09 20:20:00,34.88,58.96,8.45,456.46,2.09,8.9,51.94,52.91,0.066,Warning
2026-04-09 20:25:00,29.09,76.82,19.31,720.68,5.57,14.73,79.92,124.12,0.087,Danger
2026-04-09 20:30:00,29.27,54.94,29.79,153.93,0.71,56.33,36.23,192.57,0.038,Warning
2026-04-09 20:35:00,19.95,72.15,12.54,418.3,1.19,20.56,145.34,245.83,0.009,Warning
2026-04-09 20:40:00,32.88,69.99,19.11,822.57,2.09,64.46,220.72,296.59,0.028,Warning
2026-04-09 20:45:00,29.35,77.39,14.95,382.41,0.97,14.61,167.29,280.15,0.029,Warning
2026-04-09 20:50:00,33.03,63.42,2.8,286.12,3.31,57.56,31.32,293.56,0.097,Warning
2026-04-09 20:55:00,23.71,68.56,31.61,471.46,5.71,107.95,114.34,231.31,0.079,Danger
2026-04-09 21:00:00,34.21,39.81,14.95,381.62,3.19,12.25,71.48,180.94,0.072,Warning
2026-04-09 21:05:00,38.28,56.52,12.94,506.0,1.91,66.84,42.92,206.96,0.014,Warning
2026-04-09 21:10:00,36.87,67.51,5.73,103.32,1.69,36.57,30.74,258.32,0.111,Warning
2026-04-09 21:15:00,28.26,55.39,22.64,132.26,7.16,76.14,63.58,178.22,0.037,Danger
2026-04-09 21:20:00,28.52,68.84,35.79,189.05,5.03,44.71,29.22,163.06,0.053,Danger
2026-04-09 21:25:00,24.7,75.24,7.48,664.31,1.76,2.42,69.72,336.4,0.014,Normal
2026-04-09 21:30:00,27.94,57.48,14.23,294.6,3.3,22.21,243.78,269.74,0.056,Warning
2026-04-09 21:35:00,28.59,64.48,6.4,658.08,2.3,26.85,105.37,53.3,0.062,Warning
2026-04-09 21:40:00,22.95,64.04,8.89,500.85,3.73,80.11,74.14,328.04,0.054,Danger
2026-04-09 21:45:00,27.75,72.6,10.28,715.26,0.98,5.32,174.36,368.83,0.049,Warning
2026-04-09 21:50:00,16.06,63.01,15.65,430.17,3.01,0.92,163.89,156.66,0.087,Warning
2026-04-09 21:55:00,37.75,55.87,3.27,623.21,1.56,0.3,190.25,309.01,0.109,Warning
2026-04-09 22:00:00,30.85,58.89,16.02,454.82,1.59,19.05,13.18,272.58,0.008,Warning
2026-04-09 22:05:00,26.42,63.81,30.19,730.7,4.16,46.78,49.28,217.61,0.066,Danger
2026-04-09 22:10:00,40.99,66.16,24.65,786.11,1.3,22.8,135.79,71.97,0.05,Warning
2026-04-09 22:15:00,27.95,77.22,29.54,11.9,5.79,37.98,74.72,254.46,0.081,Danger
2026-04-09 22:20:00,23.93,78.78,15.25,262.63,0.83,75.08,30.9,156.97,0.063,Warning
2026-04-09 22:25:00,33.31,71.68,9.57,576.36,0.05,86.99,194.42,336.64,0.074,Danger
2026-04-09 22:30:00,32.6,52.56,27.67,534.28,5.79,52.3,135.04,115.26,0.047,Danger
2026-04-09 22:35:00,27.21,67.52,6.69,417.22,3.38,2.71,92.16,128.45,0.025,Warning
2026-04-09 22:40:00,33.28,52.7,39.91,792.32,1.2,139.95,204.31,174.06,0.072,Danger
2026-04-09 22:45:00,30.33,57.23,6.4,798.47,0.21,15.92,12.1,190.15,0.046,Normal
2026-04-09 22:50:00,31.94,39.12,15.34,276.16,6.21,137.71,44.07,112.22,0.054,Danger
2026-04-09 22:55:00,28.97,84.71,48.33,759.61,0.24,47.11,106.5,269.31,0.003,Danger
2026-04-09 23:00:00,35.31,66.08,12.98,319.95,0.38,32.69,94.92,313.16,0.018,Warning
2026-04-09 23:05:00,19.71,83.22,2.16,283.35,5.4,94.18,73.3,173.51,0.024,Danger
2026-04-09 23:10:00,34.67,81.39,6.61,924.42,0.13,33.44,47.15,240.25,0.047,Normal
2026-04-09 23:15:00,28.42,68.85,5.14,234.88,3.31,73.68,77.72,290.29,0.073,Warning
2026-04-09 23:20:00,34.15,55.46,0.54,292.98,7.79,40.33,126.33,279.3,0.01,Danger
2026-04-09 23:25:00,39.69,69.79,29.46,29.66,4.34,5.75,52.28,173.7,0.012,Warning
2026-04-09 23:30:00,23.59,65.61,7.26,600.22,7.03,14.82,144.49,230.64,0.086,Danger
2026-04-09 23:35:00,29.57,80.29,24.06,51.48,2.33,31.88,188.04,395.57,0.077,Warning
2026-04-09 23:40:00,32.2,71.76,11.64,61.14,2.12,34.61,40.37,356.13,0.08,Warning
2026-04-09 23:45:00,23.14,78.66,8.83,266.45,5.24,17.96,269.92,181.77,0.002,Danger
2026-04-09 23:50:00,28.6,72.89,3.54,100.97,2.69,38.55,110.67,222.75,0.065,Warning
2026-04-09 23:55:00,23.08,77.98,11.34,729.06,4.88,26.3,168.23,135.99,0.009,Warning
2026-04-10 00:00:00,39.82,76.12,56.47,388.94,2.31,41.09,78.78,190.31,0.023,Danger
2026-04-10 00:05:00,31.07,54.33,6.9,618.07,1.71,57.49,37.51,203.5,0.063,Normal
2026-04-10 00:10:00,25.94,58.42,2.63,437.09,7.32,35.07,209.55,309.02,0.097,Danger
2026-04-10 00:15:00,45.68,79.31,33.51,106.25,1.56,34.41,89.81,299.24,0.014,Danger
2026-04-10 00:20:00,35.76,61.78,17.53,275.49,3.7,69.39,213.57,221.88,0.07,Warning
2026-04-10 00:25:00,28.05,67.88,30.18,666.53,6.02,40.76,82.81,189.09,0.036,Danger
2026-04-10 00:30:00,34.05,49.98,37.12,415.66,0.46,23.95,147.44,248.83,0.098,Danger
2026-04-10 00:35:00,23.68,59.22,13.16,274.44,2.02,32.78,128.45,370.49,0.011,Warning
2026-04-10 00:40:00,31.69,58.53,23.6,629.4,0.96,16.05,131.16,251.87,0.043,Warning
2026-04-10 00:45:00,33.29,72.32,4.41,244.38,1.79,21.34,62.32,257.95,0.087,Normal
2026-04-10 00:50:00,28.23,59.64,54.96,952.91,0.29,25.56,112.87,266.29,0.104,Danger
2026-04-10 00:55:00,30.44,67.37,28.77,856.98,4.81,41.52,75.87,210.95,0.075,Warning
2026-04-10 01:00:00,31.25,73.26,52.74,146.91,5.41,6.79,173.53,246.7,0.114,Danger
2026-04-10 01:05:00,30.65,58.59,23.4,597.18,5.41,37.92,327.51,241.09,0.047,Danger
2026-04-10 01:10:00,26.98,65.86,19.62,584.36,2.2,4.39,8.17,219.99,0.084,Warning
2026-04-10 01:15:00,36.78,64.23,3.83,475.65,8.27,59.96,135.07,327.01,0.096,Danger
2026-04-10 01:20:00,24.24,61.08,4.43,676.13,2.48,50.25,29.31,359.76,0.048,Warning
2026-04-10 01:25:00,33.47,76.95,37.3,608.25,4.46,89.67,131.36,191.63,0.067,Danger
2026-04-10 01:30:00,29.81,41.52,24.24,535.0,5.47,10.0,70.57,263.49,0.061,Danger
2026-04-10 01:35:00,30.47,65.21,6.37,458.32,0.95,62.91,117.93,227.76,0.102,Normal
2026-04-10 01:40:00,28.66,70.58,11.66,989.35,2.26,24.66,66.01,265.72,0.086,Warning
2026-04-10 01:45:00,34.23,65.28,49.03,761.9,0.69,35.21,38.5,283.07,0.068,Danger
2026-04-10 01:50:00,36.8,54.05,6.22,146.71,2.02,5.11,116.66,311.71,0.022,Warning
2026-04-10 01:55:00,25.95,47.2,19.29,280.36,6.99,36.39,62.86,198.71,0.005,Danger
2026-04-10 02:00:00,23.16,58.78,1.02,200.25,3.13,40.57,34.14,404.81,0.002,Warning
2026-04-10 02:05:00,30.29,62.81,3.99,290.7,1.98,10.98,40.81,146.1,0.001,Normal
2026-04-10 02:10:00,28.56,60.98,11.06,467.41,0.43,11.5,5.35,371.92,0.026,Warning
2026-04-10 02:15:00,28.15,57.76,0.19,507.39,1.69,1.62,51.65,192.41,0.062,Normal
2026-04-10 02:20:00,40.28,56.25,22.88,513.48,4.01,47.87,100.54,246.81,0.037,Warning
2026-04-10 02:25:00,26.18,64.03,10.69,321.84,5.32,23.94,169.27,367.57,0.045,Danger
2026-04-10 02:30:00,31.04,61.98,1.25,214.11,4.53,28.35,264.66,327.76,0.028,Warning
2026-04-10 02:35:00,34.2,61.95,39.34,354.1,1.16,11.83,5.53,182.78,0.033,Danger
2026-04-10 02:40:00,34.28,82.96,11.6,879.05,0.57,33.92,85.41,291.92,0.01,Warning
2026-04-10 02:45:00,31.57,67.57,18.82,279.53,3.65,35.64,59.0,303.75,0.047,Warning
2026-04-10 02:50:00,32.64,63.74,19.33,672.42,0.81,29.35,107.61,345.15,0.059,Warning
2026-04-10 02:55:00,31.59,64.58,29.78,444.22,0.64,64.21,26.95,321.16,0.083,Warning
2026-04-10 03:00:00,32.83,52.51,15.54,439.4,0.51,25.71,156.92,213.32,0.045,Warning
2026-04-10 03:05:00,28.79,76.64,9.86,129.68,2.72,34.51,3.93,303.5,0.01,Warning
2026-04-10 03:10:00,27.31,51.69,23.69,694.65,3.02,23.44,5.42,268.75,0.001,Warning
2026-04-10 03:15:00,28.79,80.17,11.4,53.44,0.18,5.23,294.03,383.25,0.072,Warning
2026-04-10 03:20:00,28.28,77.01,7.67,822.97,4.78,13.95,193.92,214.22,0.012,Warning
2026-04-10 03:25:00,34.89,64.15,27.04,1046.27,0.17,14.26,236.96,303.5,0.029,Warning
2026-04-10 03:30:00,25.22,59.72,0.23,571.2,2.24,31.17,4.08,244.33,0.012,Warning
2026-04-10 03:35:00,30.73,76.75,13.49,645.03,0.17,52.1,95.86,282.38,0.052,Warning
2026-04-10 03:40:00,36.64,68.47,0.89,529.61,0.89,26.5,38.02,195.86,0.056,Warning
2026-04-10 03:45:00,30.28,75.64,6.7,94.26,0.91,45.06,121.57,116.09,0.02,Normal
2026-04-10 03:50:00,28.19,80.44,6.46,503.72,3.74,79.36,157.78,337.51,0.076,Warning
2026-04-10 03:55:00,23.95,68.6,31.97,213.05,0.26,12.13,157.26,244.46,0.04,Danger
2026-04-10 04:00:00,23.59,64.33,3.65,573.0,1.43,27.12,36.1,150.06,0.01,Normal
2026-04-10 04:05:00,24.11,62.94,17.42,580.95,2.92,10.34,185.84,214.62,0.064,Warning
2026-04-10 04:10:00,29.18,68.76,10.71,618.09,1.98,52.55,1.87,108.41,0.021,Warning
2026-04-10 04:15:00,35.34,63.45,16.84,183.91,2.2,20.91,7.58,217.8,0.063,Warning
2026-04-10 04:20:00,32.76,70.79,16.76,498.0,1.41,41.29,81.6,229.97,0.065,Warning
2026-04-10 04:25:00,30.41,59.51,33.52,166.37,1.81,50.53,11.22,291.99,0.012,Danger
2026-04-10 04:30:00,22.88,88.82,12.19,995.16,1.48,0.99,136.68,356.93,0.016,Warning
2026-04-10 04:35:00,27.45,73.47,20.76,830.58,3.55,92.33,97.86,267.74,0.06,Danger
2026-04-10 04:40:00,29.29,73.48,19.74,736.45,4.83,37.14,130.17,169.17,0.033,Warning
2026-04-10 04:45:00,34.22,79.24,23.81,329.64,2.07,15.17,2.25,287.99,0.097,Warning
2026-04-10 04:50:00,19.84,63.3,24.27,734.06,2.96,90.46,82.89,354.96,0.031,Danger
2026-04-10 04:55:00,30.29,52.87,33.02,463.87,3.07,7.47,138.64,281.79,0.02,Danger
2026-04-10 05:00:00,25.32,64.72,28.19,1058.87,2.91,60.3,81.29,411.04,0.068,Warning
2026-04-10 05:05:00,29.75,63.35,7.14,253.61,7.73,19.56,20.83,193.82,0.014,Danger
2026-04-10 05:10:00,30.08,75.89,2.79,88.0,2.88,17.77,180.27,213.64,0.042,Warning
2026-04-10 05:15:00,29.25,65.89,7.15,333.61,3.55,2.62,151.52,318.02,0.036,Warning
2026-04-10 05:20:00,36.5,64.71,11.76,4.28,5.65,5.08,41.41,69.26,0.038,Danger
2026-04-10 05:25:00,32.02,58.02,6.06,335.19,5.73,35.72,15.83,346.86,0.065,Danger
2026-04-10 05:30:00,30.9,58.52,15.61,338.65,0.58,23.2,158.41,245.17,0.059,Warning
2026-04-10 05:35:00,30.76,69.41,9.91,355.5,0.45,36.56,32.2,220.77,0.002,Normal
2026-04-10 05:40:00,23.09,75.42,19.48,364.45,8.81,45.93,177.56,241.08,0.074,Danger
2026-04-10 05:45:00,30.54,46.28,16.91,600.67,4.58,97.76,111.12,303.76,0.015,Danger
2026-04-10 05:50:00,33.45,75.9,20.07,497.19,0.68,11.35,28.8,295.76,0.025,Warning
2026-04-10 05:55:00,32.82,56.61,9.75,684.81,0.11,46.02,135.3,228.32,0.085,Normal
2026-04-10 06:00:00,30.39,76.02,50.87,427.61,3.93,5.5,23.28,234.36,0.009,Danger
2026-04-10 06:05:00,25.31,70.91,4.73,713.15,2.9,94.05,132.43,339.14,0.062,Danger
2026-04-10 06:10:00,31.56,76.65,28.38,563.02,2.62,41.53,12.86,192.9,0.093,Warning
2026-04-10 06:15:00,39.32,55.71,1.62,842.76,3.6,47.06,169.66,230.74,0.06,Warning
2026-04-10 06:20:00,31.26,56.42,21.3,871.31,1.0,26.1,100.67,227.23,0.07,Warning
2026-04-10 06:25:00,26.6,78.33,27.52,218.97,7.09,26.72,7.71,338.36,0.065,Danger
2026-04-10 06:30:00,21.14,59.74,20.58,147.87,2.26,26.32,38.35,271.65,0.05,Warning
2026-04-10 06:35:00,24.04,74.2,31.76,413.08,1.4,49.05,59.93,95.53,0.065,Danger
2026-04-10 06:40:00,25.93,61.1,44.16,459.81,2.01,40.39,130.53,176.46,0.048,Danger
2026-04-10 06:45:00,30.18,67.72,20.78,1276.23,1.53,59.2,198.34,289.42,0.03,Warning
2026-04-10 06:50:00,38.32,43.08,1.33,851.5,0.89,83.86,71.18,161.03,0.034,Danger
2026-04-10 06:55:00,32.09,62.78,5.19,926.12,6.54,3.42,90.98,77.4,0.057,Danger
2026-04-10 07:00:00,33.28,65.63,13.58,258.64,3.96,87.13,141.69,243.8,0.021,Danger
2026-04-10 07:05:00,22.55,53.7,22.59,621.49,6.38,20.35,95.82,230.95,0.008,Danger
2026-04-10 07:10:00,23.97,70.81,18.88,676.27,0.93,51.62,38.66,339.33,0.06,Warning
2026-04-10 07:15:00,28.97,67.12,14.64,978.83,2.74,19.94,56.15,317.45,0.071,Warning
2026-04-10 07:20:00,28.63,53.44,3.04,444.75,6.05,9.99,20.59,109.14,0.095,Danger
2026-04-10 07:25:00,32.85,72.96,34.23,450.58,2.25,79.54,97.96,297.0,0.076,Danger
2026-04-10 07:30:00,33.21,63.72,14.32,733.29,4.33,66.73,135.11,297.73,0.037,Warning
2026-04-10 07:35:00,27.09,72.81,3.52,493.79,6.14,68.82,110.18,226.31,0.046,Danger
2026-04-10 07:40:00,34.34,64.64,3.83,864.73,2.54,3.09,127.89,327.7,0.02,Warning
2026-04-10 07:45:00,29.0,62.53,24.05,689.6,0.35,39.71,183.18,160.4,0.058,Warning
2026-04-10 07:50:00,29.34,66.62,48.02,1411.48,2.9,59.36,64.38,333.83,0.079,Danger
2026-04-10 07:55:00,37.05,67.85,2.79,778.29,2.35,10.65,32.38,330.51,0.098,Warning
2026-04-10 08:00:00,24.02,71.22,7.55,59.82,2.44,13.33,77.78,187.46,0.019,Warning
2026-04-10 08:05:00,26.77,51.74,7.1,286.03,3.13,43.74,106.01,231.16,0.042,Warning
2026-04-10 08:10:00,25.81,56.87,29.07,27.91,1.76,7.06,139.91,136.0,0.05,Warning
2026-04-10 08:15:00,31.71,45.95,6.49,472.46,3.54,27.3,136.05,163.65,0.002,Warning
2026-04-10 08:20:00,30.42,52.71,2.31,779.68,2.57,2.73,10.2,299.67,0.056,Warning
2026-04-10 08:25:00,23.93,45.52,52.64,133.26,3.58,80.43,94.76,201.97,0.007,Danger
2026-04-10 08:30:00,22.8,68.77,44.02,381.36,0.33,47.9,11.41,271.96,0.051,Danger
2026-04-10 08:35:00,27.95,64.84,50.26,681.36,5.28,16.75,189.59,301.12,0.005,Danger
2026-04-10 08:40:00,32.7,59.87,15.92,538.93,3.62,26.06,69.09,223.55,0.124,Warning
2026-04-10 08:45:00,24.09,73.73,15.31,243.66,1.85,35.72,20.45,246.25,0.003,Warning
2026-04-10 08:50:00,32.53,55.36,14.03,175.87,8.53,59.12,123.61,189.87,0.039,Danger
2026-04-10 08:55:00,33.02,70.55,1.39,92.65,3.87,42.1,51.5,285.36,0.037,Warning
2026-04-10 09:00:00,25.86,65.04,25.38,592.78,3.53,10.42,238.19,222.61,0.046,Warning
2026-04-10 09:05:00,23.41,63.06,25.64,728.75,6.69,40.81,107.69,214.3,0.03,Danger
2026-04-10 09:10:00,34.85,74.51,6.54,716.93,3.95,24.55,134.05,166.04,0.023,Warning
2026-04-10 09:15:00,29.2,67.58,12.7,1360.13,3.14,25.89,122.96,214.69,0.078,Warning
2026-04-10 09:20:00,31.81,68.15,2.52,30.7,0.5,31.31,35.53,273.34,0.043,Normal
2026-04-10 09:25:00,32.15,55.23,18.86,307.71,2.61,13.39,233.63,133.31,0.054,Warning
2026-04-10 09:30:00,33.99,88.0,5.14,310.4,1.5,65.62,6.74,220.35,0.005,Normal
2026-04-10 09:35:00,34.42,76.58,31.92,18.4,3.82,46.91,85.8,266.41,0.059,Danger
2026-04-10 09:40:00,32.67,64.92,24.25,660.54,2.29,16.1,76.94,373.2,0.087,Warning
2026-04-10 09:45:00,33.53,58.24,35.34,729.4,3.1,5.01,192.48,317.84,0.055,Danger
2026-04-10 09:50:00,30.18,65.51,28.6,242.76,3.28,16.82,213.66,292.57,0.029,Warning
2026-04-10 09:55:00,30.4,56.46,45.08,986.86,4.09,82.27,95.18,311.08,0.087,Danger
2026-04-10 10:00:00,29.97,65.71,33.67,693.95,0.27,67.47,62.45,82.25,0.02,Danger
2026-04-10 10:05:00,25.63,59.31,31.41,811.3,3.53,45.3,145.61,50.25,0.05,Danger
2026-04-10 10:10:00,21.02,70.09,26.86,445.87,3.64,24.71,176.17,290.53,0.061,Warning
2026-04-10 10:15:00,33.49,61.41,18.04,503.02,1.96,6.88,44.25,223.05,0.038,Warning
2026-04-10 10:20:00,26.32,73.52,8.44,448.55,5.5,56.37,201.63,202.74,0.074,Danger
2026-04-10 10:25:00,24.69,62.24,11.36,327.25,0.91,0.26,18.24,318.51,0.045,Warning
2026-04-10 10:30:00,31.01,66.64,16.09,527.84,1.08,76.74,156.07,251.47,0.037,Warning
2026-04-10 10:35:00,29.41,69.18,45.0,88.09,3.98,65.07,68.67,235.51,0.018,Danger
2026-04-10 10:40:00,32.15,61.42,12.4,376.68,4.16,29.16,103.09,262.85,0.067,Warning
2026-04-10 10:45:00,28.69,82.01,9.7,17.78,3.43,63.18,147.32,294.11,0.086,Warning
2026-04-10 10:50:00,24.72,72.45,16.14,549.98,3.88,10.25,338.72,356.55,0.034,Warning
2026-04-10 10:55:00,24.55,64.12,18.65,819.68,1.51,31.42,72.9,284.91,0.047,Warning
2026-04-10 11:00:00,39.68,49.54,42.41,11.15,1.98,47.08,105.04,156.1,0.01,Danger
2026-04-10 11:05:00,31.01,69.52,15.8,451.33,7.49,25.83,160.57,261.43,0.017,Danger
2026-04-10 11:10:00,32.75,58.44,13.18,591.62,3.82,44.38,170.95,196.9,0.032,Warning
2026-04-10 11:15:00,30.83,61.14,23.35,484.66,2.6,8.07,99.36,338.41,0.033,Warning
2026-04-10 11:20:00,34.58,64.48,29.69,538.63,1.9,33.99,201.36,268.89,0.064,Warning
2026-04-10 11:25:00,28.16,80.71,27.81,523.31,1.63,59.12,19.38,107.37,0.052,Warning
2026-04-10 11:30:00,35.95,80.91,12.85,513.08,3.56,9.43,131.64,243.17,0.08,Warning
2026-04-10 11:35:00,33.61,73.1,10.89,1077.78,3.45,29.89,3.91,242.23,0.053,Warning
2026-04-10 11:40:00,26.06,62.08,11.68,516.78,3.29,14.59,42.27,248.33,0.081,Warning
2026-04-10 11:45:00,40.26,71.78,9.69,396.38,3.79,39.33,178.73,242.21,0.039,Warning
2026-04-10 11:50:00,38.76,65.59,5.33,942.54,2.49,119.8,156.94,322.86,0.062,Danger
2026-04-10 11:55:00,23.49,64.41,9.44,338.81,6.24,21.87,111.61,345.52,0.061,Danger
2026-04-10 12:00:00,36.21,70.64,23.59,610.05,3.84,4.58,50.19,326.32,0.085,Warning
2026-04-10 12:05:00,31.26,59.52,16.15,525.74,2.05,39.56,77.93,188.9,0.06,Warning
2026-04-10 12:10:00,29.2,58.93,19.1,244.13,0.45,29.01,47.1,158.22,0.045,Warning
2026-04-10 12:15:00,31.2,56.74,23.51,91.59,1.34,15.47,148.7,319.39,0.098,Warning
2026-04-10 12:20:00,28.12,63.72,5.65,123.87,2.69,11.03,203.24,133.01,0.065,Warning
2026-04-10 12:25:00,24.97,56.8,25.78,297.24,0.45,12.49,258.5,200.6,0.052,Warning
2026-04-10 12:30:00,28.99,67.21,2.71,439.75,3.18,14.52,188.93,344.84,0.068,Warning
2026-04-10 12:35:00,30.35,35.09,23.49,382.6,1.26,55.9,129.36,134.11,0.054,Warning
2026-04-10 12:40:00,34.52,60.31,39.32,275.9,3.8,32.19,183.11,320.08,0.064,Danger
2026-04-10 12:45:00,28.03,50.98,7.19,833.09,2.39,42.12,32.47,350.25,0.065,Warning
2026-04-10 12:50:00,23.83,47.34,2.5,55.41,1.53,118.07,79.7,235.12,0.089,Danger
2026-04-10 12:55:00,33.75,63.51,12.07,153.23,1.2,29.74,190.51,200.39,0.044,Warning
2026-04-10 13:00:00,25.25,67.25,30.68,688.89,1.51,25.87,12.27,330.88,0.045,Danger
2026-04-10 13:05:00,22.4,62.8,24.17,573.2,0.46,3.41,18.75,218.42,0.024,Warning
2026-04-10 13:10:00,34.85,55.99,17.45,516.29,4.84,63.57,149.6,278.23,0.019,Warning
2026-04-10 13:15:00,24.66,56.54,30.04,522.0,4.61,60.11,7.4,252.57,0.05,Danger
2026-04-10 13:20:00,28.36,59.65,38.7,515.59,2.04,12.11,147.52,169.59,0.064,Danger
2026-04-10 13:25:00,32.41,60.87,21.35,555.7,1.88,20.52,86.18,260.39,0.052,Warning
2026-04-10 13:30:00,24.48,63.48,20.3,529.19,4.86,44.8,7.04,236.67,0.041,Warning
2026-04-10 13:35:00,29.98,64.97,27.23,553.2,5.69,29.64,3.06,212.62,0.068,Danger
2026-04-10 13:40:00,21.93,51.54,15.21,785.28,5.92,11.32,186.08,255.78,0.004,Danger
2026-04-10 13:45:00,29.96,58.81,33.36,492.3,1.83,39.99,77.9,56.38,0.034,Danger
2026-04-10 13:50:00,31.16,54.43,34.88,857.3,1.05,8.08,179.47,249.9,0.008,Danger
2026-04-10 13:55:00,29.28,56.47,37.16,681.78,1.06,25.69,50.81,189.7,0.097,Danger
2026-04-10 14:00:00,30.27,74.3,19.64,894.28,4.0,12.47,244.48,326.49,0.09,Warning
2026-04-10 14:05:00,29.97,59.63,5.54,170.92,4.42,40.53,73.34,290.66,0.054,Warning
2026-04-10 14:10:00,34.81,74.53,6.32,582.09,3.01,25.32,140.43,144.9,0.038,Warning
2026-04-10 14:15:00,30.05,67.34,9.43,148.31,1.84,46.09,56.74,214.69,0.046,Normal
2026-04-10 14:20:00,27.2,49.92,7.67,779.25,5.78,117.57,249.17,154.24,0.038,Danger
2026-04-10 14:25:00,29.89,64.14,16.39,1222.28,1.25,8.54,244.38,200.72,0.062,Warning
2026-04-10 14:30:00,35.17,69.86,18.84,781.58,0.68,0.15,133.56,84.44,0.092,Warning
2026-04-10 14:35:00,31.52,66.53,17.61,114.02,0.8,52.3,127.66,313.07,0.039,Warning
2026-04-10 14:40:00,28.88,67.54,20.39,286.27,3.87,72.78,34.96,262.29,0.04,Warning
2026-04-10 14:45:00,20.87,72.58,9.97,479.75,2.46,20.79,196.9,245.74,0.063,Warning
2026-04-10 14:50:00,29.72,71.13,42.87,541.26,4.35,78.21,215.72,219.18,0.081,Danger
2026-04-10 14:55:00,31.24,76.17,26.37,582.7,3.3,30.21,109.43,237.29,0.042,Warning
2026-04-10 15:00:00,38.82,69.78,3.53,416.77,5.17,9.45,68.2,137.32,0.002,Danger
2026-04-10 15:05:00,23.51,53.19,42.7,486.15,0.91,37.74,65.69,111.01,0.039,Danger
2026-04-10 15:10:00,40.32,71.64,10.8,709.44,0.44,12.03,250.41,158.62,0.039,Warning
2026-04-10 15:15:00,31.53,55.64,28.01,408.02,3.99,43.44,55.7,386.85,0.03,Warning
2026-04-10 15:20:00,36.74,76.75,50.42,552.22,0.37,103.07,46.53,184.92,0.044,Danger
2026-04-10 15:25:00,25.09,70.26,2.89,413.75,4.9,44.95,81.56,263.67,0.05,Warning
2026-04-10 15:30:00,27.84,64.97,24.82,462.15,3.26,13.47,19.61,191.25,0.033,Warning
2026-04-10 15:35:00,36.44,72.26,6.54,631.25,0.83,7.3,68.57,327.75,0.009,Warning
2026-04-10 15:40:00,29.74,55.54,30.52,399.69,1.6,15.97,110.26,251.04,0.049,Danger
2026-04-10 15:45:00,27.41,49.25,7.37,715.54,1.08,6.56,60.57,112.43,0.029,Normal
2026-04-10 15:50:00,34.44,59.43,23.01,319.08,3.92,5.93,43.19,228.48,0.105,Warning
2026-04-10 15:55:00,38.95,69.87,12.26,591.17,2.95,18.4,124.09,266.66,0.041,Warning
2026-04-10 16:00:00,24.02,60.4,30.99,490.56,2.9,8.68,25.96,230.91,0.019,Danger
2026-04-10 16:05:00,24.57,77.06,6.6,277.55,6.85,52.6,42.85,284.21,0.043,Danger
2026-04-10 16:10:00,26.54,69.75,8.51,522.65,5.06,56.45,24.99,288.88,0.016,Danger
2026-04-10 16:15:00,32.25,66.48,22.58,410.77,8.25,16.05,177.16,167.46,0.065,Danger
2026-04-10 16:20:00,32.88,65.55,5.09,542.34,2.8,91.6,7.23,205.53,0.059,Danger
2026-04-10 16:25:00,28.72,64.0,36.41,346.08,0.21,49.69,39.58,442.37,0.068,Danger
2026-04-10 16:30:00,34.76,64.19,30.17,29.97,5.11,12.79,26.87,290.41,0.059,Danger
2026-04-10 16:35:00,30.42,51.37,17.0,788.17,0.4,72.6,7.27,250.52,0.096,Warning
2026-04-10 16:40:00,26.59,75.54,54.49,551.31,0.42,10.91,210.46,352.14,0.093,Danger
2026-04-10 16:45:00,29.84,75.38,14.02,235.08,5.37,85.35,22.06,166.85,0.051,Danger
2026-04-10 16:50:00,34.78,53.66,19.54,322.87,4.1,11.92,157.18,237.34,0.022,Warning
2026-04-10 16:55:00,30.32,45.62,3.82,601.22,3.32,82.85,153.94,356.17,0.048,Danger
2026-04-10 17:00:00,27.34,74.45,6.91,580.54,2.08,1.16,109.41,311.86,0.044,Warning
2026-04-10 17:05:00,27.7,61.57,30.96,584.92,1.63,45.19,70.96,258.41,0.071,Danger
2026-04-10 17:10:00,25.37,68.69,20.35,444.57,0.78,43.81,150.35,259.09,0.018,Warning
2026-04-10 17:15:00,27.36,64.4,28.77,24.95,0.31,3.89,71.68,145.89,0.043,Warning
2026-04-10 17:20:00,28.45,54.62,12.64,337.65,3.49,15.41,88.98,185.33,0.032,Warning
2026-04-10 17:25:00,31.49,67.35,6.66,419.18,2.36,76.11,148.75,302.12,0.002,Warning
2026-04-10 17:30:00,27.02,61.65,23.62,766.99,6.36,102.48,24.59,259.39,0.09,Danger
2026-04-10 17:35:00,28.73,59.33,22.32,839.79,1.94,9.17,108.39,262.24,0.055,Warning
2026-04-10 17:40:00,28.91,81.22,12.33,985.8,3.69,34.05,68.67,327.92,0.053,Warning
2026-04-10 17:45:00,25.34,55.35,23.45,227.79,1.81,62.29,110.4,192.23,0.092,Warning
2026-04-10 17:50:00,32.74,75.18,30.35,599.26,4.53,88.01,66.38,346.49,0.099,Danger
2026-04-10 17:55:00,19.91,69.79,27.35,401.9,0.53,46.71,18.5,232.62,0.074,Warning
2026-04-10 18:00:00,38.77,70.38,17.67,345.08,1.03,64.38,64.66,342.06,0.04,Warning
2026-04-10 18:05:00,26.75,69.21,13.47,138.34,7.45,5.08,172.76,317.35,0.012,Danger
2026-04-10 18:10:00,24.99,61.98,2.31,1017.94,1.4,55.59,131.36,271.12,0.051,Normal
2026-04-10 18:15:00,36.19,56.75,49.53,113.83,4.34,36.21,48.43,257.46,0.035,Danger
2026-04-10 18:20:00,29.09,51.13,4.75,649.48,2.09,7.62,212.43,152.41,0.039,Warning
2026-04-10 18:25:00,27.47,71.15,15.96,467.55,3.53,54.6,58.22,259.25,0.028,Warning
2026-04-10 18:30:00,25.47,79.99,20.46,183.74,6.44,45.63,47.45,349.73,0.063,Danger
2026-04-10 18:35:00,31.16,67.26,24.3,651.71,8.59,12.2,63.6,151.05,0.048,Danger
2026-04-10 18:40:00,39.31,74.84,4.13,509.01,1.89,18.76,94.94,210.44,0.019,Warning
2026-04-10 18:45:00,32.45,64.18,16.35,122.54,0.29,43.53,106.89,340.32,0.047,Warning
2026-04-10 18:50:00,28.67,63.12,7.76,623.29,1.61,10.3,19.24,151.8,0.038,Normal
2026-04-10 18:55:00,28.8,60.68,16.1,476.45,2.69,57.72,139.3,326.37,0.025,Warning
2026-04-10 19:00:00,27.46,71.54,28.43,296.41,3.83,17.74,128.11,247.9,0.008,Warning
2026-04-10 19:05:00,27.83,86.82,19.06,1190.13,2.33,50.03,173.43,249.98,0.069,Warning
2026-04-10 19:10:00,34.19,57.01,35.78,339.89,1.51,2.67,33.64,375.58,0.051,Danger
2026-04-10 19:15:00,35.44,75.45,4.36,864.84,3.51,21.64,124.89,168.16,0.098,Warning
2026-04-10 19:20:00,34.07,64.29,40.3,25.4,0.25,9.9,303.57,164.36,0.001,Danger
2026-04-10 19:25:00,22.78,74.06,3.12,452.27,4.29,13.68,100.41,292.82,0.037,Warning
2026-04-10 19:30:00,29.17,67.42,32.36,262.29,7.06,47.18,172.77,266.0,0.058,Danger
2026-04-10 19:35:00,27.18,70.0,32.06,516.95,9.47,42.55,96.3,156.05,0.076,Danger
2026-04-10 19:40:00,22.09,51.66,2.34,579.75,0.21,3.42,61.91,230.62,0.095,Normal
2026-04-10 19:45:00,33.43,61.75,56.94,647.5,0.91,30.26,133.55,194.99,0.018,Danger
2026-04-10 19:50:00,30.43,61.4,44.58,722.35,0.08,37.04,206.71,138.5,0.019,Danger
2026-04-10 19:55:00,29.94,65.36,13.96,406.77,1.02,35.37,193.39,211.52,0.123,Warning
2026-04-10 20:00:00,39.8,78.29,27.45,1102.4,1.13,13.3,27.4,169.76,0.054,Warning
2026-04-10 20:05:00,31.5,67.01,14.75,539.95,7.21,44.8,172.25,265.26,0.002,Danger
2026-04-10 20:10:00,20.93,85.83,4.36,314.97,2.74,42.02,147.69,391.95,0.095,Warning
2026-04-10 20:15:00,25.95,74.69,7.32,458.75,1.28,47.72,76.84,173.52,0.078,Normal
2026-04-10 20:20:00,28.59,68.09,42.35,54.41,0.17,27.24,111.25,338.28,0.076,Danger
2026-04-10 20:25:00,30.48,68.03,21.62,59.09,1.53,29.94,125.86,176.05,0.012,Warning
2026-04-10 20:30:00,28.83,84.67,1.38,852.18,6.75,21.82,12.02,291.03,0.056,Danger
2026-04-10 20:35:00,25.7,58.41,24.07,780.03,1.03,17.23,146.86,236.2,0.041,Warning
2026-04-10 20:40:00,26.22,57.27,68.38,441.14,6.1,87.36,61.64,279.47,0.053,Danger
2026-04-10 20:45:00,21.94,49.48,15.98,372.53,7.67,10.54,275.09,211.89,0.107,Danger
2026-04-10 20:50:00,32.53,70.63,4.76,673.08,7.08,14.21,46.06,230.26,0.099,Danger
2026-04-10 20:55:00,34.28,79.48,21.27,511.8,3.27,62.81,55.29,359.49,0.061,Warning
2026-04-10 21:00:00,17.97,73.83,10.45,757.75,4.7,33.2,134.37,337.91,0.035,Warning
2026-04-10 21:05:00,33.97,76.63,50.2,168.27,3.23,18.46,20.39,278.72,0.052,Danger
2026-04-10 21:10:00,35.73,61.54,12.32,563.45,0.59,8.92,191.61,206.08,0.085,Warning
2026-04-10 21:15:00,33.04,49.52,25.61,656.74,3.27,14.32,14.01,357.7,0.047,Warning
2026-04-10 21:20:00,25.58,69.57,0.14,215.27,0.87,6.62,11.22,314.51,0.047,Normal
2026-04-10 21:25:00,36.26,56.45,19.55,544.63,7.57,41.24,401.54,276.56,0.057,Danger
2026-04-10 21:30:00,19.22,69.28,18.37,377.77,1.59,17.28,62.01,417.18,0.039,Warning
2026-04-10 21:35:00,30.85,60.96,30.67,553.03,1.16,57.04,104.33,225.23,0.048,Danger
2026-04-10 21:40:00,24.09,79.33,32.13,929.21,5.44,43.69,34.23,397.47,0.022,Danger
2026-04-10 21:45:00,28.66,72.07,30.13,671.67,0.8,4.28,333.45,246.85,0.045,Danger
2026-04-10 21:50:00,26.43,67.45,18.96,495.13,3.15,90.54,20.49,253.45,0.031,Danger
2026-04-10 21:55:00,31.47,59.32,4.49,62.14,2.29,37.19,266.05,287.56,0.037,Warning
2026-04-10 22:00:00,23.2,52.79,10.91,1063.41,2.86,3.32,15.99,181.51,0.032,Warning
2026-04-10 22:05:00,36.58,64.7,13.95,1193.14,1.42,3.63,211.01,283.21,0.036,Warning
2026-04-10 22:10:00,23.84,55.33,3.13,502.11,2.57,14.05,76.08,165.94,0.059,Warning
2026-04-10 22:15:00,36.4,63.37,11.35,524.9,5.35,15.79,225.08,283.7,0.051,Danger
2026-04-10 22:20:00,36.07,53.18,25.44,629.09,0.81,38.43,108.33,235.7,0.076,Warning
2026-04-10 22:25:00,27.14,67.7,12.37,315.59,3.51,11.69,67.3,105.91,0.074,Warning
2026-04-10 22:30:00,23.9,67.79,16.1,389.44,7.87,27.19,155.56,272.79,0.043,Danger
2026-04-10 22:35:00,29.9,79.59,36.76,1085.6,2.66,15.08,35.95,154.98,0.073,Danger
2026-04-10 22:40:00,27.07,34.45,64.28,328.82,0.27,86.86,40.83,340.93,0.032,Danger
2026-04-10 22:45:00,23.38,82.06,33.46,776.0,3.1,43.96,43.22,258.93,0.022,Danger
2026-04-10 22:50:00,23.06,69.11,38.16,384.99,1.36,25.53,80.72,310.81,0.074,Danger
2026-04-10 22:55:00,32.73,58.82,2.0,738.62,4.44,13.12,37.38,343.38,0.039,Warning
2026-04-10 23:00:00,33.73,63.63,5.95,983.69,2.36,8.43,59.08,146.8,0.039,Warning
2026-04-10 23:05:00,39.63,59.15,43.95,460.77,1.54,1.07,48.1,181.52,0.023,Danger
2026-04-10 23:10:00,20.48,80.13,19.22,294.12,2.67,13.42,187.11,486.54,0.056,Warning
2026-04-10 23:15:00,27.05,45.66,14.88,996.35,6.51,50.13,31.51,370.8,0.063,Danger
2026-04-10 23:20:00,33.27,69.46,15.14,140.55,0.47,45.75,58.04,235.97,0.045,Warning
2026-04-10 23:25:00,33.96,71.75,5.2,934.01,1.49,63.69,24.99,263.11,0.057,Normal
2026-04-10 23:30:00,30.99,71.74,22.83,735.09,3.39,30.58,106.98,204.89,0.017,Warning
2026-04-10 23:35:00,28.55,66.83,19.99,816.81,5.92,33.45,131.71,257.62,0.073,Danger
2026-04-10 23:40:00,32.43,64.46,58.04,336.14,6.36,34.17,161.36,364.93,0.007,Danger
2026-04-10 23:45:00,30.69,72.15,20.04,613.45,2.41,23.77,316.8,209.72,0.063,Warning
2026-04-10 23:50:00,26.77,42.24,3.49,65.72,5.27,4.27,28.59,164.85,0.053,Danger
2026-04-10 23:55:00,26.42,74.92,21.04,328.45,4.55,20.32,82.15,132.99,0.048,Warning
2026-04-11 00:00:00,31.61,78.34,0.04,1183.43,3.67,40.78,4.52,363.68,0.087,Warning
2026-04-11 00:05:00,30.09,66.5,8.29,896.43,0.96,53.79,215.2,253.85,0.079,Normal
2026-04-11 00:10:00,39.24,67.68,11.49,479.94,0.23,10.62,124.24,236.88,0.06,Warning
2026-04-11 00:15:00,22.55,64.07,35.6,164.32,2.05,54.18,50.55,314.61,0.041,Danger
2026-04-11 00:20:00,39.11,69.32,25.61,177.06,0.84,9.31,26.54,303.11,0.076,Warning
2026-04-11 00:25:00,31.99,56.72,21.61,73.8,5.97,31.93,32.05,259.22,0.056,Danger
2026-04-11 00:30:00,29.64,53.9,37.67,5.78,2.45,15.72,46.42,347.81,0.015,Danger
2026-04-11 00:35:00,37.79,75.35,39.7,1066.13,2.24,20.52,69.7,204.67,0.029,Danger
2026-04-11 00:40:00,30.75,61.88,0.04,426.38,3.65,58.26,80.29,225.74,0.046,Warning
2026-04-11 00:45:00,24.09,63.8,17.96,655.65,2.23,15.24,281.2,316.33,0.067,Warning
2026-04-11 00:50:00,35.02,67.45,40.73,517.06,2.01,45.41,237.64,370.96,0.068,Danger
2026-04-11 00:55:00,32.58,71.96,34.71,889.62,1.29,72.72,114.3,302.07,0.091,Danger
2026-04-11 01:00:00,33.74,74.16,7.21,949.49,4.09,25.04,190.11,457.03,0.015,Warning
2026-04-11 01:05:00,25.98,91.85,23.53,557.26,1.65,68.34,341.12,196.78,0.047,Warning
2026-04-11 01:10:00,28.25,72.33,39.45,986.28,4.3,120.77,22.52,183.24,0.094,Danger
2026-04-11 01:15:00,30.61,51.24,8.68,576.7,0.06,20.59,59.24,164.84,0.069,Normal
2026-04-11 01:20:00,20.28,65.9,25.39,472.84,5.28,34.82,9.89,223.6,0.071,Danger
2026-04-11 01:25:00,31.09,86.43,1.12,81.5,7.37,37.23,148.31,171.71,0.012,Danger
2026-04-11 01:30:00,28.13,73.99,9.44,672.83,4.29,30.87,57.22,376.17,0.07,Warning
2026-04-11 01:35:00,28.69,69.15,1.29,834.11,5.34,24.84,103.07,170.1,0.009,Danger
2026-04-11 01:40:00,28.12,64.13,36.25,776.73,2.55,67.62,14.35,336.19,0.026,Danger
2026-04-11 01:45:00,36.2,64.87,24.97,719.05,4.43,1.74,42.87,237.24,0.008,Warning
2026-04-11 01:50:00,18.18,78.02,1.48,1056.58,6.11,82.69,14.97,121.33,0.017,Danger
2026-04-11 01:55:00,27.77,41.27,5.49,439.5,1.88,21.62,57.94,278.5,0.023,Normal
2026-04-11 02:00:00,31.46,66.37,15.94,304.4,2.0,87.86,143.03,330.46,0.047,Danger
2026-04-11 02:05:00,29.18,69.91,21.69,165.61,0.39,1.82,7.97,276.62,0.052,Warning
2026-04-11 02:10:00,36.96,89.74,10.26,544.19,2.44,19.43,28.48,176.62,0.057,Warning
2026-04-11 02:15:00,25.27,66.59,10.08,542.5,0.86,26.3,8.1,262.86,0.09,Warning
2026-04-11 02:20:00,31.3,68.22,31.34,78.93,7.16,22.22,167.97,309.75,0.023,Danger
2026-04-11 02:25:00,35.04,69.98,52.8,558.01,1.67,0.59,94.34,224.54,0.042,Danger
2026-04-11 02:30:00,31.31,50.77,10.22,672.88,4.03,54.39,150.64,230.27,0.044,Warning
2026-04-11 02:35:00,18.18,79.94,18.54,40.56,3.13,33.78,202.25,225.22,0.05,Warning
2026-04-11 02:40:00,26.79,70.98,0.67,232.1,1.8,29.03,240.21,404.18,0.036,Normal
2026-04-11 02:45:00,23.07,68.37,5.36,852.4,0.36,41.78,91.4,195.9,0.057,Normal
2026-04-11 02:50:00,34.39,65.87,16.95,238.16,5.43,61.78,38.94,240.06,0.092,Danger
2026-04-11 02:55:00,24.33,71.04,3.83,1033.42,2.19,70.42,3.87,150.12,0.043,Warning
2026-04-11 03:00:00,31.31,59.89,30.17,437.01,4.24,42.11,8.25,221.07,0.097,Danger
2026-04-11 03:05:00,38.86,59.25,26.56,334.32,1.14,4.23,92.43,257.6,0.059,Warning
2026-04-11 03:10:00,26.64,75.88,6.28,308.84,3.58,41.71,170.67,217.83,0.08,Warning
2026-04-11 03:15:00,36.44,71.4,1.24,124.75,2.3,64.12,66.52,202.06,0.046,Warning
2026-04-11 03:20:00,35.4,72.79,23.77,691.37,2.54,32.08,102.1,250.0,0.073,Warning
2026-04-11 03:25:00,31.81,56.19,25.58,574.17,3.83,15.83,161.17,245.09,0.072,Warning
2026-04-11 03:30:00,27.72,61.13,27.04,400.47,8.62,42.66,82.49,315.59,0.036,Danger
2026-04-11 03:35:00,34.62,73.95,40.07,367.76,1.67,4.41,51.84,383.38,0.116,Danger
2026-04-11 03:40:00,31.72,65.09,8.0,747.41,8.57,91.43,193.8,339.86,0.075,Danger
2026-04-11 03:45:00,29.76,57.63,14.58,626.7,2.36,13.88,2.59,331.11,0.034,Warning
2026-04-11 03:50:00,31.64,58.0,46.95,10.23,3.43,31.09,29.07,266.49,0.058,Danger
2026-04-11 03:55:00,31.15,66.52,2.16,450.78,2.09,27.81,73.43,308.37,0.053,Warning
2026-04-11 04:00:00,31.01,61.17,6.05,546.21,5.62,37.75,1.75,315.18,0.04,Danger
2026-04-11 04:05:00,33.57,61.31,22.07,344.45,0.52,42.65,131.21,279.61,0.063,Warning
2026-04-11 04:10:00,31.38,57.38,34.32,797.83,0.36,41.28,167.5,212.39,0.041,Danger
2026-04-11 04:15:00,32.67,49.9,6.77,203.07,3.39,63.4,118.81,277.45,0.074,Warning
2026-04-11 04:20:00,28.53,58.32,19.66,500.55,5.01,85.14,11.87,294.93,0.052,Danger
2026-04-11 04:25:00,33.76,67.62,12.31,409.31,8.98,81.4,129.55,256.28,0.066,Danger
2026-04-11 04:30:00,34.13,69.19,0.03,1035.35,2.74,100.56,98.71,230.35,0.092,Danger
2026-04-11 04:35:00,31.51,66.33,9.01,698.07,0.52,2.09,30.95,285.12,0.004,Normal
2026-04-11 04:40:00,28.95,74.8,9.91,551.86,0.11,3.85,245.52,117.96,0.073,Normal
2026-04-11 04:45:00,27.61,59.72,7.23,726.17,1.43,7.29,90.98,236.38,0.01,Normal
2026-04-11 04:50:00,27.55,73.95,15.13,173.02,0.72,9.02,77.21,162.55,0.038,Warning
2026-04-11 04:55:00,29.76,71.49,39.9,421.54,7.66,12.64,162.89,404.52,0.054,Danger
2026-04-11 05:00:00,23.13,65.91,2.77,417.67,7.95,28.91,110.05,179.78,0.041,Danger
2026-04-11 05:05:00,33.72,68.18,10.5,305.06,2.95,88.31,10.14,402.93,0.086,Danger
2026-04-11 05:10:00,36.85,68.08,38.42,197.35,0.0,50.63,109.58,238.13,0.025,Danger
2026-04-11 05:15:00,27.82,53.26,24.87,442.65,0.12,125.72,183.82,334.47,0.116,Danger
2026-04-11 05:20:00,34.01,57.29,2.76,789.47,4.18,16.89,137.11,257.91,0.076,Warning
2026-04-11 05:25:00,31.4,74.38,54.3,456.94,10.42,28.51,174.92,201.11,0.099,Danger
2026-04-11 05:30:00,35.21,79.71,16.09,123.37,3.38,47.88,46.38,265.29,0.121,Warning
2026-04-11 05:35:00,31.59,66.4,13.74,97.37,2.26,24.12,16.86,155.06,0.036,Warning
2026-04-11 05:40:00,30.32,60.42,6.02,586.78,3.62,24.85,23.7,297.59,0.044,Warning
2026-04-11 05:45:00,24.05,75.36,22.07,464.21,2.71,9.79,281.86,129.33,0.042,Warning
2026-04-11 05:50:00,29.92,68.2,14.94,552.25,3.06,23.9,14.76,180.73,0.075,Warning
2026-04-11 05:55:00,28.82,69.74,25.14,880.99,1.62,56.76,81.65,219.75,0.016,Warning
2026-04-11 06:00:00,33.03,55.78,25.36,1078.35,4.94,75.66,8.1,311.02,0.016,Warning
2026-04-11 06:05:00,28.83,82.41,2.84,833.41,5.05,62.99,46.7,292.02,0.045,Danger
2026-04-11 06:10:00,35.44,48.45,22.36,567.91,3.97,15.42,103.02,191.89,0.066,Warning
2026-04-11 06:15:00,30.98,66.69,5.79,836.14,1.94,21.35,174.04,170.69,0.057,Normal
2026-04-11 06:20:00,32.12,59.54,28.05,643.14,1.7,14.71,132.35,313.08,0.052,Warning
2026-04-11 06:25:00,35.6,71.59,20.77,78.53,5.55,10.13,96.42,341.14,0.05,Danger
2026-04-11 06:30:00,30.19,56.31,22.4,675.95,0.27,16.88,342.63,242.57,0.029,Warning
2026-04-11 06:35:00,33.53,64.49,6.72,644.92,0.56,83.06,129.45,227.85,0.053,Danger
2026-04-11 06:40:00,34.52,66.86,57.44,840.76,3.46,17.48,65.31,288.31,0.025,Danger
2026-04-11 06:45:00,36.47,55.26,2.26,331.31,4.23,12.2,100.0,337.04,0.037,Warning
2026-04-11 06:50:00,24.66,57.45,49.34,302.89,1.63,2.12,43.27,190.58,0.011,Danger
2026-04-11 06:55:00,34.78,66.01,64.65,287.33,0.58,81.35,185.8,280.78,0.017,Danger
2026-04-11 07:00:00,38.72,64.28,6.39,842.89,1.93,26.63,84.03,187.49,0.04,Warning
2026-04-11 07:05:00,25.59,59.72,8.11,672.57,0.33,39.14,43.33,322.74,0.012,Normal
2026-04-11 07:10:00,18.29,77.37,2.12,1027.08,3.69,51.61,184.55,259.01,0.054,Warning
2026-04-11 07:15:00,36.41,66.11,0.44,675.73,4.34,72.78,214.04,345.85,0.085,Warning
2026-04-11 07:20:00,29.58,63.93,9.59,1024.41,0.54,33.6,105.4,142.77,0.002,Normal
2026-04-11 07:25:00,30.03,60.46,13.21,819.62,2.67,50.34,124.53,224.69,0.02,Warning
2026-04-11 07:30:00,31.32,65.84,33.3,454.73,1.11,10.82,11.87,365.75,0.084,Danger
2026-04-11 07:35:00,23.93,73.04,21.9,795.59,0.09,34.4,112.95,154.1,0.064,Warning
2026-04-11 07:40:00,26.5,56.6,42.92,1163.29,4.81,23.68,256.35,125.09,0.041,Danger
2026-04-11 07:45:00,30.27,84.24,33.25,360.87,0.83,60.09,26.66,267.34,0.009,Danger
2026-04-11 07:50:00,32.85,69.89,9.83,809.49,3.66,49.6,42.13,264.32,0.052,Warning
2026-04-11 07:55:00,29.26,66.71,40.13,822.49,1.55,59.42,199.11,237.91,0.065,Danger
2026-04-11 08:00:00,32.47,56.5,7.36,725.24,0.51,59.02,210.5,341.49,0.109,Normal
2026-04-11 08:05:00,29.55,66.77,21.41,481.88,3.63,48.45,100.49,139.81,0.021,Warning
2026-04-11 08:10:00,33.66,63.01,28.95,433.77,5.32,10.44,115.49,268.03,0.015,Danger
2026-04-11 08:15:00,22.74,56.17,5.15,336.48,1.13,36.24,234.18,195.75,0.017,Normal
2026-04-11 08:20:00,28.2,53.75,2.7,713.1,0.66,26.1,124.63,342.0,0.066,Normal
2026-04-11 08:25:00,17.73,53.85,15.95,426.71,1.02,19.31,60.56,410.62,0.051,Warning
2026-04-11 08:30:00,33.21,65.06,15.93,481.37,1.36,40.58,118.62,265.03,0.078,Warning
2026-04-11 08:35:00,33.68,56.91,37.65,729.51,4.07,109.97,284.4,305.19,0.067,Danger
2026-04-11 08:40:00,35.41,59.16,3.6,702.03,0.57,43.71,95.68,181.5,0.051,Warning
2026-04-11 08:45:00,36.53,65.82,16.73,598.7,3.38,6.77,115.03,166.07,0.026,Warning
2026-04-11 08:50:00,26.64,69.7,18.2,459.69,4.07,35.15,51.0,167.18,0.025,Warning
2026-04-11 08:55:00,22.67,66.41,2.24,351.4,1.62,61.76,172.88,245.62,0.088,Normal
2026-04-11 09:00:00,19.94,83.77,28.85,530.84,0.67,2.48,140.94,300.57,0.07,Warning
2026-04-11 09:05:00,26.36,55.7,18.9,730.96,2.01,79.26,83.31,249.94,0.07,Warning
2026-04-11 09:10:00,36.1,51.51,7.36,406.02,11.48,9.54,67.82,299.47,0.079,Danger
2026-04-11 09:15:00,30.85,76.64,8.88,270.17,5.49,20.44,46.25,144.2,0.026,Danger
2026-04-11 09:20:00,30.01,69.67,8.42,615.5,0.69,68.96,335.18,218.59,0.064,Normal
2026-04-11 09:25:00,31.99,66.39,28.07,643.65,0.59,72.66,100.17,219.22,0.123,Warning
2026-04-11 09:30:00,29.42,67.55,18.51,461.03,3.35,13.8,139.65,109.33,0.011,Warning
2026-04-11 09:35:00,39.13,52.44,24.2,130.58,7.22,51.67,15.58,133.34,0.042,Danger
2026-04-11 09:40:00,27.82,60.19,52.12,140.28,1.69,33.54,18.02,288.93,0.038,Danger
2026-04-11 09:45:00,31.87,63.92,26.01,891.83,8.21,12.93,9.8,370.48,0.107,Danger
2026-04-11 09:50:00,29.16,62.81,13.4,2.36,1.13,88.6,63.13,166.8,0.065,Danger
2026-04-11 09:55:00,26.66,64.34,10.38,189.01,4.21,24.63,2.39,259.56,0.032,Warning
2026-04-11 10:00:00,26.08,76.64,30.66,493.62,2.43,19.66,128.7,186.04,0.076,Danger
2026-04-11 10:05:00,31.77,62.37,5.24,752.34,1.55,7.96,41.54,311.54,0.002,Normal
2026-04-11 10:10:00,28.22,75.71,11.64,581.85,5.26,55.69,35.99,239.57,0.077,Danger
2026-04-11 10:15:00,34.7,64.12,13.93,580.31,6.1,62.7,149.34,163.71,0.042,Danger
2026-04-11 10:20:00,28.89,79.18,10.22,876.03,0.29,0.36,128.15,375.45,0.044,Warning
2026-04-11 10:25:00,17.19,49.36,20.96,57.56,0.6,20.49,164.94,219.62,0.015,Warning
2026-04-11 10:30:00,22.5,56.98,6.38,640.84,5.59,5.42,20.39,216.86,0.017,Danger
2026-04-11 10:35:00,23.56,48.54,11.59,989.6,0.07,97.67,21.29,122.77,0.052,Danger
2026-04-11 10:40:00,29.76,65.56,14.19,388.19,2.37,17.01,181.89,395.09,0.043,Warning
2026-04-11 10:45:00,29.35,70.0,44.86,354.11,4.08,12.91,112.98,327.65,0.011,Danger
2026-04-11 10:50:00,27.37,74.55,27.32,810.78,4.55,6.36,299.92,260.95,0.042,Warning
2026-04-11 10:55:00,28.59,60.31,30.9,364.64,5.3,42.32,20.01,238.77,0.027,Danger
2026-04-11 11:00:00,30.92,57.19,16.49,418.31,1.54,102.04,43.95,95.25,0.08,Danger
2026-04-11 11:05:00,35.04,45.21,0.98,630.74,3.57,19.81,81.78,174.91,0.022,Warning
2026-04-11 11:10:00,40.25,55.31,18.53,452.35,4.69,24.6,95.34,39.25,0.025,Warning
2026-04-11 11:15:00,33.72,71.55,4.03,26.59,2.38,96.27,34.87,390.81,0.093,Danger
2026-04-11 11:20:00,32.44,68.07,24.0,277.8,1.11,8.78,44.98,353.94,0.034,Warning
2026-04-11 11:25:00,28.3,72.4,13.39,247.94,0.21,22.22,45.5,224.93,0.03,Warning
2026-04-11 11:30:00,24.65,71.09,8.24,685.71,1.33,6.61,57.88,239.77,0.073,Normal
2026-04-11 11:35:00,27.85,72.47,22.5,467.94,0.85,50.28,12.63,248.3,0.048,Warning
2026-04-11 11:40:00,28.96,61.11,1.44,14.92,6.21,0.33,67.19,239.26,0.083,Danger
2026-04-11 11:45:00,39.67,66.6,11.86,162.96,2.33,50.96,0.42,82.73,0.082,Warning
2026-04-11 11:50:00,32.12,62.48,37.19,178.65,0.46,57.35,157.44,185.17,0.05,Danger
2026-04-11 11:55:00,35.01,78.71,14.42,615.27,0.71,87.33,63.38,256.42,0.038,Danger
2026-04-11 12:00:00,36.0,67.0,30.22,606.19,1.34,57.18,114.53,173.12,0.02,Danger
2026-04-11 12:05:00,30.74,74.07,47.79,33.16,2.08,39.59,109.57,330.75,0.07,Danger
2026-04-11 12:10:00,25.07,54.85,21.25,797.15,2.43,43.12,24.72,305.32,0.04,Warning
2026-04-11 12:15:00,30.59,75.65,9.04,375.73,0.43,34.22,157.29,131.58,0.05,Normal
2026-04-11 12:20:00,34.35,46.45,13.71,135.26,0.08,80.2,219.27,221.53,0.026,Danger
2026-04-11 12:25:00,31.64,54.58,7.74,953.1,7.43,3.68,186.74,278.48,0.008,Danger
2026-04-11 12:30:00,25.36,80.51,13.54,1184.3,0.29,83.23,49.44,313.99,0.092,Danger
2026-04-11 12:35:00,36.95,59.16,2.15,475.64,1.9,29.57,2.08,336.62,0.033,Warning
2026-04-11 12:40:00,21.29,79.01,18.67,508.74,5.28,54.86,3.81,214.02,0.017,Danger
2026-04-11 12:45:00,22.68,70.79,22.84,728.25,5.84,50.98,166.35,83.76,0.041,Danger
2026-04-11 12:50:00,34.82,53.32,16.83,655.84,3.33,34.75,139.89,264.46,0.006,Warning
2026-04-11 12:55:00,32.53,67.85,13.99,913.92,3.6,35.21,1.72,204.88,0.033,Warning
2026-04-11 13:00:00,31.47,55.24,37.56,813.74,3.86,21.77,173.74,227.92,0.028,Danger
2026-04-11 13:05:00,35.95,68.18,1.32,374.68,0.21,100.89,80.41,262.62,0.072,Danger
2026-04-11 13:10:00,23.92,75.97,2.84,1049.0,1.06,61.51,169.68,155.99,0.041,Normal
2026-04-11 13:15:00,19.85,71.01,21.26,202.75,1.95,52.26,130.3,148.12,0.04,Warning
2026-04-11 13:20:00,30.12,64.41,32.79,643.16,4.09,35.6,94.48,225.43,0.094,Danger
2026-04-11 13:25:00,30.87,58.31,32.05,668.99,0.46,6.06,46.86,348.2,0.056,Danger
2026-04-11 13:30:00,33.63,60.07,21.7,891.01,0.92,24.61,56.33,188.76,0.04,Warning
2026-04-11 13:35:00,24.7,78.22,1.76,736.04,2.56,21.23,228.62,69.15,0.044,Warning
2026-04-11 13:40:00,24.6,45.39,8.89,505.17,0.18,55.86,58.62,224.02,0.04,Normal
2026-04-11 13:45:00,29.51,60.82,2.03,796.76,0.13,4.66,122.94,275.5,0.023,Normal
2026-04-11 13:50:00,33.77,70.38,18.56,370.6,0.78,11.93,43.18,246.86,0.077,Warning
2026-04-11 13:55:00,34.38,61.19,36.28,1071.77,1.05,47.66,146.28,149.35,0.053,Danger
2026-04-11 14:00:00,24.97,85.39,26.96,789.75,1.91,20.13,28.12,270.35,0.031,Warning
2026-04-11 14:05:00,33.36,72.11,15.1,47.69,7.14,11.49,350.93,302.2,0.044,Danger
2026-04-11 14:10:00,32.24,44.81,35.52,1270.08,4.27,8.5,69.47,320.02,0.113,Danger
2026-04-11 14:15:00,31.91,86.42,18.41,635.43,2.98,68.81,37.77,315.46,0.013,Warning
2026-04-11 14:20:00,28.58,58.63,16.76,405.18,5.4,15.15,93.13,141.42,0.08,Danger
2026-04-11 14:25:00,25.15,68.98,9.1,747.27,1.31,130.57,269.81,224.78,0.036,Danger
2026-04-11 14:30:00,45.66,54.21,13.9,506.73,1.99,49.55,129.66,172.37,0.093,Danger
2026-04-11 14:35:00,22.72,65.59,29.32,146.32,0.52,7.93,226.57,246.75,0.089,Warning
2026-04-11 14:40:00,28.1,71.06,0.49,261.96,3.46,33.43,106.21,312.19,0.056,Warning
2026-04-11 14:45:00,40.13,66.76,34.84,402.77,0.73,48.71,71.09,316.56,0.061,Danger
2026-04-11 14:50:00,26.03,75.74,2.42,687.6,5.84,4.62,195.6,281.81,0.076,Danger
2026-04-11 14:55:00,25.82,67.14,13.16,1013.39,4.04,5.81,13.17,303.98,0.108,Warning
2026-04-11 15:00:00,33.27,94.61,12.56,109.64,0.68,24.85,22.69,189.87,0.069,Warning
2026-04-11 15:05:00,23.8,53.67,7.03,408.67,5.03,16.03,7.97,296.53,0.074,Danger
2026-04-11 15:10:00,37.14,69.69,17.61,672.51,1.2,9.01,97.41,321.47,0.056,Warning
2026-04-11 15:15:00,33.89,36.84,14.06,243.24,6.5,44.57,103.42,215.45,0.062,Danger
2026-04-11 15:20:00,25.36,64.0,3.43,1179.95,6.41,62.52,69.03,319.13,0.056,Danger
2026-04-11 15:25:00,36.12,68.22,14.87,570.14,3.42,10.7,117.33,341.15,0.033,Warning
2026-04-11 15:30:00,29.8,48.99,44.19,834.12,3.96,36.27,235.25,185.6,0.023,Danger
2026-04-11 15:35:00,35.31,74.94,8.87,340.59,7.07,36.47,158.72,157.28,0.07,Danger
2026-04-11 15:40:00,22.9,45.2,29.54,930.33,1.24,1.86,251.08,234.42,0.048,Warning
2026-04-11 15:45:00,38.47,61.46,1.92,744.65,0.14,14.22,51.92,264.83,0.052,Warning
2026-04-11 15:50:00,34.84,73.57,26.03,618.28,1.78,44.38,31.23,62.08,0.085,Warning
2026-04-11 15:55:00,33.37,63.73,36.49,280.55,0.12,13.77,136.76,123.36,0.027,Danger
2026-04-11 16:00:00,31.45,52.96,1.79,163.47,3.82,7.51,29.93,146.4,0.037,Warning
2026-04-11 16:05:00,22.1,84.42,32.69,364.81,2.32,11.02,101.21,186.03,0.096,Danger
2026-04-11 16:10:00,24.41,41.49,10.97,615.95,1.65,50.09,130.17,199.1,0.035,Warning
2026-04-11 16:15:00,28.07,83.84,28.82,1067.51,4.52,17.46,21.94,266.12,0.048,Warning
2026-04-11 16:20:00,29.53,62.91,26.05,878.25,1.85,36.57,128.18,181.53,0.067,Warning
2026-04-11 16:25:00,34.41,75.2,11.78,375.87,0.12,8.9,78.28,233.25,0.025,Warning
2026-04-11 16:30:00,24.28,63.91,6.32,157.59,4.49,90.88,176.26,192.38,0.048,Danger
2026-04-11 16:35:00,37.7,53.26,30.65,65.58,7.05,2.79,302.9,388.25,0.047,Danger
2026-04-11 16:40:00,26.4,66.95,11.4,379.53,2.97,0.58,31.05,294.13,0.08,Warning
2026-04-11 16:45:00,33.7,68.42,2.06,561.62,4.38,3.45,91.9,238.36,0.1,Warning
2026-04-11 16:50:00,34.26,71.09,19.33,551.85,1.53,13.45,76.34,162.98,0.048,Warning
2026-04-11 16:55:00,35.57,59.09,7.0,1034.33,1.11,14.85,68.48,142.36,0.067,Warning
2026-04-11 17:00:00,26.74,64.7,23.89,1082.77,1.95,54.6,166.87,198.94,0.068,Warning
2026-04-11 17:05:00,38.22,57.35,19.83,621.44,3.6,50.77,96.63,291.07,0.023,Warning
2026-04-11 17:10:00,30.82,60.24,9.6,347.26,2.81,37.43,46.85,174.99,0.072,Warning
2026-04-11 17:15:00,32.54,73.87,42.36,661.37,0.76,24.59,245.99,471.16,0.064,Danger
2026-04-11 17:20:00,32.68,72.26,15.48,849.16,5.02,34.18,48.2,128.34,0.072,Danger
2026-04-11 17:25:00,31.06,57.62,7.6,698.43,2.8,31.99,164.36,293.99,0.038,Warning
2026-04-11 17:30:00,23.75,70.87,39.01,328.18,3.52,83.26,113.88,218.25,0.081,Danger
2026-04-11 17:35:00,26.31,52.02,31.25,378.15,1.05,5.08,32.72,362.24,0.1,Danger
2026-04-11 17:40:00,38.97,75.9,24.33,70.31,1.44,106.27,36.44,371.13,0.052,Danger
2026-04-11 17:45:00,16.61,71.4,40.33,485.3,5.7,46.71,58.56,266.39,0.064,Danger
2026-04-11 17:50:00,36.78,71.39,8.87,563.91,3.8,54.97,75.64,223.15,0.03,Warning
2026-04-11 17:55:00,32.49,53.5,23.34,667.85,5.25,24.94,70.52,272.31,0.041,Danger
2026-04-11 18:00:00,44.51,69.58,16.16,448.15,1.65,42.56,72.09,243.73,0.053,Warning
2026-04-11 18:05:00,31.11,47.61,31.74,246.07,1.59,71.44,257.94,113.96,0.051,Danger
2026-04-11 18:10:00,31.36,49.92,31.05,534.88,2.58,16.7,121.29,317.06,0.054,Danger
2026-04-11 18:15:00,27.43,60.64,19.41,514.64,4.71,0.79,41.84,278.75,0.036,Warning
2026-04-11 18:20:00,33.92,65.08,28.1,195.7,2.43,7.97,42.04,181.11,0.034,Warning
2026-04-11 18:25:00,36.22,59.29,10.43,539.44,2.09,0.32,63.88,328.1,0.07,Warning
2026-04-11 18:30:00,32.92,53.16,72.73,815.38,3.55,26.57,174.77,209.91,0.044,Danger
2026-04-11 18:35:00,21.6,52.59,23.77,801.87,4.05,46.03,73.52,217.46,0.059,Warning
2026-04-11 18:40:00,34.11,65.05,39.21,435.48,0.94,19.59,90.6,243.44,0.088,Danger
2026-04-11 18:45:00,34.03,50.69,45.69,322.43,8.45,8.51,61.04,245.2,0.062,Danger
2026-04-11 18:50:00,30.0,63.67,41.18,669.68,0.88,49.63,132.41,206.38,0.074,Danger
2026-04-11 18:55:00,29.21,62.78,10.02,228.44,0.42,48.53,77.76,147.19,0.079,Warning
2026-04-11 19:00:00,28.51,52.78,59.12,184.05,4.64,10.77,93.58,177.83,0.013,Danger
2026-04-11 19:05:00,32.61,69.05,37.89,489.69,8.66,30.73,136.68,141.33,0.032,Danger
2026-04-11 19:10:00,32.6,64.16,18.75,255.05,2.37,24.74,38.04,301.4,0.001,Warning
2026-04-11 19:15:00,30.92,82.66,28.61,702.29,0.69,90.76,217.67,182.51,0.036,Danger
2026-04-11 19:20:00,36.27,82.96,10.29,198.89,1.57,66.84,81.9,344.86,0.007,Warning
2026-04-11 19:25:00,30.64,59.18,47.8,329.06,6.56,3.9,157.12,270.16,0.046,Danger
2026-04-11 19:30:00,26.05,68.23,6.19,293.07,6.42,41.9,144.36,218.67,0.044,Danger
2026-04-11 19:35:00,28.76,68.37,27.84,490.92,0.38,50.42,83.34,134.73,0.014,Warning
2026-04-11 19:40:00,31.49,56.71,23.62,267.31,2.4,4.86,255.19,326.03,0.09,Warning
2026-04-11 19:45:00,30.12,73.22,16.83,940.88,1.78,35.9,119.86,383.46,0.064,Warning
2026-04-11 19:50:00,32.72,79.9,18.03,392.42,1.29,49.69,10.74,153.89,0.014,Warning
2026-04-11 19:55:00,35.75,57.57,3.96,690.35,0.1,48.2,78.17,245.46,0.065,Warning
2026-04-11 20:00:00,28.99,69.3,17.26,36.41,8.76,69.31,156.9,197.22,0.043,Danger
2026-04-11 20:05:00,29.99,78.14,23.06,657.77,1.5,51.71,110.23,253.52,0.028,Warning
2026-04-11 20:10:00,29.43,54.2,14.2,526.67,5.21,10.79,37.59,289.89,0.069,Danger
2026-04-11 20:15:00,27.87,70.49,26.82,431.09,6.6,9.0,227.14,231.98,0.025,Danger
2026-04-11 20:20:00,28.24,54.01,30.69,19.17,6.17,17.43,163.67,251.94,0.058,Danger
2026-04-11 20:25:00,27.05,68.53,17.7,62.63,0.89,1.64,4.5,350.22,0.05,Warning
2026-04-11 20:30:00,26.11,60.09,4.91,413.59,1.23,12.56,156.66,264.83,0.045,Normal
2026-04-11 20:35:00,30.01,64.54,10.82,655.13,3.33,42.87,66.84,129.53,0.069,Warning
2026-04-11 20:40:00,33.84,58.89,12.66,133.43,4.92,48.39,195.01,368.92,0.013,Warning
2026-04-11 20:45:00,34.44,79.79,14.89,448.64,0.91,54.22,159.39,395.28,0.047,Warning
2026-04-11 20:50:00,34.58,64.4,24.84,196.43,0.85,53.91,108.87,119.05,0.052,Warning
2026-04-11 20:55:00,25.91,55.95,15.41,685.61,5.34,104.81,67.4,311.39,0.075,Danger
2026-04-11 21:00:00,27.1,55.82,6.71,341.79,2.61,74.4,190.53,120.77,0.026,Warning
2026-04-11 21:05:00,36.5,57.69,13.86,11.59,5.46,56.51,84.28,334.07,0.108,Danger
2026-04-11 21:10:00,28.55,64.53,33.17,586.83,0.88,0.58,76.68,268.64,0.047,Danger
2026-04-11 21:15:00,27.81,54.98,3.01,685.51,4.64,6.92,36.75,181.71,0.078,Warning
2026-04-11 21:20:00,30.15,68.68,22.17,407.69,1.5,19.85,192.79,191.95,0.038,Warning
2026-04-11 21:25:00,24.33,52.84,0.38,1006.52,3.97,1.07,188.29,237.82,0.091,Warning
2026-04-11 21:30:00,41.06,75.28,16.89,709.79,2.05,53.44,14.54,173.87,0.03,Warning
2026-04-11 21:35:00,38.97,76.22,23.82,743.7,3.68,49.13,173.96,70.82,0.073,Warning
2026-04-11 21:40:00,22.88,45.3,41.53,197.89,0.15,59.58,49.48,235.59,0.044,Danger
2026-04-11 21:45:00,31.74,62.74,17.28,348.93,3.06,32.55,269.79,219.5,0.044,Warning
2026-04-11 21:50:00,31.19,74.64,6.83,531.07,5.52,9.14,187.27,191.91,0.055,Danger
2026-04-11 21:55:00,27.36,56.41,34.43,186.42,2.88,32.33,5.18,262.45,0.022,Danger
2026-04-11 22:00:00,32.61,51.85,8.21,424.17,5.34,25.6,175.5,294.38,0.066,Danger
2026-04-11 22:05:00,28.34,75.21,7.88,18.95,1.36,38.14,80.66,179.19,0.013,Normal
2026-04-11 22:10:00,33.93,81.73,10.81,659.46,3.52,82.15,14.74,232.41,0.04,Danger
2026-04-11 22:15:00,30.38,90.04,15.62,243.59,1.46,70.11,5.93,303.09,0.03,Warning
2026-04-11 22:20:00,23.67,71.05,2.39,627.63,3.5,41.85,53.19,304.89,0.022,Warning
2026-04-11 22:25:00,17.73,72.07,18.31,316.98,2.41,61.46,85.17,381.9,0.046,Warning
2026-04-11 22:30:00,28.19,64.76,58.58,725.57,0.8,21.12,113.24,165.49,0.073,Danger
2026-04-11 22:35:00,25.91,49.89,16.52,475.35,2.0,10.59,17.49,340.28,0.063,Warning
2026-04-11 22:40:00,25.22,45.49,3.29,547.19,0.1,8.39,21.08,244.18,0.074,Normal
2026-04-11 22:45:00,30.0,65.62,10.5,350.19,4.68,49.7,284.53,298.85,0.035,Warning
2026-04-11 22:50:00,25.48,74.53,1.3,742.92,0.28,33.97,25.98,312.39,0.013,Normal
2026-04-11 22:55:00,31.36,63.02,17.04,381.26,0.74,26.19,20.21,169.36,0.039,Warning
2026-04-11 23:00:00,28.01,54.95,33.48,399.66,1.32,33.1,287.16,444.17,0.027,Danger
2026-04-11 23:05:00,36.13,64.08,47.08,600.87,2.3,79.97,7.86,251.64,0.056,Danger
2026-04-11 23:10:00,23.93,57.71,26.07,85.04,2.4,69.52,118.55,276.84,0.011,Warning
2026-04-11 23:15:00,25.89,85.54,3.02,879.34,0.17,8.89,131.56,258.06,0.061,Normal
2026-04-11 23:20:00,25.91,53.64,2.72,340.3,1.31,61.49,88.73,288.77,0.054,Normal
2026-04-11 23:25:00,24.42,65.17,17.62,727.98,1.21,61.62,97.63,278.31,0.045,Warning
2026-04-11 23:30:00,30.14,73.79,5.82,416.41,2.24,28.79,64.81,244.9,0.099,Warning
2026-04-11 23:35:00,28.51,67.0,33.37,248.75,6.13,90.55,77.11,206.85,0.099,Danger
2026-04-11 23:40:00,33.98,65.82,43.54,896.3,0.99,29.95,137.68,252.3,0.008,Danger
2026-04-11 23:45:00,25.31,51.42,24.86,144.69,2.58,93.28,222.78,103.01,0.012,Danger
2026-04-11 23:50:00,26.12,53.31,18.08,496.75,4.12,58.16,32.55,228.25,0.061,Warning
2026-04-11 23:55:00,29.46,73.11,23.61,387.11,3.57,79.96,11.39,278.6,0.007,Warning
2026-04-12 00:00:00,29.94,66.0,17.97,1404.14,0.11,52.83,132.32,195.71,0.074,Warning
2026-04-12 00:05:00,29.18,73.75,54.22,545.24,1.16,62.06,219.67,179.34,0.036,Danger
2026-04-12 00:10:00,33.38,63.68,4.09,662.21,4.01,6.62,86.13,203.87,0.017,Warning
2026-04-12 00:15:00,27.51,65.74,14.5,372.8,2.26,67.79,48.74,150.33,0.044,Warning
2026-04-12 00:20:00,27.17,70.52,8.24,313.17,13.07,25.69,88.92,126.69,0.006,Danger
2026-04-12 00:25:00,29.54,68.36,29.04,571.23,1.56,80.18,69.98,207.28,0.012,Danger
2026-04-12 00:30:00,34.14,49.24,27.34,76.96,2.4,57.36,46.21,385.19,0.108,Warning
2026-04-12 00:35:00,31.19,70.41,36.21,663.33,3.31,0.96,88.74,138.79,0.121,Danger
2026-04-12 00:40:00,31.61,62.54,40.27,275.16,3.75,23.09,126.0,223.09,0.021,Danger
2026-04-12 00:45:00,25.89,57.16,14.94,33.16,1.74,25.42,67.23,265.22,0.049,Warning
2026-04-12 00:50:00,42.59,66.27,7.42,530.34,5.06,18.01,148.47,281.68,0.041,Danger
2026-04-12 00:55:00,30.55,80.99,19.86,204.19,1.04,64.57,93.74,354.96,0.01,Warning
2026-04-12 01:00:00,30.75,74.85,36.82,883.94,3.6,40.2,70.56,170.13,0.075,Danger
2026-04-12 01:05:00,30.79,72.26,3.58,942.08,4.07,55.57,28.02,343.71,0.041,Warning
2026-04-12 01:10:00,26.94,71.25,26.66,245.95,8.17,92.57,140.5,284.43,0.06,Danger
2026-04-12 01:15:00,22.25,66.13,16.99,327.2,1.07,75.25,29.73,323.75,0.102,Warning
2026-04-12 01:20:00,25.28,66.83,36.97,343.94,4.03,18.65,199.04,147.4,0.017,Danger
2026-04-12 01:25:00,31.4,65.96,13.87,672.75,0.79,34.78,29.99,218.94,0.041,Warning
2026-04-12 01:30:00,36.35,72.7,25.66,566.6,0.7,14.16,39.72,194.44,0.049,Warning
2026-04-12 01:35:00,24.23,66.7,11.11,380.81,5.48,78.42,41.63,61.81,0.057,Danger
2026-04-12 01:40:00,33.81,51.49,9.46,9.49,2.19,6.37,52.13,220.56,0.021,Warning
2026-04-12 01:45:00,35.66,67.72,8.69,289.84,0.62,76.24,151.12,239.88,0.101,Warning
2026-04-12 01:50:00,37.26,62.69,6.79,391.29,0.86,89.36,20.64,319.46,0.071,Danger
2026-04-12 01:55:00,28.48,83.1,16.18,476.09,0.53,58.42,115.36,111.82,0.087,Warning
2026-04-12 02:00:00,32.43,54.65,8.01,110.03,1.49,26.0,46.54,213.96,0.002,Normal
2026-04-12 02:05:00,31.69,45.76,15.62,39.75,2.15,19.76,120.33,318.98,0.081,Warning
2026-04-12 02:10:00,21.95,64.42,55.22,535.73,0.49,16.81,41.63,155.88,0.076,Danger
2026-04-12 02:15:00,32.92,51.65,13.13,330.06,2.8,36.59,46.6,245.33,0.036,Warning
2026-04-12 02:20:00,25.2,61.08,29.95,607.01,5.01,10.87,240.26,277.85,0.035,Danger
2026-04-12 02:25:00,30.46,52.52,8.88,628.99,3.84,3.59,353.39,236.22,0.0,Warning
2026-04-12 02:30:00,36.07,71.07,19.63,360.52,3.18,84.76,100.16,132.4,0.054,Danger
2026-04-12 02:35:00,31.92,55.14,13.01,257.28,0.64,10.61,12.51,312.1,0.067,Warning
2026-04-12 02:40:00,23.96,54.28,22.58,815.75,5.11,20.12,178.93,107.9,0.044,Danger
2026-04-12 02:45:00,32.44,44.21,56.86,898.01,3.94,18.6,73.19,313.23,0.016,Danger
2026-04-12 02:50:00,29.1,74.1,14.89,599.73,3.26,17.75,29.54,291.08,0.029,Warning
2026-04-12 02:55:00,30.63,58.13,4.39,875.2,1.45,50.37,79.89,203.96,0.013,Normal
2026-04-12 03:00:00,24.27,57.61,12.0,681.05,1.1,10.67,71.6,288.14,0.069,Warning
2026-04-12 03:05:00,23.07,62.18,39.55,105.16,2.22,13.17,23.33,377.26,0.051,Danger
2026-04-12 03:10:00,37.56,65.06,24.21,326.83,0.3,36.37,122.77,297.84,0.061,Warning
2026-04-12 03:15:00,23.32,56.94,32.0,87.54,2.88,15.52,164.96,283.33,0.03,Danger
2026-04-12 03:20:00,26.45,59.77,26.6,190.66,2.47,15.32,99.08,277.56,0.0,Warning
2026-04-12 03:25:00,28.87,66.56,16.76,463.34,1.66,22.75,57.8,294.32,0.047,Warning
2026-04-12 03:30:00,29.74,47.95,14.33,690.09,3.53,1.42,77.03,216.38,0.023,Warning
2026-04-12 03:35:00,31.9,66.69,40.83,483.78,3.02,2.31,30.31,316.78,0.087,Danger
2026-04-12 03:40:00,33.53,66.31,4.48,842.49,3.74,101.0,35.44,319.01,0.066,Danger
2026-04-12 03:45:00,28.29,78.64,23.05,218.93,1.64,17.95,33.15,306.31,0.08,Warning
2026-04-12 03:50:00,31.11,57.5,22.63,717.02,3.92,24.66,60.98,326.3,0.062,Warning
2026-04-12 03:55:00,32.42,60.18,15.03,783.11,1.81,26.99,73.6,244.52,0.01,Warning
2026-04-12 04:00:00,27.42,65.64,30.34,200.25,3.12,78.74,15.93,126.24,0.059,Danger
2026-04-12 04:05:00,24.04,56.81,33.47,1063.07,1.0,9.5,36.01,206.18,0.108,Danger
2026-04-12 04:10:00,27.35,61.12,47.32,673.0,4.96,16.24,26.98,166.82,0.074,Danger
2026-04-12 04:15:00,36.13,59.0,7.72,403.85,2.64,6.95,157.33,179.97,0.053,Warning
2026-04-12 04:20:00,23.46,63.56,3.73,133.5,4.37,53.87,16.95,232.71,0.051,Warning
2026-04-12 04:25:00,20.93,51.03,40.73,180.46,5.77,33.82,145.88,225.1,0.045,Danger
2026-04-12 04:30:00,39.28,52.46,26.9,666.05,12.06,23.09,17.4,315.27,0.044,Danger
2026-04-12 04:35:00,27.68,74.58,9.67,232.44,4.18,35.01,48.72,221.18,0.023,Warning
2026-04-12 04:40:00,33.63,61.4,0.4,114.33,3.18,0.34,121.27,153.74,0.043,Warning
2026-04-12 04:45:00,28.97,62.56,7.34,57.24,0.62,67.35,183.62,296.24,0.065,Normal
2026-04-12 04:50:00,34.52,53.79,15.66,163.92,1.31,34.72,174.68,234.49,0.099,Warning
2026-04-12 04:55:00,31.06,57.23,6.73,805.44,2.39,47.04,185.8,269.57,0.035,Warning
2026-04-12 05:00:00,23.03,64.37,36.84,1179.87,2.73,8.37,3.05,327.05,0.02,Danger
2026-04-12 05:05:00,33.11,67.94,18.66,29.56,0.93,38.33,21.18,323.37,0.087,Warning
2026-04-12 05:10:00,31.07,59.3,46.76,324.92,1.41,47.86,125.77,206.59,0.053,Danger
2026-04-12 05:15:00,32.21,67.04,24.18,348.29,3.58,20.7,32.82,230.33,0.047,Warning
2026-04-12 05:20:00,22.77,58.63,16.3,94.7,0.14,115.39,32.93,219.29,0.025,Danger
2026-04-12 05:25:00,29.42,56.85,10.14,284.44,5.17,23.27,20.3,317.26,0.021,Danger
2026-04-12 05:30:00,22.18,64.97,53.15,48.3,1.99,50.1,15.77,298.96,0.025,Danger
2026-04-12 05:35:00,30.71,82.44,8.89,807.13,4.04,39.57,135.89,255.82,0.053,Warning
2026-04-12 05:40:00,31.68,61.5,16.4,572.44,4.24,41.09,209.09,157.58,0.073,Warning
2026-04-12 05:45:00,30.4,52.19,25.56,216.38,5.21,8.43,69.5,372.71,0.055,Danger
2026-04-12 05:50:00,34.34,56.49,22.84,1002.56,1.98,39.65,145.66,223.17,0.057,Warning
2026-04-12 05:55:00,37.97,64.68,33.84,97.37,5.37,40.88,180.94,281.25,0.047,Danger
2026-04-12 06:00:00,29.5,62.47,1.41,438.21,8.62,72.09,7.1,271.41,0.053,Danger
2026-04-12 06:05:00,29.29,54.97,23.92,753.82,0.5,98.22,232.2,293.85,0.013,Danger
2026-04-12 06:10:00,32.01,67.82,25.26,977.14,1.47,101.91,120.65,226.76,0.122,Danger
2026-04-12 06:15:00,34.15,60.45,16.68,690.57,1.55,25.36,1.72,115.18,0.053,Warning
2026-04-12 06:20:00,30.7,70.27,3.48,97.83,0.9,62.23,13.34,214.63,0.041,Normal
2026-04-12 06:25:00,26.9,58.07,2.42,920.2,4.04,69.91,224.93,62.01,0.06,Warning
2026-04-12 06:30:00,27.07,76.17,0.17,183.76,2.3,7.89,171.49,270.49,0.014,Warning
2026-04-12 06:35:00,40.76,71.5,30.55,885.51,2.92,16.46,162.3,185.14,0.042,Danger
2026-04-12 06:40:00,29.61,52.23,7.78,774.35,4.19,64.52,180.99,282.47,0.06,Warning
2026-04-12 06:45:00,31.27,58.73,5.6,293.12,1.02,6.23,121.38,266.15,0.059,Normal
2026-04-12 06:50:00,31.76,76.96,14.83,802.51,3.55,65.19,241.46,296.13,0.053,Warning
2026-04-12 06:55:00,30.49,60.3,4.92,770.64,0.89,84.59,64.83,478.97,0.029,Danger
2026-04-12 07:00:00,31.25,61.48,0.86,819.14,1.32,7.04,138.63,309.6,0.008,Normal
2026-04-12 07:05:00,32.91,66.29,3.35,263.34,4.1,88.7,181.54,146.87,0.074,Danger
2026-04-12 07:10:00,27.13,74.15,5.08,390.99,1.13,6.29,219.93,321.88,0.053,Normal
2026-04-12 07:15:00,35.12,48.73,9.57,642.37,4.21,31.18,108.27,165.01,0.062,Warning
2026-04-12 07:20:00,42.13,77.18,46.55,601.92,3.0,21.34,175.18,244.15,0.071,Danger
2026-04-12 07:25:00,30.15,67.79,13.25,567.39,5.0,30.65,69.29,284.07,0.093,Danger
2026-04-12 07:30:00,38.46,52.76,6.94,56.24,0.35,64.91,78.71,220.09,0.066,Warning
2026-04-12 07:35:00,26.02,80.93,15.15,379.46,3.76,57.57,239.6,233.2,0.083,Warning
2026-04-12 07:40:00,30.51,58.89,0.54,170.9,0.23,64.63,150.67,150.7,0.002,Normal
2026-04-12 07:45:00,24.44,57.23,8.93,851.86,0.36,87.22,88.02,222.11,0.074,Danger
2026-04-12 07:50:00,34.24,61.64,35.04,743.66,0.05,32.6,150.36,201.16,0.101,Danger
2026-04-12 07:55:00,25.82,66.44,10.0,531.01,1.2,8.23,78.66,313.99,0.061,Normal
2026-04-12 08:00:00,35.44,61.52,37.68,511.78,2.34,104.56,31.53,348.2,0.064,Danger
2026-04-12 08:05:00,27.14,51.84,5.66,839.2,7.2,23.66,94.39,312.12,0.052,Danger
2026-04-12 08:10:00,35.5,67.92,17.71,290.24,0.84,106.36,203.41,238.27,0.038,Danger
2026-04-12 08:15:00,20.24,58.6,0.43,261.57,3.0,24.89,56.13,146.17,0.011,Warning
2026-04-12 08:20:00,39.05,79.93,2.05,92.98,2.38,21.88,111.69,309.31,0.064,Warning
2026-04-12 08:25:00,24.42,67.94,32.08,282.8,2.9,2.11,279.62,143.85,0.085,Danger
2026-04-12 08:30:00,21.65,82.93,7.83,556.9,2.89,34.0,169.77,332.25,0.057,Warning
2026-04-12 08:35:00,33.71,75.45,1.32,80.31,1.96,3.09,118.86,293.84,0.03,Normal
2026-04-12 08:40:00,33.52,71.54,29.47,377.66,4.34,40.8,144.02,384.22,0.06,Warning
2026-04-12 08:45:00,26.97,53.9,37.56,607.19,7.01,61.18,171.07,229.11,0.039,Danger
2026-04-12 08:50:00,26.18,74.0,27.27,157.29,2.49,48.24,97.8,338.63,0.041,Warning
2026-04-12 08:55:00,18.73,66.87,18.61,593.36,5.32,58.1,56.15,176.19,0.014,Danger
2026-04-12 09:00:00,29.64,72.02,21.02,293.74,1.56,57.2,148.31,205.78,0.031,Warning
2026-04-12 09:05:00,21.42,60.71,19.72,1120.12,0.57,64.36,261.81,267.3,0.047,Warning
2026-04-12 09:10:00,23.39,59.95,47.08,605.38,2.09,72.48,149.63,238.17,0.056,Danger
2026-04-12 09:15:00,26.16,59.39,10.87,667.24,1.74,23.05,41.01,177.93,0.038,Warning
2026-04-12 09:20:00,18.39,57.42,6.99,416.03,4.84,27.64,170.94,240.62,0.065,Warning
2026-04-12 09:25:00,27.44,49.45,15.03,704.11,1.97,1.39,55.29,478.11,0.057,Warning
2026-04-12 09:30:00,20.47,43.47,29.61,1245.51,1.16,6.37,123.08,186.14,0.026,Warning
2026-04-12 09:35:00,35.19,58.87,36.0,271.7,2.37,54.19,187.04,268.64,0.055,Danger
2026-04-12 09:40:00,33.1,69.64,10.82,118.38,4.33,50.66,40.43,315.62,0.062,Warning
2026-04-12 09:45:00,24.99,63.8,5.9,317.23,4.75,120.43,191.62,247.84,0.088,Danger
2026-04-12 09:50:00,38.56,51.08,39.5,730.9,5.56,52.53,57.23,412.63,0.06,Danger
2026-04-12 09:55:00,27.83,70.06,34.45,528.43,3.18,23.53,13.99,184.25,0.008,Danger
2026-04-12 10:00:00,37.59,62.77,53.55,618.96,3.13,54.66,3.24,179.9,0.028,Danger
2026-04-12 10:05:00,36.06,63.51,6.46,836.72,3.49,49.64,18.34,275.76,0.022,Warning
2026-04-12 10:10:00,40.15,66.13,0.07,163.12,4.78,5.91,117.99,157.88,0.052,Warning
2026-04-12 10:15:00,26.82,61.85,0.93,807.69,0.53,14.26,70.49,378.98,0.077,Normal
2026-04-12 10:20:00,33.95,49.22,1.87,856.59,1.51,23.36,26.53,172.81,0.1,Normal
2026-04-12 10:25:00,33.6,74.83,30.67,458.21,0.07,3.92,60.82,392.1,0.01,Danger
2026-04-12 10:30:00,27.23,55.87,36.13,1056.14,2.93,35.64,89.13,285.0,0.073,Danger
2026-04-12 10:35:00,32.13,69.99,30.51,33.48,2.01,32.21,121.61,236.33,0.055,Danger
2026-04-12 10:40:00,26.4,47.25,34.66,159.69,1.52,9.97,238.7,243.63,0.041,Danger
2026-04-12 10:45:00,33.74,86.56,23.11,386.77,4.09,42.91,84.64,409.52,0.055,Warning
2026-04-12 10:50:00,30.54,65.21,7.09,594.35,4.33,6.73,169.08,287.25,0.114,Warning
2026-04-12 10:55:00,28.12,50.29,28.55,1023.15,3.59,88.99,159.37,306.55,0.034,Danger
2026-04-12 11:00:00,31.43,64.71,13.73,423.84,2.68,31.85,161.17,179.78,0.042,Warning
2026-04-12 11:05:00,31.65,55.73,24.33,385.09,2.29,48.49,35.35,368.81,0.05,Warning
2026-04-12 11:10:00,30.3,45.19,17.9,475.95,1.9,23.49,40.21,232.66,0.051,Warning
2026-04-12 11:15:00,27.64,67.46,13.27,641.83,0.41,22.6,9.11,365.41,0.079,Warning
2026-04-12 11:20:00,36.07,77.83,5.67,588.74,2.23,46.38,51.08,257.44,0.052,Warning
2026-04-12 11:25:00,32.66,71.56,16.87,537.2,2.68,85.86,93.0,172.43,0.07,Danger
2026-04-12 11:30:00,31.35,67.63,28.35,564.2,0.32,45.15,82.09,214.19,0.071,Warning
2026-04-12 11:35:00,33.26,67.15,49.34,898.05,5.01,122.65,65.35,212.82,0.076,Danger
2026-04-12 11:40:00,28.74,65.12,4.72,682.0,2.41,16.14,78.46,215.12,0.003,Warning
2026-04-12 11:45:00,21.18,57.54,25.78,586.68,1.95,15.38,114.11,106.08,0.022,Warning
2026-04-12 11:50:00,28.78,59.54,35.26,547.4,6.95,1.93,128.68,229.82,0.091,Danger
2026-04-12 11:55:00,28.98,73.54,6.55,375.44,1.75,70.54,139.72,223.39,0.039,Normal
2026-04-12 12:00:00,19.62,60.36,15.81,199.2,1.21,8.15,55.5,270.23,0.024,Warning
2026-04-12 12:05:00,38.95,64.67,40.73,3.97,0.5,47.45,57.34,164.15,0.005,Danger
2026-04-12 12:10:00,33.67,71.52,19.87,351.23,1.34,17.88,51.53,189.87,0.088,Warning
2026-04-12 12:15:00,20.75,71.78,44.88,744.88,3.19,1.46,15.41,70.15,0.051,Danger
2026-04-12 12:20:00,27.99,58.02,14.6,518.71,0.09,84.52,153.06,321.7,0.047,Danger
2026-04-12 12:25:00,32.56,56.04,28.33,438.68,1.07,19.09,50.79,435.85,0.063,Warning
2026-04-12 12:30:00,37.9,76.31,15.76,366.88,3.22,14.84,146.28,225.83,0.061,Warning
2026-04-12 12:35:00,19.85,69.54,36.93,32.73,3.11,73.74,248.01,209.72,0.073,Danger
2026-04-12 12:40:00,37.15,69.01,40.7,489.24,3.18,4.86,63.54,284.7,0.029,Danger
2026-04-12 12:45:00,28.88,72.61,56.05,114.83,7.93,9.61,176.49,342.89,0.097,Danger
2026-04-12 12:50:00,26.36,62.75,13.93,392.77,5.96,16.93,81.85,199.36,0.003,Danger
2026-04-12 12:55:00,28.86,71.73,1.91,379.09,1.18,25.63,131.61,314.58,0.118,Normal
2026-04-12 13:00:00,30.62,72.36,16.75,386.25,1.19,20.69,26.4,241.4,0.035,Warning
2026-04-12 13:05:00,43.01,70.12,55.02,947.8,0.08,21.5,36.52,237.05,0.021,Danger
2026-04-12 13:10:00,27.79,68.6,21.66,576.02,1.82,54.43,54.3,361.32,0.005,Warning
2026-04-12 13:15:00,33.28,69.88,1.51,393.43,3.39,56.64,94.95,300.26,0.036,Warning
2026-04-12 13:20:00,35.63,46.61,63.91,234.16,6.29,17.23,1.87,271.21,0.081,Danger
2026-04-12 13:25:00,22.24,72.02,14.76,673.11,2.03,2.87,31.31,303.81,0.07,Warning
2026-04-12 13:30:00,33.31,69.28,33.89,921.82,3.63,73.67,251.79,142.72,0.017,Danger
2026-04-12 13:35:00,28.56,48.46,7.37,215.57,1.3,31.19,45.65,218.48,0.058,Normal
2026-04-12 13:40:00,35.22,81.03,10.63,1047.47,4.63,29.28,46.12,203.82,0.093,Warning
2026-04-12 13:45:00,27.49,46.08,10.42,94.17,1.16,3.48,94.97,331.93,0.071,Warning
2026-04-12 13:50:00,24.1,61.28,16.53,421.34,1.19,48.91,35.27,217.76,0.043,Warning
2026-04-12 13:55:00,33.2,51.27,28.74,679.67,0.37,60.02,154.32,225.28,0.037,Warning
2026-04-12 14:00:00,35.49,67.32,35.89,216.69,2.3,43.1,77.42,307.11,0.102,Danger
2026-04-12 14:05:00,25.31,59.74,13.09,207.64,4.94,17.2,92.2,299.61,0.048,Warning
2026-04-12 14:10:00,25.91,64.37,2.12,532.39,4.99,27.0,73.24,253.94,0.027,Warning
2026-04-12 14:15:00,30.16,68.2,27.87,706.95,1.51,19.11,14.06,205.84,0.101,Warning
2026-04-12 14:20:00,31.6,74.05,18.02,686.0,3.25,30.18,190.72,262.52,0.119,Warning
2026-04-12 14:25:00,34.8,53.6,11.47,619.12,2.13,47.47,159.7,141.23,0.088,Warning
2026-04-12 14:30:00,27.52,59.04,3.02,742.57,1.2,6.54,37.6,106.42,0.025,Normal
2026-04-12 14:35:00,23.8,62.31,28.28,666.16,5.77,61.36,27.14,251.53,0.049,Danger
2026-04-12 14:40:00,19.24,52.83,11.65,448.13,3.54,38.55,97.07,291.49,0.055,Warning
2026-04-12 14:45:00,33.12,75.67,12.14,873.68,0.67,17.83,122.88,220.5,0.058,Warning
2026-04-12 14:50:00,39.96,68.93,19.24,239.23,3.1,17.1,186.69,224.16,0.062,Warning
2026-04-12 14:55:00,37.13,79.02,23.58,551.03,2.56,5.21,51.92,181.81,0.057,Warning
2026-04-12 15:00:00,39.56,80.18,19.88,733.83,0.19,78.56,76.2,323.03,0.065,Warning
2026-04-12 15:05:00,26.22,62.91,7.69,172.51,2.77,50.7,200.53,77.06,0.105,Warning
2026-04-12 15:10:00,29.94,67.9,14.45,896.25,2.6,65.55,202.09,356.79,0.031,Warning
2026-04-12 15:15:00,28.96,58.88,32.9,599.87,5.21,64.51,92.73,358.06,0.079,Danger
2026-04-12 15:20:00,28.15,68.5,12.53,684.82,0.89,39.16,86.73,215.42,0.056,Warning
2026-04-12 15:25:00,43.53,58.14,10.0,299.57,0.31,52.63,151.59,249.53,0.081,Warning
2026-04-12 15:30:00,33.97,63.38,15.68,748.93,2.51,20.89,33.4,309.57,0.06,Warning
2026-04-12 15:35:00,28.82,52.75,36.36,681.47,2.77,86.27,76.21,230.7,0.031,Danger
2026-04-12 15:40:00,33.77,72.15,23.74,811.37,1.07,1.85,87.48,200.24,0.072,Warning
2026-04-12 15:45:00,27.39,77.98,3.62,1139.6,8.09,16.21,194.62,217.97,0.08,Danger
2026-04-12 15:50:00,29.12,52.15,55.66,419.39,2.84,73.21,83.66,330.23,0.036,Danger
2026-04-12 15:55:00,28.31,75.54,34.29,503.9,0.8,74.42,27.18,291.33,0.078,Danger
2026-04-12 16:00:00,22.54,63.61,6.37,783.89,4.03,10.67,24.74,333.05,0.048,Warning
2026-04-12 16:05:00,21.91,49.68,23.75,117.26,7.58,17.48,79.96,262.73,0.028,Danger
2026-04-12 16:10:00,18.8,66.91,0.06,534.96,1.63,30.53,236.19,206.31,0.036,Normal
2026-04-12 16:15:00,21.67,63.05,23.2,354.95,3.25,12.9,50.23,274.96,0.044,Warning
2026-04-12 16:20:00,30.61,59.33,1.89,547.22,1.31,88.97,159.87,293.6,0.045,Danger
2026-04-12 16:25:00,19.87,56.92,2.05,417.5,1.9,46.24,107.31,342.74,0.041,Normal
2026-04-12 16:30:00,31.29,68.44,19.91,884.57,4.41,32.78,68.57,248.88,0.115,Warning
2026-04-12 16:35:00,28.35,55.18,23.77,649.1,1.78,11.19,174.89,181.71,0.04,Warning
2026-04-12 16:40:00,27.39,75.94,20.71,180.5,0.89,94.94,188.32,317.32,0.05,Danger
2026-04-12 16:45:00,37.54,53.97,30.06,367.02,1.25,49.03,65.64,215.22,0.035,Danger
2026-04-12 16:50:00,20.07,72.63,5.13,1057.52,1.14,72.38,100.9,308.52,0.08,Normal
2026-04-12 16:55:00,36.52,49.72,0.95,672.95,2.45,31.73,43.97,374.06,0.128,Warning
2026-04-12 17:00:00,30.52,69.53,16.12,885.22,4.49,22.66,18.73,169.26,0.131,Warning
2026-04-12 17:05:00,33.18,59.04,1.49,741.57,4.71,51.92,37.44,274.47,0.053,Warning
2026-04-12 17:10:00,25.32,55.74,23.24,558.94,3.66,51.64,229.94,187.93,0.069,Warning
2026-04-12 17:15:00,33.75,61.88,17.44,414.03,8.33,24.19,125.15,228.88,0.036,Danger
2026-04-12 17:20:00,23.49,76.0,30.37,409.67,0.7,27.2,30.23,232.24,0.012,Danger
2026-04-12 17:25:00,31.09,67.37,36.89,454.78,1.0,42.27,190.1,321.43,0.051,Danger
2026-04-12 17:30:00,23.35,52.85,4.06,789.57,2.87,39.73,120.42,182.87,0.034,Warning
2026-04-12 17:35:00,34.86,72.66,36.86,493.06,4.65,3.45,54.24,223.9,0.051,Danger
2026-04-12 17:40:00,23.57,62.75,44.03,172.24,1.99,29.95,346.19,287.19,0.042,Danger
2026-04-12 17:45:00,30.34,67.28,2.19,344.83,1.53,8.99,40.31,278.25,0.02,Normal
2026-04-12 17:50:00,43.05,72.53,10.4,243.37,0.06,47.37,129.05,241.13,0.032,Warning
2026-04-12 17:55:00,25.48,60.97,5.25,380.34,5.99,10.85,141.09,311.07,0.018,Danger
2026-04-12 18:00:00,25.78,75.69,3.52,482.75,8.12,59.19,88.52,317.26,0.048,Danger
2026-04-12 18:05:00,35.09,44.54,12.21,125.9,2.48,10.55,216.07,306.95,0.034,Warning
2026-04-12 18:10:00,27.97,68.81,3.55,490.29,5.95,13.17,35.23,225.41,0.145,Danger
2026-04-12 18:15:00,33.04,76.32,30.36,750.62,3.42,34.61,65.07,278.63,0.047,Danger
2026-04-12 18:20:00,32.73,64.29,30.26,781.98,6.74,2.64,105.74,269.12,0.041,Danger
2026-04-12 18:25:00,36.78,67.07,5.29,781.57,1.05,0.08,119.36,379.04,0.076,Warning
2026-04-12 18:30:00,32.83,92.51,0.35,273.58,2.44,80.6,14.17,390.37,0.007,Danger
2026-04-12 18:35:00,29.39,66.73,2.65,313.63,4.39,77.66,131.46,264.42,0.047,Warning
2026-04-12 18:40:00,30.54,61.83,10.81,962.69,5.48,15.84,31.17,201.24,0.028,Danger
2026-04-12 18:45:00,31.77,72.8,17.76,474.1,2.4,14.13,30.04,236.69,0.071,Warning
2026-04-12 18:50:00,36.89,62.71,5.9,510.69,8.03,18.31,168.58,356.88,0.039,Danger
2026-04-12 18:55:00,26.5,70.75,22.06,708.43,8.22,26.68,39.22,255.33,0.057,Danger
2026-04-12 19:00:00,36.34,63.03,6.82,88.64,3.64,153.93,57.74,286.16,0.034,Danger
2026-04-12 19:05:00,23.59,69.34,15.56,215.67,6.83,36.64,87.39,216.24,0.062,Danger
2026-04-12 19:10:00,32.26,69.01,36.36,888.58,8.02,13.47,22.66,278.89,0.027,Danger
2026-04-12 19:15:00,26.91,69.75,33.02,882.78,1.42,38.53,104.28,251.41,0.026,Danger
2026-04-12 19:20:00,25.28,71.67,1.66,33.08,1.9,78.21,199.49,226.93,0.07,Normal
2026-04-12 19:25:00,20.88,62.87,7.79,197.85,0.79,24.93,40.63,245.26,0.117,Normal
2026-04-12 19:30:00,33.79,75.11,30.95,290.75,2.93,63.91,162.83,265.56,0.066,Danger
2026-04-12 19:35:00,42.31,73.39,8.7,477.79,1.16,113.88,240.39,256.66,0.115,Danger
2026-04-12 19:40:00,33.16,60.69,33.13,619.59,4.51,34.76,1.03,369.08,0.101,Danger
2026-04-12 19:45:00,37.08,87.19,26.55,652.13,0.74,3.22,118.83,224.28,0.012,Warning
2026-04-12 19:50:00,35.4,68.88,25.52,443.04,7.9,14.97,19.84,107.16,0.003,Danger
2026-04-12 19:55:00,32.68,60.66,7.98,371.08,1.58,29.09,111.61,136.18,0.027,Normal
2026-04-12 20:00:00,35.05,68.76,28.71,1145.12,1.82,20.86,53.57,214.53,0.02,Warning
2026-04-12 20:05:00,30.42,68.55,23.22,519.31,4.78,21.18,39.07,175.84,0.004,Warning
2026-04-12 20:10:00,37.3,58.01,3.51,374.74,1.16,85.54,47.19,460.67,0.052,Danger
2026-04-12 20:15:00,40.29,73.94,22.22,973.35,5.37,45.39,311.76,210.13,0.02,Danger
2026-04-12 20:20:00,26.62,82.52,44.02,342.42,5.06,11.77,21.33,210.49,0.018,Danger
2026-04-12 20:25:00,21.95,83.83,1.33,923.8,1.34,25.23,130.91,218.72,0.044,Normal
2026-04-12 20:30:00,30.72,56.88,17.42,484.62,4.89,16.06,95.4,370.44,0.047,Warning
2026-04-12 20:35:00,30.43,65.55,1.35,201.99,0.97,34.73,155.79,314.41,0.039,Normal
2026-04-12 20:40:00,35.47,68.07,16.41,501.81,0.45,40.84,142.71,257.6,0.018,Warning
2026-04-12 20:45:00,31.52,50.77,5.88,286.93,3.62,75.98,21.4,355.8,0.051,Warning
2026-04-12 20:50:00,31.18,64.36,11.05,631.79,4.22,15.38,61.07,383.54,0.055,Warning
2026-04-12 20:55:00,31.43,76.67,4.98,489.81,4.45,69.56,156.51,191.07,0.02,Warning
2026-04-12 21:00:00,29.38,55.77,28.28,551.72,4.67,58.12,147.91,223.14,0.053,Warning
2026-04-12 21:05:00,27.7,51.35,34.08,474.78,2.51,41.48,57.61,85.22,0.009,Danger
2026-04-12 21:10:00,26.5,67.11,30.76,726.13,3.81,18.63,252.22,305.99,0.057,Danger
2026-04-12 21:15:00,32.83,61.01,13.86,124.59,0.84,90.4,94.84,258.54,0.08,Danger
2026-04-12 21:20:00,31.79,57.14,15.47,159.43,2.55,13.51,172.83,209.18,0.025,Warning
2026-04-12 21:25:00,29.44,68.65,9.15,343.62,2.32,73.53,172.87,299.21,0.038,Warning
2026-04-12 21:30:00,27.53,58.19,7.72,686.25,0.39,86.34,142.39,265.84,0.045,Danger
2026-04-12 21:35:00,35.95,78.36,8.23,289.43,3.9,57.47,49.97,190.6,0.052,Warning
2026-04-12 21:40:00,37.38,65.41,10.28,532.87,4.35,15.94,205.82,319.27,0.048,Warning
2026-04-12 21:45:00,30.22,46.58,39.2,401.14,0.8,1.99,125.67,159.7,0.02,Danger
2026-04-12 21:50:00,29.74,58.73,21.7,323.03,6.79,47.74,148.09,201.6,0.122,Danger
2026-04-12 21:55:00,27.8,57.86,29.13,558.57,0.46,107.83,177.56,250.32,0.122,Danger
2026-04-12 22:00:00,34.05,64.88,60.63,697.7,3.85,4.55,84.94,217.14,0.093,Danger
2026-04-12 22:05:00,21.95,78.66,2.55,482.62,1.11,0.81,148.98,249.58,0.03,Normal
2026-04-12 22:10:00,30.77,58.04,4.24,50.82,0.65,39.77,83.71,395.21,0.128,Normal
2026-04-12 22:15:00,27.68,56.67,37.6,600.56,5.41,35.95,60.56,234.91,0.063,Danger
2026-04-12 22:20:00,28.94,77.2,11.05,864.24,3.62,25.8,46.9,128.69,0.012,Warning
2026-04-12 22:25:00,24.51,65.46,2.96,187.72,6.06,29.29,147.91,178.88,0.016,Danger
2026-04-12 22:30:00,26.98,71.2,12.43,586.24,0.88,11.23,120.06,423.88,0.023,Warning
2026-04-12 22:35:00,33.6,61.87,5.51,821.41,0.53,26.16,126.02,377.58,0.072,Normal
2026-04-12 22:40:00,22.96,58.85,34.59,974.33,2.69,3.17,244.6,244.03,0.032,Danger
2026-04-12 22:45:00,26.13,53.05,71.67,926.29,0.03,89.27,133.33,287.93,0.028,Danger
2026-04-12 22:50:00,27.43,64.58,24.31,353.95,2.01,72.38,18.35,314.97,0.012,Warning
2026-04-12 22:55:00,35.84,56.0,17.61,621.9,2.63,15.73,44.15,178.84,0.08,Warning
2026-04-12 23:00:00,27.01,63.97,14.84,757.57,1.96,56.64,26.27,331.16,0.05,Warning
2026-04-12 23:05:00,27.21,81.0,13.62,391.46,4.73,39.22,172.72,342.64,0.025,Warning
2026-04-12 23:10:00,34.32,65.46,8.28,682.18,0.77,23.09,25.13,111.37,0.062,Normal
2026-04-12 23:15:00,25.32,64.65,11.37,217.53,2.57,121.35,75.15,395.87,0.085,Danger
2026-04-12 23:20:00,28.39,66.81,18.04,1053.26,4.49,12.29,115.16,314.35,0.015,Warning
2026-04-12 23:25:00,32.47,78.45,2.15,284.2,5.48,5.83,18.2,320.58,0.067,Danger
2026-04-12 23:30:00,30.47,76.25,38.91,475.15,7.92,83.34,118.43,167.59,0.018,Danger
2026-04-12 23:35:00,28.38,52.89,1.29,827.17,3.26,25.19,92.37,243.41,0.054,Warning
2026-04-12 23:40:00,18.84,56.9,45.86,140.94,7.0,36.27,72.7,173.86,0.084,Danger
2026-04-12 23:45:00,27.27,68.45,16.47,483.66,5.82,50.86,34.29,227.95,0.102,Danger
2026-04-12 23:50:00,31.6,49.92,13.74,767.04,4.11,16.85,154.76,377.95,0.094,Warning
2026-04-12 23:55:00,38.02,70.55,11.45,379.26,1.95,15.04,44.07,352.01,0.002,Warning
2026-04-13 00:00:00,22.3,73.31,8.0,77.69,1.82,11.84,36.89,304.86,0.01,Normal
2026-04-13 00:05:00,30.06,62.89,15.76,19.66,0.43,20.79,134.12,397.71,0.074,Warning
2026-04-13 00:10:00,32.31,77.71,8.92,966.18,5.36,2.16,272.4,285.75,0.116,Danger
2026-04-13 00:15:00,31.52,59.38,0.35,393.28,0.29,70.86,77.1,120.88,0.056,Normal
2026-04-13 00:20:00,30.63,60.31,20.35,486.77,3.9,43.0,116.49,146.09,0.114,Warning
2026-04-13 00:25:00,22.22,63.71,6.89,618.9,2.42,13.25,231.78,338.68,0.04,Warning
2026-04-13 00:30:00,34.02,80.65,37.03,459.13,2.77,32.99,146.86,188.43,0.051,Danger
2026-04-13 00:35:00,29.59,78.88,52.08,852.56,1.74,65.91,144.88,244.01,0.113,Danger
2026-04-13 00:40:00,26.31,71.04,31.79,413.75,3.68,57.82,104.46,287.8,0.053,Danger
2026-04-13 00:45:00,33.99,62.71,8.76,506.17,5.55,49.89,10.94,432.06,0.058,Danger
2026-04-13 00:50:00,27.96,72.95,0.7,130.84,3.06,9.23,90.14,276.35,0.054,Warning
2026-04-13 00:55:00,21.46,65.26,23.89,79.98,2.56,22.76,154.68,90.13,0.075,Warning
2026-04-13 01:00:00,31.96,62.42,14.61,261.06,4.35,70.27,23.14,341.35,0.071,Warning
2026-04-13 01:05:00,29.97,57.62,3.37,1046.88,2.54,73.19,104.16,213.78,0.068,Warning
2026-04-13 01:10:00,40.79,58.56,33.28,557.15,2.35,38.87,34.8,277.8,0.076,Danger
2026-04-13 01:15:00,22.15,71.53,12.63,500.99,3.77,89.84,110.36,141.46,0.044,Danger
2026-04-13 01:20:00,34.26,73.85,28.32,346.99,2.1,43.58,41.42,305.44,0.071,Warning
2026-04-13 01:25:00,27.66,63.88,18.97,315.56,2.15,18.43,86.5,358.88,0.027,Warning
2026-04-13 01:30:00,35.34,53.53,11.89,409.74,0.82,34.34,274.43,213.87,0.119,Warning
2026-04-13 01:35:00,25.03,47.91,40.83,282.0,2.42,34.23,76.19,140.27,0.048,Danger
2026-04-13 01:40:00,27.63,67.3,27.51,572.32,3.35,15.64,36.47,287.61,0.047,Warning
2026-04-13 01:45:00,29.63,68.98,5.66,928.88,1.25,24.97,75.55,302.22,0.06,Normal
2026-04-13 01:50:00,29.75,79.49,49.07,872.8,4.76,53.43,172.93,334.68,0.067,Danger
2026-04-13 01:55:00,22.2,71.83,35.14,328.34,3.32,5.87,168.54,224.92,0.033,Danger
2026-04-13 02:00:00,29.8,51.58,12.23,608.63,4.61,29.96,63.26,358.18,0.093,Warning
2026-04-13 02:05:00,30.56,57.48,4.37,438.94,2.84,7.82,5.84,331.84,0.058,Warning
2026-04-13 02:10:00,24.74,67.91,18.24,284.58,5.59,25.4,58.34,243.32,0.063,Danger
2026-04-13 02:15:00,29.64,64.19,36.32,74.48,1.75,51.08,321.58,320.12,0.106,Danger
2026-04-13 02:20:00,27.83,58.63,24.13,786.09,1.93,11.47,77.3,195.69,0.033,Warning
2026-04-13 02:25:00,34.22,69.7,30.97,601.06,0.62,36.92,15.21,225.06,0.019,Danger
2026-04-13 02:30:00,26.95,65.9,5.85,235.05,5.41,15.22,27.21,163.41,0.006,Danger
2026-04-13 02:35:00,28.89,51.22,29.24,508.85,6.68,28.92,7.33,99.6,0.074,Danger
2026-04-13 02:40:00,23.51,60.92,48.48,683.3,3.17,57.77,170.7,376.48,0.032,Danger
2026-04-13 02:45:00,28.12,55.78,14.35,460.33,3.26,6.16,223.91,269.54,0.071,Warning
2026-04-13 02:50:00,29.4,46.13,12.43,812.51,1.56,49.88,90.18,251.62,0.066,Warning
2026-04-13 02:55:00,28.44,89.72,5.14,326.48,2.61,10.2,64.13,162.19,0.073,Warning
2026-04-13 03:00:00,28.48,82.02,6.18,713.15,3.53,1.75,7.88,111.46,0.067,Warning
2026-04-13 03:05:00,35.99,49.1,7.59,299.92,3.65,6.85,212.3,219.25,0.013,Warning
2026-04-13 03:10:00,27.66,61.41,25.52,387.94,3.32,11.62,50.53,187.2,0.025,Warning
2026-04-13 03:15:00,36.37,57.85,8.05,813.38,4.25,85.65,128.28,201.97,0.112,Danger
2026-04-13 03:20:00,32.91,63.45,16.15,553.78,1.29,35.03,242.67,248.25,0.056,Warning
2026-04-13 03:25:00,40.39,58.17,28.11,262.31,2.96,28.06,159.06,346.65,0.033,Warning
2026-04-13 03:30:00,37.08,79.87,10.0,498.03,0.52,7.78,40.35,312.2,0.012,Warning
2026-04-13 03:35:00,26.51,64.54,41.0,336.43,3.28,16.76,174.51,280.05,0.075,Danger
2026-04-13 03:40:00,27.25,54.86,22.34,353.68,2.09,32.69,204.19,312.93,0.03,Warning
2026-04-13 03:45:00,24.27,82.07,16.65,364.25,3.94,85.55,61.03,252.19,0.024,Danger
2026-04-13 03:50:00,30.63,53.5,0.01,729.17,0.7,56.69,64.65,140.49,0.085,Normal
2026-04-13 03:55:00,23.42,58.98,11.01,801.75,0.42,17.07,96.27,232.88,0.036,Warning
2026-04-13 04:00:00,31.08,52.96,19.44,1141.62,2.31,26.97,1.8,321.82,0.034,Warning
2026-04-13 04:05:00,16.07,59.33,9.37,448.97,1.4,5.8,5.85,226.16,0.001,Normal
2026-04-13 04:10:00,20.21,65.98,17.29,763.82,1.23,27.75,113.96,178.78,0.063,Warning
2026-04-13 04:15:00,37.21,65.54,9.27,236.02,0.55,3.76,192.09,345.91,0.045,Warning
2026-04-13 04:20:00,30.92,57.02,19.2,1036.5,4.97,53.43,259.64,251.33,0.016,Warning
2026-04-13 04:25:00,33.41,72.73,11.65,340.15,4.63,12.68,108.22,363.98,0.022,Warning
2026-04-13 04:30:00,28.29,67.62,20.84,341.12,5.13,8.17,68.43,340.47,0.063,Danger
2026-04-13 04:35:00,29.66,64.02,35.57,588.36,3.94,7.7,111.74,299.75,0.083,Danger
2026-04-13 04:40:00,28.88,73.88,8.3,472.79,7.26,8.34,44.94,100.4,0.071,Danger
2026-04-13 04:45:00,26.45,66.47,8.7,366.26,1.65,18.37,197.61,371.62,0.07,Normal
2026-04-13 04:50:00,36.36,73.54,24.89,936.54,1.93,7.38,2.09,225.89,0.071,Warning
2026-04-13 04:55:00,24.42,70.03,3.26,395.88,2.6,87.25,8.77,243.59,0.018,Danger
2026-04-13 05:00:00,26.39,54.13,19.9,627.59,4.06,10.15,130.79,259.05,0.048,Warning
2026-04-13 05:05:00,23.79,66.53,18.7,530.52,3.2,47.78,29.8,232.66,0.065,Warning
2026-04-13 05:10:00,28.66,74.59,16.8,86.48,4.52,15.32,96.97,229.82,0.012,Warning
2026-04-13 05:15:00,33.77,64.64,3.47,743.25,3.38,10.57,44.56,182.6,0.024,Warning
2026-04-13 05:20:00,33.73,48.19,14.06,424.91,5.11,29.31,133.52,207.97,0.013,Danger
2026-04-13 05:25:00,28.37,72.77,30.5,370.82,0.58,22.27,66.34,260.92,0.094,Danger
2026-04-13 05:30:00,30.62,71.14,0.61,512.51,2.42,14.38,77.82,260.1,0.064,Warning
2026-04-13 05:35:00,35.85,42.34,37.27,13.24,2.93,114.23,75.75,264.4,0.041,Danger
2026-04-13 05:40:00,33.34,68.62,1.48,465.69,1.36,15.24,38.06,260.92,0.029,Normal
2026-04-13 05:45:00,28.93,65.09,16.57,582.29,1.48,11.47,88.21,235.69,0.081,Warning
2026-04-13 05:50:00,35.75,51.28,27.34,745.32,2.04,43.18,169.6,174.03,0.043,Warning
2026-04-13 05:55:00,30.93,70.7,4.77,847.1,4.09,72.95,135.03,200.26,0.076,Warning
2026-04-13 06:00:00,24.76,66.15,19.77,570.84,0.52,0.16,92.67,191.86,0.058,Warning
2026-04-13 06:05:00,26.93,75.0,46.25,410.76,4.76,11.51,13.64,215.94,0.053,Danger
2026-04-13 06:10:00,21.07,71.26,16.72,800.16,3.82,24.8,44.42,371.83,0.115,Warning
2026-04-13 06:15:00,28.3,75.42,0.87,323.69,0.84,47.39,27.49,374.0,0.078,Normal
2026-04-13 06:20:00,33.31,62.06,31.59,375.21,3.32,26.4,108.62,282.5,0.068,Danger
2026-04-13 06:25:00,20.73,53.13,56.29,444.09,4.93,65.07,119.39,331.38,0.013,Danger
2026-04-13 06:30:00,28.85,34.19,19.92,336.2,0.0,21.66,77.93,260.7,0.055,Warning
2026-04-13 06:35:00,31.66,55.41,0.5,488.94,1.94,23.28,188.16,307.98,0.024,Normal
2026-04-13 06:40:00,28.96,85.1,18.21,618.71,0.17,7.48,231.13,259.06,0.048,Warning
2026-04-13 06:45:00,30.04,90.45,15.8,250.98,0.03,51.23,62.85,286.05,0.028,Warning
2026-04-13 06:50:00,20.71,55.2,15.55,918.55,4.74,8.25,177.22,221.46,0.006,Warning
2026-04-13 06:55:00,30.11,49.94,30.83,741.76,0.64,25.82,93.6,319.76,0.013,Danger
2026-04-13 07:00:00,33.0,51.83,30.54,818.81,0.01,68.77,77.4,337.97,0.093,Danger
2026-04-13 07:05:00,31.73,63.04,21.25,318.87,9.87,3.46,211.74,190.7,0.098,Danger
2026-04-13 07:10:00,40.06,68.86,20.73,213.03,1.23,31.92,225.82,206.14,0.116,Warning
2026-04-13 07:15:00,26.95,67.29,19.64,469.54,4.13,4.76,99.96,242.32,0.069,Warning
2026-04-13 07:20:00,33.78,62.6,4.25,964.5,2.07,3.81,5.0,309.72,0.09,Warning
2026-04-13 07:25:00,29.13,67.3,23.58,1041.2,3.32,49.77,117.65,220.33,0.06,Warning
2026-04-13 07:30:00,33.7,70.83,58.17,538.24,2.08,12.75,135.3,247.44,0.05,Danger
2026-04-13 07:35:00,30.09,63.65,2.83,625.43,1.14,44.55,91.08,219.07,0.097,Normal
2026-04-13 07:40:00,29.49,71.23,1.0,107.66,0.3,65.5,56.31,367.49,0.023,Normal
2026-04-13 07:45:00,19.47,80.0,5.49,495.28,4.36,40.93,155.05,322.03,0.002,Warning
2026-04-13 07:50:00,22.93,76.71,0.63,298.21,1.79,3.8,45.07,175.0,0.018,Normal
2026-04-13 07:55:00,31.59,56.92,2.87,155.88,7.81,57.67,30.52,178.07,0.05,Danger
2026-04-13 08:00:00,29.92,52.24,36.01,342.18,2.69,26.86,97.81,172.14,0.034,Danger
2026-04-13 08:05:00,38.82,72.75,5.95,1187.59,1.59,12.51,68.95,127.52,0.104,Warning
2026-04-13 08:10:00,30.92,57.1,23.96,543.82,1.09,28.34,63.62,424.94,0.009,Warning
2026-04-13 08:15:00,38.49,56.55,30.8,639.63,4.0,49.28,81.16,195.89,0.009,Danger
2026-04-13 08:20:00,30.95,51.77,24.62,428.76,4.63,30.35,45.76,182.75,0.018,Warning
2026-04-13 08:25:00,38.25,50.37,7.72,37.52,0.51,90.07,109.75,192.11,0.049,Danger
2026-04-13 08:30:00,27.2,64.08,29.88,400.67,2.66,29.46,47.39,191.13,0.034,Warning
2026-04-13 08:35:00,33.5,72.82,7.76,421.7,0.26,52.0,32.88,426.07,0.057,Normal
2026-04-13 08:40:00,35.91,54.85,15.23,684.85,1.1,20.81,185.19,223.8,0.024,Warning
2026-04-13 08:45:00,39.01,53.28,18.12,287.52,0.81,49.67,59.45,282.47,0.018,Warning
2026-04-13 08:50:00,32.52,57.79,22.58,1065.42,3.8,29.09,204.94,269.81,0.026,Warning
2026-04-13 08:55:00,29.13,58.22,4.99,122.69,0.91,55.78,113.21,209.76,0.019,Normal
2026-04-13 09:00:00,27.97,48.16,17.53,783.64,9.1,24.13,170.38,193.42,0.016,Danger
2026-04-13 09:05:00,24.36,66.41,3.62,317.95,0.68,9.6,1.26,55.67,0.053,Normal
2026-04-13 09:10:00,30.34,57.03,22.21,919.07,2.07,73.21,303.81,452.44,0.014,Warning
2026-04-13 09:15:00,24.08,60.56,17.57,976.0,3.88,28.13,18.83,246.64,0.005,Warning
2026-04-13 09:20:00,30.07,53.12,18.01,215.9,3.23,36.16,89.67,329.33,0.077,Warning
2026-04-13 09:25:00,31.02,65.66,17.59,455.71,4.52,65.42,119.75,152.69,0.093,Warning
2026-04-13 09:30:00,27.05,63.92,35.47,566.04,6.01,5.92,249.12,187.78,0.09,Danger
2026-04-13 09:35:00,18.67,54.0,20.96,379.87,1.78,21.67,39.09,160.73,0.057,Warning
2026-04-13 09:40:00,26.67,78.41,11.16,715.63,3.33,4.05,118.03,344.8,0.021,Warning
2026-04-13 09:45:00,27.98,63.49,13.98,788.59,2.02,14.91,181.85,298.05,0.028,Warning
2026-04-13 09:50:00,24.26,56.76,14.02,126.18,2.27,14.83,174.25,137.51,0.037,Warning
2026-04-13 09:55:00,28.28,75.74,22.81,103.31,1.51,22.55,26.87,293.33,0.035,Warning
2026-04-13 10:00:00,22.57,44.12,59.17,838.49,0.65,23.51,31.15,290.84,0.024,Danger
2026-04-13 10:05:00,27.28,69.55,44.08,722.42,5.7,7.5,17.7,94.93,0.052,Danger
2026-04-13 10:10:00,31.9,62.0,0.53,873.02,3.9,72.51,15.36,193.34,0.086,Warning
2026-04-13 10:15:00,29.76,59.31,5.01,496.68,5.01,13.58,159.05,287.39,0.024,Danger
2026-04-13 10:20:00,25.6,60.5,11.74,345.76,6.54,18.74,3.35,403.26,0.022,Danger
2026-04-13 10:25:00,25.19,77.29,28.23,460.98,4.5,32.02,38.62,58.19,0.033,Warning
2026-04-13 10:30:00,35.42,60.72,24.2,555.35,3.08,3.74,115.89,187.03,0.039,Warning
2026-04-13 10:35:00,31.96,65.73,35.94,615.1,0.87,0.9,82.03,357.07,0.036,Danger
2026-04-13 10:40:00,21.34,69.41,0.11,114.41,2.06,58.91,22.61,289.73,0.07,Warning
2026-04-13 10:45:00,33.96,57.68,7.42,204.57,4.37,46.7,15.72,420.61,0.018,Warning
2026-04-13 10:50:00,35.0,80.2,17.2,269.08,0.24,9.52,188.09,154.01,0.005,Warning
2026-04-13 10:55:00,31.81,70.82,54.36,85.3,1.6,66.47,92.09,234.36,0.074,Danger
2026-04-13 11:00:00,27.0,73.51,10.07,44.17,1.18,82.53,88.47,111.4,0.058,Danger
2026-04-13 11:05:00,30.93,64.32,23.73,561.26,1.12,93.24,119.33,311.75,0.082,Danger
2026-04-13 11:10:00,33.34,85.63,18.32,497.91,0.05,9.75,6.88,304.18,0.023,Warning
2026-04-13 11:15:00,30.37,70.6,18.01,231.23,4.1,16.59,207.27,171.33,0.092,Warning
2026-04-13 11:20:00,37.42,70.26,30.68,266.51,1.22,69.41,122.59,255.2,0.044,Danger
2026-04-13 11:25:00,35.87,76.22,27.99,519.88,0.93,47.72,30.19,178.43,0.006,Warning
2026-04-13 11:30:00,36.18,57.79,23.08,462.33,10.69,37.68,106.21,344.03,0.038,Danger
2026-04-13 11:35:00,29.0,58.27,18.91,554.75,0.06,0.33,90.13,62.58,0.007,Warning
2026-04-13 11:40:00,38.35,68.28,4.5,8.82,1.83,59.41,343.92,401.36,0.023,Warning
2026-04-13 11:45:00,27.52,50.29,1.83,436.15,0.9,102.18,51.54,246.39,0.012,Danger
2026-04-13 11:50:00,31.65,51.58,37.05,412.69,2.21,64.11,17.86,269.15,0.063,Danger
2026-04-13 11:55:00,27.51,74.26,7.71,378.12,2.85,71.6,209.93,146.02,0.034,Warning
2026-04-13 12:00:00,33.62,58.73,17.11,285.07,1.27,15.85,175.57,251.1,0.088,Warning
2026-04-13 12:05:00,32.6,81.06,31.36,727.8,1.64,140.37,91.27,92.13,0.058,Danger
2026-04-13 12:10:00,25.09,75.17,29.52,442.55,0.66,25.86,15.88,313.02,0.067,Warning
2026-04-13 12:15:00,44.68,60.55,8.93,453.57,1.67,61.08,52.37,407.79,0.067,Warning
2026-04-13 12:20:00,27.57,57.59,35.82,508.56,2.03,3.94,73.86,198.88,0.091,Danger
2026-04-13 12:25:00,33.59,63.25,11.21,527.65,1.98,18.28,110.08,186.18,0.046,Warning
2026-04-13 12:30:00,26.31,73.19,10.42,1062.07,0.32,25.63,51.11,285.18,0.082,Warning
2026-04-13 12:35:00,33.04,44.69,25.0,196.74,1.07,47.57,31.98,342.48,0.039,Warning
2026-04-13 12:40:00,40.85,65.69,49.11,859.3,0.17,32.07,91.36,203.39,0.097,Danger
2026-04-13 12:45:00,28.77,62.0,12.92,625.77,1.52,37.7,138.01,190.03,0.079,Warning
2026-04-13 12:50:00,28.63,50.29,45.91,222.96,3.52,37.03,118.92,279.75,0.021,Danger
2026-04-13 12:55:00,38.46,74.56,24.5,100.11,0.94,46.3,120.37,277.1,0.01,Warning
2026-04-13 13:00:00,25.66,50.89,19.92,834.91,3.04,38.31,96.8,304.62,0.064,Warning
2026-04-13 13:05:00,16.42,74.06,31.02,391.31,3.92,29.7,112.67,214.76,0.056,Danger
2026-04-13 13:10:00,35.36,88.98,17.94,600.17,0.47,0.06,66.4,344.22,0.075,Warning
2026-04-13 13:15:00,39.65,50.1,11.47,830.62,6.35,21.33,366.56,190.52,0.06,Danger
2026-04-13 13:20:00,25.5,66.85,52.97,927.84,4.43,17.42,30.53,310.62,0.051,Danger
2026-04-13 13:25:00,30.3,49.49,0.71,725.56,1.3,30.63,121.25,287.67,0.067,Normal
2026-04-13 13:30:00,33.14,58.76,14.35,237.94,4.19,28.03,24.06,166.31,0.005,Warning
2026-04-13 13:35:00,24.26,75.0,0.66,24.68,0.47,40.42,103.08,326.26,0.007,Normal
2026-04-13 13:40:00,28.02,60.92,3.77,480.56,4.34,18.37,19.43,286.59,0.056,Warning
2026-04-13 13:45:00,26.65,65.42,0.05,240.28,4.42,37.88,157.04,300.81,0.023,Warning
2026-04-13 13:50:00,35.01,62.02,33.58,462.47,2.94,33.73,161.32,119.24,0.003,Danger
2026-04-13 13:55:00,33.36,68.56,0.51,609.29,2.22,150.57,211.16,299.78,0.052,Danger
2026-04-13 14:00:00,26.91,51.9,12.72,242.07,0.4,36.67,104.97,219.84,0.066,Warning
2026-04-13 14:05:00,32.29,67.29,68.19,747.11,1.78,38.35,74.6,142.68,0.007,Danger
2026-04-13 14:10:00,32.27,71.98,5.93,791.05,2.85,67.83,188.96,237.33,0.099,Warning
2026-04-13 14:15:00,24.38,88.9,2.58,485.6,0.3,4.93,372.36,212.98,0.076,Normal
2026-04-13 14:20:00,28.82,74.37,4.12,576.84,3.89,8.87,355.77,304.48,0.043,Warning
2026-04-13 14:25:00,26.51,65.92,9.32,1034.69,3.29,16.48,184.6,192.28,0.015,Warning
2026-04-13 14:30:00,29.35,66.28,25.61,57.12,0.63,103.34,38.23,307.22,0.079,Danger
2026-04-13 14:35:00,24.29,61.75,15.51,823.43,6.59,26.12,53.94,134.5,0.053,Danger
2026-04-13 14:40:00,40.37,77.9,18.5,591.01,0.07,5.71,94.76,262.05,0.08,Warning
2026-04-13 14:45:00,34.81,70.21,4.98,211.58,0.66,29.42,122.63,249.5,0.092,Normal
2026-04-13 14:50:00,33.33,61.49,1.03,741.71,2.92,10.14,21.1,256.11,0.041,Warning
2026-04-13 14:55:00,33.92,77.41,12.34,132.25,6.04,26.63,33.17,328.66,0.06,Danger
2026-04-13 15:00:00,41.02,62.65,37.17,65.35,6.19,57.77,240.43,338.85,0.047,Danger
2026-04-13 15:05:00,24.14,58.98,20.22,223.73,3.28,18.09,57.64,186.55,0.003,Warning
2026-04-13 15:10:00,30.91,68.79,4.83,339.97,6.63,66.38,68.44,243.23,0.094,Danger
2026-04-13 15:15:00,28.92,62.31,36.85,796.12,4.81,9.52,146.29,369.58,0.049,Danger
2026-04-13 15:20:00,27.98,77.3,55.91,1134.5,0.88,9.04,22.92,259.44,0.018,Danger
2026-04-13 15:25:00,27.37,72.01,22.8,43.22,6.71,23.48,16.09,150.89,0.03,Danger
2026-04-13 15:30:00,25.52,56.28,34.29,538.98,2.7,109.78,128.63,210.27,0.014,Danger
2026-04-13 15:35:00,29.52,69.49,4.93,518.3,7.69,4.64,108.68,319.88,0.059,Danger
2026-04-13 15:40:00,21.46,69.28,4.96,632.4,7.72,12.92,188.33,151.72,0.004,Danger
2026-04-13 15:45:00,40.09,68.08,27.73,845.61,0.42,53.0,147.35,146.42,0.095,Warning
2026-04-13 15:50:00,36.53,52.16,19.01,430.68,6.25,36.42,440.24,236.04,0.072,Danger
2026-04-13 15:55:00,36.94,63.04,12.7,349.15,0.66,30.87,66.47,209.25,0.036,Warning
2026-04-13 16:00:00,32.88,57.02,10.06,769.6,2.74,21.98,77.61,284.96,0.08,Warning
2026-04-13 16:05:00,26.22,59.41,1.1,306.34,3.22,43.78,185.09,242.71,0.008,Warning
2026-04-13 16:10:00,33.35,66.59,16.2,114.98,1.41,27.75,128.2,215.61,0.034,Warning
2026-04-13 16:15:00,22.31,75.27,9.83,526.09,0.21,46.02,26.84,220.28,0.059,Normal
2026-04-13 16:20:00,28.22,57.82,15.07,514.54,0.39,72.83,95.01,294.97,0.043,Warning
2026-04-13 16:25:00,31.01,56.09,8.56,504.54,3.71,57.83,30.09,397.37,0.064,Warning
2026-04-13 16:30:00,37.69,58.66,5.84,790.02,3.87,16.22,46.25,342.55,0.125,Warning
2026-04-13 16:35:00,22.14,79.04,5.63,399.96,2.81,28.22,76.29,121.1,0.064,Warning
2026-04-13 16:40:00,41.17,58.6,11.63,464.16,4.96,36.22,172.03,209.5,0.063,Warning
2026-04-13 16:45:00,13.16,71.67,9.36,401.72,4.24,41.44,188.94,240.06,0.094,Warning
2026-04-13 16:50:00,25.49,46.87,14.42,676.12,4.01,25.42,82.46,225.01,0.065,Warning
2026-04-13 16:55:00,32.33,80.72,7.53,53.47,5.59,27.81,108.22,311.37,0.088,Danger
2026-04-13 17:00:00,29.88,76.77,26.04,303.33,1.3,44.67,9.12,320.92,0.055,Warning
2026-04-13 17:05:00,31.91,79.41,22.13,521.42,1.75,14.61,111.23,359.07,0.032,Warning
2026-04-13 17:10:00,26.56,77.85,3.68,564.83,0.22,47.18,99.82,339.21,0.048,Normal
2026-04-13 17:15:00,22.59,66.09,0.12,285.85,1.76,40.71,197.77,390.55,0.07,Normal
2026-04-13 17:20:00,34.67,52.15,47.44,880.21,0.9,47.27,138.11,367.62,0.045,Danger
2026-04-13 17:25:00,26.27,60.1,32.94,75.96,6.99,55.77,107.48,251.48,0.011,Danger
2026-04-13 17:30:00,21.45,58.65,22.23,324.27,4.7,18.16,28.07,306.26,0.039,Warning
2026-04-13 17:35:00,28.36,58.57,1.58,606.25,3.45,29.09,18.38,233.88,0.098,Warning
2026-04-13 17:40:00,22.89,83.86,16.99,445.96,4.86,62.69,218.03,398.62,0.083,Warning
2026-04-13 17:45:00,19.49,72.64,47.92,962.82,2.22,60.65,259.56,252.36,0.006,Danger
2026-04-13 17:50:00,34.14,75.54,12.22,142.78,4.95,10.75,119.73,374.65,0.0,Warning
2026-04-13 17:55:00,34.54,62.93,11.39,654.29,0.31,27.0,98.42,348.54,0.039,Warning
2026-04-13 18:00:00,32.85,60.15,8.24,695.69,2.98,10.52,110.19,173.16,0.082,Warning
2026-04-13 18:05:00,36.46,72.59,7.56,517.8,6.71,71.25,279.39,187.56,0.024,Danger
2026-04-13 18:10:00,30.67,69.07,12.15,383.09,5.8,16.37,41.52,162.02,0.057,Danger
2026-04-13 18:15:00,45.01,55.24,8.7,1221.44,0.55,38.22,267.59,173.88,0.041,Danger
2026-04-13 18:20:00,27.58,49.82,46.39,324.38,0.63,2.22,172.88,259.03,0.026,Danger
2026-04-13 18:25:00,32.05,73.13,14.52,429.57,5.05,12.83,240.82,189.39,0.027,Danger
2026-04-13 18:30:00,25.48,62.61,15.05,102.31,2.29,42.61,66.55,208.31,0.067,Warning
2026-04-13 18:35:00,24.55,61.84,36.76,1038.55,3.32,13.23,29.86,322.86,0.084,Danger
2026-04-13 18:40:00,24.22,74.1,2.86,242.13,1.54,59.66,110.94,272.59,0.061,Normal
2026-04-13 18:45:00,32.34,63.86,27.64,302.1,3.95,54.28,149.91,310.08,0.064,Warning
2026-04-13 18:50:00,35.87,42.28,32.07,1092.64,0.13,9.35,208.63,175.86,0.03,Danger
2026-04-13 18:55:00,30.85,57.01,32.5,262.76,3.08,31.38,246.39,343.22,0.034,Danger
2026-04-13 19:00:00,23.68,73.38,1.93,399.3,1.18,47.16,15.35,247.2,0.049,Normal
2026-04-13 19:05:00,30.92,71.62,10.14,277.57,3.58,24.11,64.3,193.16,0.052,Warning
2026-04-13 19:10:00,34.28,76.12,15.7,391.74,4.88,83.84,1.73,360.27,0.009,Danger
2026-04-13 19:15:00,35.74,62.18,46.26,360.79,1.07,14.66,73.71,109.0,0.065,Danger
2026-04-13 19:20:00,34.94,71.08,10.08,644.06,0.97,36.31,193.13,279.4,0.094,Warning
2026-04-13 19:25:00,29.25,62.83,16.35,97.21,0.79,7.39,51.6,271.46,0.006,Warning
2026-04-13 19:30:00,24.27,76.32,25.14,684.91,0.88,26.4,235.81,239.51,0.069,Warning
2026-04-13 19:35:00,30.29,63.91,10.34,710.32,0.19,25.28,87.45,265.42,0.005,Warning
2026-04-13 19:40:00,29.95,52.73,27.54,41.11,7.78,6.47,6.5,227.36,0.067,Danger
2026-04-13 19:45:00,34.45,62.26,13.77,136.31,2.86,59.49,191.75,263.45,0.079,Warning
2026-04-13 19:50:00,39.56,76.9,33.44,258.03,4.89,38.45,145.06,350.89,0.061,Danger
2026-04-13 19:55:00,29.49,54.3,9.07,563.86,2.83,29.76,175.95,319.23,0.048,Warning
2026-04-13 20:00:00,25.76,68.83,59.93,596.37,1.11,41.43,139.57,296.77,0.091,Danger
2026-04-13 20:05:00,31.93,78.25,19.6,953.75,5.62,56.87,158.92,434.12,0.082,Danger
2026-04-13 20:10:00,25.75,67.46,9.71,1119.34,5.75,101.28,4.0,338.13,0.009,Danger
2026-04-13 20:15:00,22.04,61.03,45.25,202.22,1.95,67.55,164.64,427.29,0.05,Danger
2026-04-13 20:20:00,27.79,54.06,7.64,168.92,3.39,98.54,84.89,457.32,0.025,Danger
2026-04-13 20:25:00,27.86,57.25,2.18,762.08,3.7,55.02,214.23,338.59,0.02,Warning
2026-04-13 20:30:00,27.38,66.21,89.56,731.72,2.32,46.93,19.69,270.99,0.079,Danger
2026-04-13 20:35:00,29.86,57.43,13.44,404.13,2.07,2.86,59.28,151.06,0.016,Warning
2026-04-13 20:40:00,34.77,79.89,15.72,974.06,1.38,49.88,105.86,300.87,0.015,Warning
2026-04-13 20:45:00,20.94,56.97,23.54,1087.07,1.09,16.05,5.09,248.62,0.008,Warning
2026-04-13 20:50:00,37.49,65.24,33.34,430.34,2.57,65.15,93.17,263.42,0.026,Danger
2026-04-13 20:55:00,27.33,54.87,0.24,875.37,7.43,29.89,119.52,224.58,0.092,Danger
2026-04-13 21:00:00,30.67,64.93,0.1,40.47,4.28,34.12,117.74,202.05,0.046,Warning
2026-04-13 21:05:00,33.96,74.82,8.57,310.0,2.17,28.05,168.43,227.7,0.03,Warning
2026-04-13 21:10:00,28.32,88.06,38.84,719.3,2.96,19.49,10.66,165.06,0.033,Danger
2026-04-13 21:15:00,25.23,58.92,12.96,492.41,0.14,39.81,61.1,267.18,0.028,Warning
2026-04-13 21:20:00,33.46,59.65,47.17,432.5,1.72,43.74,161.19,323.57,0.103,Danger
2026-04-13 21:25:00,33.31,64.33,4.41,459.85,6.45,35.48,1.9,232.48,0.025,Danger
2026-04-13 21:30:00,27.96,83.06,9.04,623.49,2.97,24.1,173.27,383.44,0.057,Warning
2026-04-13 21:35:00,28.47,69.96,36.95,568.74,1.14,51.76,139.23,199.73,0.049,Danger
2026-04-13 21:40:00,26.19,61.25,33.09,492.65,0.79,57.62,105.1,273.4,0.023,Danger
2026-04-13 21:45:00,17.26,55.94,5.16,316.01,0.53,24.51,168.09,336.09,0.075,Normal
2026-04-13 21:50:00,25.51,65.59,46.3,24.58,6.04,19.84,109.38,283.02,0.056,Danger
2026-04-13 21:55:00,41.14,61.99,17.79,606.93,1.49,42.19,168.21,247.3,0.063,Warning
2026-04-13 22:00:00,30.72,82.92,7.59,293.88,4.64,17.17,119.22,236.43,0.047,Warning
2026-04-13 22:05:00,42.19,77.34,35.43,659.17,0.07,30.46,138.33,265.92,0.053,Danger
2026-04-13 22:10:00,28.01,67.73,4.49,711.03,4.05,74.35,51.17,164.62,0.062,Warning
2026-04-13 22:15:00,32.7,85.78,20.93,487.86,2.57,83.62,322.44,235.22,0.066,Danger
2026-04-13 22:20:00,29.63,64.06,52.58,222.28,5.0,32.7,200.1,267.59,0.065,Danger
2026-04-13 22:25:00,33.76,66.11,26.13,661.88,3.88,24.55,77.28,246.95,0.035,Warning
2026-04-13 22:30:00,35.17,67.44,24.46,442.56,5.16,43.89,9.55,352.9,0.037,Danger
2026-04-13 22:35:00,19.27,79.53,36.54,713.29,2.28,86.43,205.86,373.83,0.071,Danger
2026-04-13 22:40:00,30.61,61.01,10.38,650.61,3.76,6.01,141.37,223.43,0.076,Warning
2026-04-13 22:45:00,25.59,54.45,10.19,748.64,1.48,61.99,84.26,230.26,0.008,Warning
2026-04-13 22:50:00,16.95,68.66,11.44,80.87,0.45,37.67,43.19,234.11,0.038,Warning
2026-04-13 22:55:00,27.09,59.05,2.51,274.06,1.05,4.81,16.01,164.26,0.073,Normal
2026-04-13 23:00:00,36.16,65.0,16.33,292.23,5.2,89.53,63.62,208.28,0.06,Danger
2026-04-13 23:05:00,30.64,60.0,24.42,781.45,0.36,121.68,73.29,181.86,0.057,Danger
2026-04-13 23:10:00,41.23,59.37,6.31,664.77,1.25,46.61,72.92,181.43,0.12,Warning
2026-04-13 23:15:00,15.23,83.2,33.67,276.32,7.62,34.86,180.81,83.39,0.016,Danger
2026-04-13 23:20:00,24.26,57.49,15.23,252.21,4.11,38.54,84.9,282.71,0.055,Warning
2026-04-13 23:25:00,34.77,64.25,35.25,267.29,0.16,75.04,215.57,295.9,0.023,Danger
2026-04-13 23:30:00,25.15,78.28,40.45,480.93,9.03,38.36,30.72,227.95,0.05,Danger
2026-04-13 23:35:00,30.43,77.5,4.13,100.55,3.81,0.28,322.35,325.46,0.034,Warning
2026-04-13 23:40:00,36.06,72.3,27.67,463.33,3.26,64.12,211.71,24.88,0.037,Warning
2026-04-13 23:45:00,22.02,59.99,13.52,140.96,6.32,28.28,288.64,221.9,0.079,Danger
2026-04-13 23:50:00,37.52,46.0,5.85,117.08,0.42,88.08,102.37,313.11,0.049,Danger
2026-04-13 23:55:00,23.95,71.78,40.05,595.21,3.47,29.39,150.69,357.68,0.062,Danger
2026-04-14 00:00:00,21.02,81.36,3.9,616.34,4.86,63.18,100.01,259.38,0.052,Warning
2026-04-14 00:05:00,37.2,69.59,43.96,661.98,1.78,27.75,232.36,146.25,0.077,Danger
2026-04-14 00:10:00,26.86,56.58,35.47,235.07,3.13,0.44,155.69,288.22,0.054,Danger
2026-04-14 00:15:00,20.45,58.01,21.14,719.51,6.16,53.98,178.91,208.57,0.066,Danger
2026-04-14 00:20:00,29.95,66.85,34.15,852.65,0.83,36.31,61.26,232.46,0.059,Danger
2026-04-14 00:25:00,34.16,45.85,1.58,210.83,5.75,11.67,28.71,293.06,0.032,Danger
2026-04-14 00:30:00,29.92,83.14,50.73,377.78,1.45,4.76,112.59,332.9,0.123,Danger
2026-04-14 00:35:00,27.78,56.83,9.54,525.51,1.41,1.66,181.49,260.19,0.088,Normal
2026-04-14 00:40:00,31.82,54.11,3.48,574.52,1.37,30.09,39.22,291.26,0.039,Normal
2026-04-14 00:45:00,35.91,56.04,34.15,460.79,6.94,21.38,57.21,120.06,0.086,Danger
2026-04-14 00:50:00,25.96,80.42,28.08,269.13,5.5,16.96,64.73,180.66,0.073,Danger
2026-04-14 00:55:00,35.69,61.04,22.37,32.97,1.2,31.76,106.54,405.05,0.074,Warning
2026-04-14 01:00:00,24.36,58.06,5.01,616.76,6.71,1.3,233.88,418.31,0.04,Danger
2026-04-14 01:05:00,28.12,61.39,16.25,392.55,4.65,41.95,26.54,276.33,0.076,Warning
2026-04-14 01:10:00,40.98,52.11,1.96,179.92,1.33,50.76,27.87,231.73,0.064,Warning
2026-04-14 01:15:00,28.51,69.7,17.28,190.0,3.06,43.35,244.65,452.83,0.078,Warning
2026-04-14 01:20:00,37.29,69.61,21.04,533.3,1.68,44.28,27.94,238.2,0.015,Warning
2026-04-14 01:25:00,32.37,55.41,15.67,650.15,3.76,50.86,58.67,288.89,0.035,Warning
2026-04-14 01:30:00,20.15,70.3,20.97,804.0,1.92,44.13,70.84,320.93,0.064,Warning
2026-04-14 01:35:00,29.27,48.36,5.52,643.17,3.0,7.27,83.84,341.99,0.068,Warning
2026-04-14 01:40:00,34.81,68.02,1.91,315.9,0.8,43.63,10.61,218.48,0.051,Normal
2026-04-14 01:45:00,38.21,71.57,0.46,545.55,6.95,44.61,79.83,176.78,0.02,Danger
2026-04-14 01:50:00,37.2,77.56,2.5,306.03,2.13,22.99,16.23,230.07,0.006,Warning
2026-04-14 01:55:00,36.36,47.4,20.43,630.51,1.71,0.04,86.32,304.02,0.043,Warning
2026-04-14 02:00:00,38.9,65.0,38.82,583.57,8.39,62.33,84.35,300.31,0.042,Danger
2026-04-14 02:05:00,28.65,51.97,1.17,1118.29,1.61,6.22,70.63,245.17,0.062,Normal
2026-04-14 02:10:00,27.65,69.45,37.85,879.99,1.2,44.45,34.61,192.26,0.015,Danger
2026-04-14 02:15:00,29.77,56.41,15.41,384.2,3.19,73.09,24.25,328.83,0.035,Warning
2026-04-14 02:20:00,24.03,76.76,16.77,1066.07,0.6,2.2,180.48,330.94,0.055,Warning
2026-04-14 02:25:00,46.68,62.19,10.39,199.23,1.18,80.75,61.37,375.28,0.063,Danger
2026-04-14 02:30:00,35.42,68.87,22.58,725.81,0.3,2.23,114.95,405.29,0.004,Warning
2026-04-14 02:35:00,19.85,62.36,35.62,515.41,1.51,23.16,93.3,300.31,0.041,Danger
2026-04-14 02:40:00,29.59,69.27,19.11,337.62,5.1,51.88,97.43,231.58,0.018,Danger
2026-04-14 02:45:00,23.66,70.35,6.61,457.17,0.01,34.81,147.83,423.62,0.045,Normal
2026-04-14 02:50:00,22.76,59.96,31.94,268.21,2.45,10.07,26.66,163.39,0.057,Danger
2026-04-14 02:55:00,29.6,72.9,6.08,667.42,0.52,25.18,25.7,120.54,0.104,Normal
2026-04-14 03:00:00,30.71,57.05,7.45,235.14,6.3,73.46,90.75,275.56,0.012,Danger
2026-04-14 03:05:00,24.03,48.03,11.78,818.31,0.85,33.91,177.88,120.07,0.105,Warning
2026-04-14 03:10:00,35.79,70.14,33.48,791.32,2.88,77.13,34.73,286.94,0.09,Danger
2026-04-14 03:15:00,16.54,69.38,29.49,12.53,2.85,11.75,119.68,242.4,0.022,Warning
2026-04-14 03:20:00,35.55,60.82,20.4,894.21,0.75,20.32,30.47,228.23,0.115,Warning
2026-04-14 03:25:00,32.28,68.14,25.48,629.08,3.48,111.87,66.44,388.61,0.069,Danger
2026-04-14 03:30:00,30.9,61.95,67.1,681.35,2.05,1.41,14.49,254.05,0.022,Danger
2026-04-14 03:35:00,33.4,58.54,35.1,794.78,1.83,43.21,143.04,133.01,0.102,Danger
2026-04-14 03:40:00,28.72,71.96,29.47,246.86,0.03,53.61,86.23,305.12,0.053,Warning
2026-04-14 03:45:00,36.15,66.14,43.48,205.99,1.62,3.74,118.86,227.71,0.043,Danger
2026-04-14 03:50:00,26.48,60.39,14.79,106.4,4.91,22.37,196.92,234.55,0.039,Warning
2026-04-14 03:55:00,32.71,58.28,46.39,754.45,2.54,8.63,232.72,194.19,0.048,Danger
2026-04-14 04:00:00,37.02,59.59,37.46,227.0,6.66,69.14,123.87,290.37,0.017,Danger
2026-04-14 04:05:00,24.93,76.5,19.86,464.76,2.66,80.34,152.37,212.03,0.008,Danger
2026-04-14 04:10:00,32.94,55.76,8.65,894.72,4.62,35.43,43.84,393.14,0.081,Warning
2026-04-14 04:15:00,28.48,59.85,16.57,356.47,8.64,4.58,26.79,377.07,0.033,Danger
2026-04-14 04:20:00,33.93,71.75,13.83,208.1,1.86,26.79,77.63,311.82,0.102,Warning
2026-04-14 04:25:00,24.56,62.5,4.5,582.12,2.57,17.15,89.2,134.94,0.03,Warning
2026-04-14 04:30:00,38.35,68.48,16.3,904.07,3.15,39.1,32.7,199.01,0.011,Warning
2026-04-14 04:35:00,26.99,62.19,21.89,488.97,0.9,16.47,119.91,210.18,0.061,Warning
2026-04-14 04:40:00,20.43,68.36,29.94,685.86,1.41,56.61,47.3,242.86,0.044,Warning
2026-04-14 04:45:00,35.18,44.8,6.16,1024.18,5.29,52.58,9.97,270.38,0.092,Danger
2026-04-14 04:50:00,31.47,79.35,5.15,391.95,4.36,2.42,139.73,344.7,0.076,Warning
2026-04-14 04:55:00,22.11,61.59,20.64,426.83,2.24,31.8,27.34,234.52,0.015,Warning
2026-04-14 05:00:00,27.61,49.73,17.33,442.03,0.75,91.41,55.46,272.92,0.031,Danger
2026-04-14 05:05:00,27.93,68.24,8.35,500.99,4.42,0.72,53.22,127.9,0.093,Warning
2026-04-14 05:10:00,34.66,71.56,6.28,100.08,1.15,16.27,33.16,132.43,0.002,Normal
2026-04-14 05:15:00,33.29,52.95,21.19,380.66,3.77,33.43,56.81,260.44,0.047,Warning
2026-04-14 05:20:00,26.92,74.8,6.54,473.94,2.25,30.96,18.94,211.85,0.025,Warning
2026-04-14 05:25:00,29.38,44.94,28.65,488.4,0.6,41.93,123.31,199.25,0.089,Warning
2026-04-14 05:30:00,32.43,80.35,17.74,823.35,3.39,1.96,98.72,183.28,0.112,Warning
2026-04-14 05:35:00,29.5,65.26,22.8,173.92,5.96,21.01,45.15,236.68,0.012,Danger
2026-04-14 05:40:00,37.81,62.69,49.42,559.98,3.66,3.14,55.59,241.74,0.036,Danger
2026-04-14 05:45:00,25.12,54.36,18.12,770.91,3.38,49.12,141.55,311.8,0.092,Warning
2026-04-14 05:50:00,25.25,64.43,26.35,341.73,3.66,19.04,4.65,189.1,0.087,Warning
2026-04-14 05:55:00,25.02,53.32,21.89,490.83,1.93,0.78,1.68,198.67,0.126,Warning
2026-04-14 06:00:00,28.49,56.19,55.44,766.48,4.17,13.32,199.15,315.3,0.054,Danger
2026-04-14 06:05:00,21.42,64.8,49.6,566.11,0.87,10.86,64.07,186.03,0.049,Danger
2026-04-14 06:10:00,37.21,78.29,0.09,882.77,4.28,45.33,123.19,175.57,0.038,Warning
2026-04-14 06:15:00,34.16,52.93,5.82,591.86,0.37,52.96,4.58,269.55,0.06,Normal
2026-04-14 06:20:00,27.59,62.6,1.4,494.42,0.89,11.06,154.85,159.06,0.035,Normal
2026-04-14 06:25:00,32.59,44.22,52.11,813.58,2.62,64.17,82.96,160.38,0.079,Danger
2026-04-14 06:30:00,31.97,66.23,3.59,980.0,4.26,44.13,200.01,168.49,0.089,Warning
2026-04-14 06:35:00,28.68,68.35,11.87,63.36,4.87,52.98,16.65,213.77,0.009,Warning
2026-04-14 06:40:00,24.5,67.45,8.07,420.75,0.75,21.85,47.48,118.72,0.044,Normal
2026-04-14 06:45:00,23.79,73.98,7.17,1256.46,4.9,14.79,137.95,82.82,0.079,Warning
2026-04-14 06:50:00,25.9,65.9,0.45,313.6,1.46,23.07,77.31,249.84,0.001,Normal
2026-04-14 06:55:00,41.66,67.32,23.75,398.0,0.62,26.04,108.93,354.14,0.112,Warning
2026-04-14 07:00:00,37.39,47.33,5.79,600.75,0.8,18.25,134.51,323.14,0.006,Warning
2026-04-14 07:05:00,22.14,54.85,13.05,13.18,1.18,65.96,68.76,284.68,0.013,Warning
2026-04-14 07:10:00,29.73,63.64,0.91,484.68,3.68,37.54,40.05,229.42,0.076,Warning
2026-04-14 07:15:00,32.16,61.82,7.33,898.6,2.02,45.17,79.74,323.43,0.08,Warning
2026-04-14 07:20:00,20.44,69.49,22.33,710.91,3.1,18.49,58.28,383.17,0.017,Warning
2026-04-14 07:25:00,31.61,76.51,4.82,74.96,1.8,35.8,47.46,239.17,0.091,Normal
2026-04-14 07:30:00,29.74,57.22,17.51,479.4,3.36,84.77,119.68,412.7,0.064,Danger
2026-04-14 07:35:00,26.16,87.88,12.5,183.53,8.97,9.32,2.76,205.88,0.055,Danger
2026-04-14 07:40:00,34.65,38.51,33.53,333.64,0.76,88.61,101.33,285.82,0.049,Danger
2026-04-14 07:45:00,33.82,81.18,34.5,825.39,6.64,40.04,12.26,157.82,0.121,Danger
2026-04-14 07:50:00,25.48,80.18,22.81,1113.75,1.05,44.3,80.22,131.08,0.13,Warning
2026-04-14 07:55:00,33.15,72.78,30.58,291.92,1.6,24.41,274.39,157.43,0.028,Danger
2026-04-14 08:00:00,28.19,58.26,14.18,311.41,3.48,63.96,79.18,316.84,0.033,Warning
2026-04-14 08:05:00,29.51,81.13,46.05,782.59,2.61,40.72,117.06,236.65,0.038,Danger
2026-04-14 08:10:00,35.61,52.04,44.75,417.37,1.94,1.82,7.44,203.95,0.032,Danger
2026-04-14 08:15:00,26.83,61.92,13.7,729.16,1.27,33.04,80.75,293.25,0.051,Warning
2026-04-14 08:20:00,26.77,55.82,19.2,882.01,1.31,8.03,54.38,205.09,0.03,Warning
2026-04-14 08:25:00,22.78,62.56,19.72,175.43,0.64,17.92,58.67,173.55,0.044,Warning
2026-04-14 08:30:00,23.29,63.62,0.93,221.31,3.13,5.61,33.0,353.84,0.022,Warning
2026-04-14 08:35:00,37.83,61.52,7.72,333.82,2.21,70.18,159.88,255.11,0.088,Warning
2026-04-14 08:40:00,20.59,67.49,21.2,596.64,2.83,20.68,63.35,339.18,0.107,Warning
2026-04-14 08:45:00,26.68,51.9,31.32,1284.31,5.32,9.95,366.11,304.94,0.026,Danger
2026-04-14 08:50:00,39.67,56.3,2.58,717.99,1.93,21.48,83.87,339.16,0.02,Warning
2026-04-14 08:55:00,31.42,62.1,0.05,273.46,5.91,11.94,209.05,316.56,0.044,Danger
2026-04-14 09:00:00,22.94,73.22,41.2,810.26,0.91,14.6,245.59,153.26,0.064,Danger
2026-04-14 09:05:00,21.11,62.0,26.7,491.01,3.57,29.05,2.0,288.55,0.071,Warning
2026-04-14 09:10:00,31.1,74.47,18.14,360.14,7.47,71.34,143.36,237.57,0.081,Danger
2026-04-14 09:15:00,32.15,49.83,34.92,240.19,4.28,44.64,239.9,228.01,0.017,Danger
2026-04-14 09:20:00,26.56,61.63,14.88,895.44,2.21,66.84,42.97,470.6,0.054,Warning
2026-04-14 09:25:00,34.75,61.92,5.09,355.62,2.38,1.59,271.85,200.7,0.018,Warning
2026-04-14 09:30:00,34.04,74.32,15.6,319.36,3.7,68.83,166.86,214.81,0.052,Warning
2026-04-14 09:35:00,28.87,81.29,5.76,313.98,0.15,32.41,85.61,266.01,0.024,Normal
2026-04-14 09:40:00,37.42,60.46,38.75,1441.73,0.62,33.7,66.84,412.47,0.042,Danger
2026-04-14 09:45:00,31.24,67.27,12.99,726.64,2.28,39.27,101.36,201.64,0.042,Warning
2026-04-14 09:50:00,32.78,70.51,39.9,1057.77,0.44,25.39,60.66,161.42,0.067,Danger
2026-04-14 09:55:00,33.89,54.23,7.51,358.37,2.53,18.54,34.52,262.72,0.058,Warning
2026-04-14 10:00:00,31.97,69.41,45.62,257.41,0.28,46.21,66.8,340.03,0.067,Danger
2026-04-14 10:05:00,39.59,64.09,14.64,602.2,1.78,41.38,146.26,207.24,0.02,Warning
2026-04-14 10:10:00,29.27,41.19,16.61,377.77,4.59,59.43,80.63,376.1,0.07,Warning
2026-04-14 10:15:00,34.9,68.4,18.23,549.96,3.23,23.13,67.34,17.91,0.04,Warning
2026-04-14 10:20:00,27.82,79.02,2.94,420.09,1.76,3.61,151.98,90.61,0.084,Normal
2026-04-14 10:25:00,29.94,78.02,39.94,230.87,1.12,40.24,24.51,296.71,0.079,Danger
2026-04-14 10:30:00,33.33,66.03,16.91,315.56,1.83,20.97,1.53,291.15,0.036,Warning
2026-04-14 10:35:00,26.31,69.49,22.6,435.41,1.55,36.64,176.9,266.09,0.014,Warning
2026-04-14 10:40:00,28.89,60.93,6.06,649.38,3.72,49.05,19.09,262.6,0.05,Warning
2026-04-14 10:45:00,31.54,66.3,14.75,460.18,5.32,14.47,62.68,336.51,0.026,Danger
2026-04-14 10:50:00,26.2,72.34,13.48,698.19,0.53,36.4,42.07,344.81,0.013,Warning
2026-04-14 10:55:00,33.62,53.25,51.17,478.59,7.85,12.76,35.73,346.86,0.007,Danger
2026-04-14 11:00:00,26.5,69.95,5.38,656.55,2.51,40.55,176.78,149.01,0.073,Warning
2026-04-14 11:05:00,30.64,60.45,7.11,598.78,0.62,68.32,204.45,381.36,0.058,Normal
2026-04-14 11:10:00,27.98,62.03,7.6,574.4,3.31,69.26,82.01,137.74,0.038,Warning
2026-04-14 11:15:00,37.78,49.43,29.78,382.83,0.65,35.82,236.1,277.24,0.042,Warning
2026-04-14 11:20:00,23.52,64.01,11.64,407.02,1.81,74.42,218.83,150.92,0.044,Warning
2026-04-14 11:25:00,32.67,78.09,0.84,252.76,5.24,29.98,115.94,283.73,0.048,Danger
2026-04-14 11:30:00,21.93,60.39,36.68,98.58,2.37,16.46,110.27,285.94,0.0,Danger
2026-04-14 11:35:00,23.58,72.61,45.49,209.78,2.78,52.28,103.76,230.1,0.031,Danger
2026-04-14 11:40:00,39.93,65.96,22.78,597.3,0.44,22.03,47.78,222.79,0.06,Warning
2026-04-14 11:45:00,25.42,52.95,25.05,340.52,0.96,57.15,176.31,291.92,0.071,Warning
2026-04-14 11:50:00,31.94,49.84,19.58,317.26,0.89,40.0,245.85,369.47,0.069,Warning
2026-04-14 11:55:00,29.85,62.84,3.09,419.08,4.73,92.93,1.65,90.4,0.034,Danger
2026-04-14 12:00:00,34.52,85.72,41.2,885.59,0.55,12.86,52.38,196.76,0.077,Danger
2026-04-14 12:05:00,38.12,68.46,9.9,179.98,1.66,28.13,66.31,323.72,0.037,Warning
2026-04-14 12:10:00,34.31,64.89,20.94,289.42,0.97,45.68,66.85,161.6,0.053,Warning
2026-04-14 12:15:00,31.93,78.73,38.05,480.61,0.36,10.87,27.63,290.49,0.081,Danger
2026-04-14 12:20:00,36.2,60.88,4.76,373.88,3.8,28.11,76.54,280.34,0.065,Warning
2026-04-14 12:25:00,26.1,60.09,9.61,385.66,4.06,32.33,34.93,226.13,0.009,Warning
2026-04-14 12:30:00,20.5,50.07,10.15,689.16,3.95,83.52,90.17,268.9,0.042,Danger
2026-04-14 12:35:00,28.99,85.81,20.23,604.48,1.44,36.42,145.83,338.82,0.069,Warning
2026-04-14 12:40:00,29.37,63.31,13.56,532.16,5.8,62.91,155.29,412.34,0.03,Danger
2026-04-14 12:45:00,27.7,64.89,1.56,221.07,3.15,7.55,169.4,311.91,0.027,Warning
2026-04-14 12:50:00,31.1,78.58,15.4,452.35,2.86,20.4,165.06,130.17,0.02,Warning
2026-04-14 12:55:00,33.41,47.98,31.24,634.95,4.23,1.23,130.98,156.22,0.038,Danger
2026-04-14 13:00:00,30.18,56.01,19.36,156.74,2.81,89.67,45.67,248.2,0.001,Danger
2026-04-14 13:05:00,25.84,72.02,6.39,722.72,3.07,17.42,22.94,304.84,0.059,Warning
2026-04-14 13:10:00,22.36,55.35,40.38,90.31,1.06,22.23,3.17,361.25,0.081,Danger
2026-04-14 13:15:00,26.53,72.94,39.3,685.56,2.9,63.93,156.95,152.95,0.044,Danger
2026-04-14 13:20:00,27.24,76.52,3.39,274.34,5.08,30.39,291.18,181.02,0.034,Danger
2026-04-14 13:25:00,35.61,52.21,41.39,137.76,3.83,53.72,84.51,140.44,0.108,Danger
2026-04-14 13:30:00,24.64,56.71,25.71,319.71,4.1,8.44,1.2,247.8,0.013,Warning
2026-04-14 13:35:00,31.98,73.77,26.06,692.98,3.77,1.53,57.29,366.36,0.033,Warning
2026-04-14 13:40:00,18.49,54.96,1.78,146.94,4.91,42.78,124.6,162.61,0.095,Warning
2026-04-14 13:45:00,28.62,60.21,25.57,197.81,3.73,0.73,20.54,242.99,0.017,Warning
2026-04-14 13:50:00,29.05,68.39,31.17,827.39,4.45,54.18,121.04,317.35,0.073,Danger
2026-04-14 13:55:00,33.12,50.73,51.57,273.5,2.72,30.07,239.29,260.01,0.062,Danger
2026-04-14 14:00:00,29.61,53.03,31.37,509.77,2.24,34.01,94.88,259.95,0.018,Danger
2026-04-14 14:05:00,35.18,69.75,8.63,1120.56,1.37,33.37,4.16,129.29,0.091,Warning
2026-04-14 14:10:00,35.4,72.39,26.02,874.5,1.27,36.91,1.19,237.72,0.064,Warning
2026-04-14 14:15:00,14.59,58.8,18.3,476.75,0.64,43.57,9.23,152.25,0.086,Warning
2026-04-14 14:20:00,35.21,59.01,13.63,753.8,2.13,41.21,127.56,224.47,0.065,Warning
2026-04-14 14:25:00,25.18,68.94,13.52,391.78,1.74,25.27,83.85,182.83,0.002,Warning
2026-04-14 14:30:00,21.78,62.46,21.13,1054.99,1.86,45.02,59.31,350.11,0.03,Warning
2026-04-14 14:35:00,35.59,66.76,27.94,1057.66,3.51,55.86,70.53,174.07,0.047,Warning
2026-04-14 14:40:00,38.45,78.35,25.01,269.05,4.83,19.13,78.2,124.53,0.028,Warning
2026-04-14 14:45:00,23.21,48.47,10.15,221.57,0.28,13.69,182.05,177.43,0.093,Warning
2026-04-14 14:50:00,27.58,69.39,24.42,230.65,1.02,0.12,117.24,239.69,0.028,Warning
2026-04-14 14:55:00,30.6,68.4,52.0,520.44,2.03,37.14,14.94,111.96,0.041,Danger
2026-04-14 15:00:00,35.36,77.34,22.59,699.82,4.55,38.37,119.94,112.08,0.08,Warning
2026-04-14 15:05:00,38.72,64.38,17.82,943.73,1.38,24.04,3.94,252.97,0.051,Warning
2026-04-14 15:10:00,27.23,62.0,4.21,352.46,0.31,10.42,120.09,232.11,0.009,Normal
2026-04-14 15:15:00,33.75,59.4,12.61,388.04,1.27,70.53,55.15,120.13,0.054,Warning
2026-04-14 15:20:00,27.52,68.6,29.33,168.1,3.81,20.88,87.46,151.05,0.054,Warning
2026-04-14 15:25:00,29.9,53.97,12.17,725.19,0.64,60.48,25.66,354.17,0.022,Warning
2026-04-14 15:30:00,37.36,66.74,23.0,198.79,4.19,50.56,47.56,79.28,0.017,Warning
2026-04-14 15:35:00,24.43,69.49,5.7,366.32,0.3,78.77,84.54,265.82,0.031,Normal
2026-04-14 15:40:00,29.85,55.24,21.87,156.03,4.23,9.4,174.84,402.58,0.05,Warning
2026-04-14 15:45:00,36.56,72.51,13.66,533.28,3.5,43.91,97.82,263.22,0.05,Warning
2026-04-14 15:50:00,30.67,52.76,10.28,64.11,0.51,3.63,14.53,165.84,0.058,Warning
2026-04-14 15:55:00,28.41,60.8,13.15,410.64,5.44,66.43,117.35,226.39,0.067,Danger
2026-04-14 16:00:00,26.66,62.01,0.15,772.51,4.34,18.61,253.13,283.0,0.061,Warning
2026-04-14 16:05:00,31.25,52.38,2.89,483.61,1.86,43.59,13.21,255.65,0.053,Normal
2026-04-14 16:10:00,30.64,65.16,13.08,178.37,0.83,1.24,37.85,245.55,0.083,Warning
2026-04-14 16:15:00,33.63,69.66,34.71,222.61,0.63,44.59,32.55,216.41,0.106,Danger
2026-04-14 16:20:00,30.48,82.64,21.47,310.74,3.23,23.75,125.55,231.63,0.124,Warning
2026-04-14 16:25:00,31.23,71.04,2.12,572.99,1.96,64.75,188.7,282.6,0.052,Normal
2026-04-14 16:30:00,21.6,47.86,16.64,762.39,6.0,15.59,70.92,324.64,0.026,Danger
2026-04-14 16:35:00,22.11,60.06,4.78,896.05,4.6,9.5,219.8,260.0,0.082,Warning
2026-04-14 16:40:00,36.64,62.37,26.43,377.97,4.79,23.61,176.03,371.98,0.066,Warning
2026-04-14 16:45:00,29.53,64.23,44.14,286.16,4.8,58.8,6.54,263.17,0.044,Danger
2026-04-14 16:50:00,33.45,87.09,29.17,298.95,1.76,76.08,60.87,200.8,0.071,Warning
2026-04-14 16:55:00,36.47,71.09,2.87,660.96,3.24,34.03,70.29,254.24,0.023,Warning
2026-04-14 17:00:00,42.4,66.57,25.97,434.63,4.54,31.94,94.56,247.56,0.112,Warning
2026-04-14 17:05:00,36.04,56.92,25.32,309.2,3.28,40.18,172.65,124.75,0.012,Warning
2026-04-14 17:10:00,29.62,54.68,7.19,581.56,0.75,110.31,26.68,228.38,0.059,Danger
2026-04-14 17:15:00,22.46,70.09,21.83,395.21,2.82,37.13,223.52,450.02,0.018,Warning
2026-04-14 17:20:00,23.51,66.03,26.58,694.82,2.34,34.69,49.64,270.4,0.064,Warning
2026-04-14 17:25:00,31.0,51.55,18.44,1056.19,2.72,25.48,236.0,190.35,0.077,Warning
2026-04-14 17:30:00,27.35,75.87,30.96,376.32,1.2,59.11,105.55,214.65,0.069,Danger
2026-04-14 17:35:00,28.46,66.35,25.82,243.66,4.04,10.04,50.25,334.93,0.065,Warning
2026-04-14 17:40:00,24.56,66.39,6.12,454.26,2.53,12.34,154.23,321.79,0.058,Warning
2026-04-14 17:45:00,32.07,50.47,42.24,472.6,0.81,25.83,154.55,290.99,0.017,Danger
2026-04-14 17:50:00,33.79,64.39,25.02,259.53,5.14,27.31,198.88,127.21,0.008,Danger
2026-04-14 17:55:00,28.8,79.68,54.26,233.47,2.16,26.21,151.82,320.8,0.017,Danger
2026-04-14 18:00:00,30.32,44.91,31.22,398.41,1.62,33.3,43.01,350.92,0.023,Danger
2026-04-14 18:05:00,41.11,73.55,40.75,191.35,7.37,28.5,59.02,354.37,0.065,Danger
2026-04-14 18:10:00,23.8,76.35,21.8,375.14,2.63,37.39,63.66,262.5,0.002,Warning
2026-04-14 18:15:00,27.91,69.8,52.53,438.42,6.33,51.49,103.38,169.01,0.021,Danger
2026-04-14 18:20:00,33.09,59.74,2.69,445.82,1.51,56.03,29.45,314.1,0.063,Normal
2026-04-14 18:25:00,21.63,67.95,38.36,231.43,3.39,19.57,96.79,160.47,0.028,Danger
2026-04-14 18:30:00,23.29,70.79,3.85,550.98,2.04,21.3,182.31,233.77,0.077,Warning
2026-04-14 18:35:00,17.61,76.11,10.8,178.12,0.11,63.35,8.93,197.53,0.021,Warning
2026-04-14 18:40:00,31.28,72.44,49.09,1219.95,3.95,34.63,41.73,402.74,0.056,Danger
2026-04-14 18:45:00,28.55,68.88,2.27,201.3,3.72,73.7,135.69,249.43,0.05,Warning
2026-04-14 18:50:00,30.86,66.42,13.79,507.6,6.67,38.89,90.51,302.74,0.07,Danger
2026-04-14 18:55:00,34.73,57.43,5.39,255.93,4.3,48.71,47.32,281.27,0.091,Warning
2026-04-14 19:00:00,28.82,68.14,29.61,103.83,2.46,70.88,20.68,316.6,0.051,Warning
2026-04-14 19:05:00,26.63,64.03,4.48,233.51,1.24,22.74,63.39,228.77,0.057,Normal
2026-04-14 19:10:00,32.66,53.56,9.95,92.06,1.51,26.02,136.98,262.33,0.066,Normal
2026-04-14 19:15:00,30.33,58.24,7.32,421.1,0.3,15.21,30.81,283.53,0.051,Normal
2026-04-14 19:20:00,32.24,69.42,11.41,464.5,3.5,117.84,18.91,253.34,0.014,Danger
2026-04-14 19:25:00,29.9,58.26,12.6,546.59,0.53,51.35,222.55,317.14,0.046,Warning
2026-04-14 19:30:00,25.53,65.85,22.22,731.0,4.59,62.03,94.09,225.63,0.08,Warning
2026-04-14 19:35:00,25.38,77.19,51.21,857.38,3.98,2.1,108.16,142.31,0.027,Danger
2026-04-14 19:40:00,26.45,65.62,7.16,578.48,4.63,8.39,94.86,216.72,0.056,Warning
2026-04-14 19:45:00,33.43,74.21,28.41,624.2,2.26,23.25,2.42,278.69,0.011,Warning
2026-04-14 19:50:00,31.69,67.64,23.71,173.72,5.13,47.9,5.04,167.21,0.024,Danger
2026-04-14 19:55:00,37.36,65.41,52.67,442.5,2.85,55.65,243.88,290.08,0.05,Danger
2026-04-14 20:00:00,30.14,54.54,7.36,515.37,6.15,2.8,186.27,243.45,0.087,Danger
2026-04-14 20:05:00,33.38,71.09,34.58,749.95,5.19,105.27,241.69,287.31,0.037,Danger
2026-04-14 20:10:00,31.83,45.74,31.58,181.99,5.37,99.21,65.09,245.98,0.018,Danger
2026-04-14 20:15:00,21.36,63.94,27.7,726.32,2.46,46.57,92.34,130.6,0.007,Warning
2026-04-14 20:20:00,25.02,75.5,25.91,596.78,0.59,4.49,57.01,359.14,0.116,Warning
2026-04-14 20:25:00,32.78,72.32,11.82,14.16,0.53,1.38,41.47,200.77,0.051,Warning
2026-04-14 20:30:00,25.75,86.68,12.31,766.19,1.21,38.51,130.81,262.56,0.016,Warning
2026-04-14 20:35:00,28.34,66.69,17.13,193.06,5.87,79.74,54.99,176.29,0.055,Danger
2026-04-14 20:40:00,35.08,50.93,62.07,560.55,3.15,37.59,75.34,327.73,0.056,Danger
2026-04-14 20:45:00,30.7,64.48,12.56,84.89,5.51,55.29,183.03,184.17,0.045,Danger
2026-04-14 20:50:00,36.16,52.71,37.6,324.04,0.57,18.72,31.7,98.25,0.052,Danger
2026-04-14 20:55:00,32.67,77.15,27.14,1089.62,6.08,49.52,126.86,348.41,0.016,Danger
2026-04-14 21:00:00,27.6,46.42,28.26,277.17,11.06,0.72,90.64,217.82,0.035,Danger
2026-04-14 21:05:00,23.77,52.2,28.59,663.64,0.73,97.35,44.41,368.11,0.097,Danger
2026-04-14 21:10:00,36.39,67.35,8.24,882.82,0.37,30.83,75.63,178.69,0.058,Warning
2026-04-14 21:15:00,33.71,55.69,24.2,168.71,1.15,1.71,115.73,319.55,0.052,Warning
2026-04-14 21:20:00,32.83,63.39,23.09,605.57,0.47,5.78,140.01,394.97,0.086,Warning
2026-04-14 21:25:00,24.35,53.74,4.29,529.68,2.14,69.61,209.51,250.45,0.043,Warning
2026-04-14 21:30:00,32.58,75.63,26.05,370.54,0.16,24.42,99.35,299.85,0.072,Warning
2026-04-14 21:35:00,35.76,79.8,12.5,621.43,3.32,17.04,2.83,365.57,0.032,Warning
2026-04-14 21:40:00,19.04,65.2,10.24,1057.31,3.47,7.79,60.31,233.33,0.117,Warning
2026-04-14 21:45:00,33.38,50.93,10.11,492.91,1.32,51.32,139.56,185.63,0.087,Warning
2026-04-14 21:50:00,30.04,60.26,33.33,866.7,2.88,2.07,9.03,377.93,0.018,Danger
2026-04-14 21:55:00,28.16,70.7,44.02,435.1,0.2,15.73,170.45,340.35,0.009,Danger
2026-04-14 22:00:00,30.57,50.66,32.68,626.72,0.76,81.37,113.5,268.02,0.045,Danger
2026-04-14 22:05:00,29.96,61.19,0.18,868.74,0.52,1.06,67.07,363.96,0.084,Normal
2026-04-14 22:10:00,28.03,77.27,17.16,246.97,0.57,74.93,288.28,275.59,0.033,Warning
2026-04-14 22:15:00,29.38,57.38,2.66,285.49,1.76,24.83,65.18,232.29,0.073,Normal
2026-04-14 22:20:00,28.85,63.35,11.47,962.99,0.53,43.85,5.16,278.0,0.066,Warning
2026-04-14 22:25:00,35.42,61.16,7.28,264.8,4.89,103.27,163.45,149.03,0.074,Danger
2026-04-14 22:30:00,25.28,61.51,18.74,606.61,2.2,4.04,186.0,207.79,0.088,Warning
2026-04-14 22:35:00,23.2,67.16,9.52,249.78,0.46,80.82,210.8,319.94,0.051,Danger
2026-04-14 22:40:00,30.94,77.66,29.03,505.4,6.46,52.58,104.24,213.28,0.034,Danger
2026-04-14 22:45:00,28.32,69.57,31.72,66.71,3.84,18.06,39.23,345.68,0.042,Danger
2026-04-14 22:50:00,31.27,69.18,5.47,937.97,0.01,82.39,67.38,223.0,0.017,Danger
2026-04-14 22:55:00,30.99,87.54,23.27,581.13,0.0,43.68,95.76,244.97,0.065,Warning
2026-04-14 23:00:00,20.92,63.99,8.94,508.67,0.17,6.23,53.34,339.25,0.03,Normal
2026-04-14 23:05:00,26.88,80.31,26.36,110.39,6.16,85.92,235.44,303.46,0.017,Danger
2026-04-14 23:10:00,29.75,50.52,2.32,166.73,0.12,26.56,35.51,210.97,0.041,Normal
2026-04-14 23:15:00,37.5,86.64,5.99,600.82,0.52,50.71,32.35,193.11,0.11,Warning
2026-04-14 23:20:00,23.22,40.47,29.7,389.71,0.06,129.27,153.02,245.32,0.029,Danger
2026-04-14 23:25:00,32.23,47.67,4.68,488.87,2.64,14.3,10.68,323.65,0.0,Warning
2026-04-14 23:30:00,28.61,59.82,35.24,362.34,3.31,33.32,103.51,244.75,0.002,Danger
2026-04-14 23:35:00,31.76,57.7,38.73,445.77,0.31,67.99,7.19,321.58,0.064,Danger
2026-04-14 23:40:00,28.17,51.64,39.83,650.14,0.32,29.78,180.62,258.96,0.057,Danger
2026-04-14 23:45:00,35.16,80.37,12.61,98.77,1.91,7.64,13.49,115.4,0.105,Warning
2026-04-14 23:50:00,32.64,59.76,14.35,35.92,5.47,57.98,131.0,102.93,0.038,Danger
2026-04-14 23:55:00,36.21,48.66,12.03,688.33,3.39,22.81,129.58,201.13,0.108,Warning
2026-04-15 00:00:00,21.95,76.62,18.79,685.13,4.38,42.23,1.1,227.1,0.006,Warning
2026-04-15 00:05:00,28.51,68.23,27.14,617.43,3.27,2.49,13.78,145.19,0.025,Warning
2026-04-15 00:10:00,30.01,79.14,4.06,161.34,0.2,33.5,202.37,243.08,0.007,Normal
2026-04-15 00:15:00,23.83,66.88,34.91,1044.72,1.55,25.59,22.98,178.11,0.021,Danger
2026-04-15 00:20:00,28.33,56.18,64.58,362.1,4.96,6.38,303.32,277.13,0.075,Danger
2026-04-15 00:25:00,27.04,74.76,21.7,386.31,1.24,10.5,47.69,319.52,0.043,Warning
2026-04-15 00:30:00,20.39,71.46,40.86,0.18,7.41,75.87,16.91,160.63,0.082,Danger
2026-04-15 00:35:00,23.15,58.32,11.3,501.77,6.4,35.0,181.81,221.86,0.053,Danger
2026-04-15 00:40:00,23.87,64.03,0.08,451.92,1.31,7.42,290.76,391.4,0.092,Normal
2026-04-15 00:45:00,38.98,79.19,14.55,462.53,2.71,11.57,24.0,273.73,0.003,Warning
2026-04-15 00:50:00,30.69,55.05,13.38,557.36,0.94,45.62,38.8,286.66,0.033,Warning
2026-04-15 00:55:00,32.8,65.1,11.04,604.29,0.02,36.02,38.05,452.9,0.016,Warning
2026-04-15 01:00:00,28.21,61.83,12.04,717.74,0.71,75.19,149.51,199.11,0.047,Warning
2026-04-15 01:05:00,33.38,61.35,7.54,1239.41,4.46,31.44,29.21,393.12,0.031,Warning
2026-04-15 01:10:00,31.2,60.26,27.06,496.19,2.76,71.49,124.03,191.19,0.059,Warning
2026-04-15 01:15:00,42.09,70.65,18.04,88.83,4.17,54.89,111.27,259.13,0.135,Warning
2026-04-15 01:20:00,34.28,77.4,16.34,460.52,3.9,14.7,74.96,287.06,0.035,Warning
2026-04-15 01:25:00,31.1,65.8,34.34,316.61,4.0,7.57,119.73,327.13,0.029,Danger
2026-04-15 01:30:00,32.71,76.35,30.03,262.81,0.05,37.4,242.53,251.13,0.045,Danger
2026-04-15 01:35:00,23.15,61.36,0.7,508.16,2.54,6.86,20.89,325.22,0.024,Warning
2026-04-15 01:40:00,27.14,67.82,5.93,1207.84,4.79,20.69,116.81,61.57,0.087,Warning
2026-04-15 01:45:00,32.56,64.27,26.32,706.35,0.75,35.21,184.87,286.39,0.042,Warning
2026-04-15 01:50:00,31.48,78.82,30.68,151.08,3.76,38.17,196.41,252.63,0.039,Danger
2026-04-15 01:55:00,23.16,58.05,39.16,559.39,1.7,71.82,188.96,191.14,0.086,Danger
2026-04-15 02:00:00,21.71,69.6,21.83,844.93,3.14,10.22,63.44,465.46,0.052,Warning
2026-04-15 02:05:00,32.99,44.79,1.55,655.63,2.84,41.98,7.49,167.29,0.028,Warning
2026-04-15 02:10:00,37.64,68.33,3.21,732.6,4.49,4.75,175.92,330.54,0.076,Warning
2026-04-15 02:15:00,26.63,53.21,18.86,303.35,0.9,8.54,75.28,388.64,0.04,Warning
2026-04-15 02:20:00,29.76,46.82,59.56,105.23,0.12,47.83,104.62,381.45,0.072,Danger
2026-04-15 02:25:00,29.59,75.44,38.23,301.95,4.89,11.11,69.65,261.43,0.039,Danger
2026-04-15 02:30:00,27.83,74.85,15.58,181.51,4.02,17.08,179.15,278.63,0.01,Warning
2026-04-15 02:35:00,30.31,70.35,19.68,359.52,1.18,2.4,52.52,132.98,0.062,Warning
2026-04-15 02:40:00,25.64,70.76,3.1,106.06,0.78,103.77,70.44,301.67,0.055,Danger
2026-04-15 02:45:00,22.97,79.49,10.04,106.85,0.46,11.75,154.95,195.54,0.129,Warning
2026-04-15 02:50:00,25.31,71.12,24.48,462.89,3.1,24.78,229.9,284.76,0.04,Warning
2026-04-15 02:55:00,32.12,59.07,40.03,804.59,3.12,44.47,67.72,367.36,0.047,Danger
2026-04-15 03:00:00,35.13,72.5,35.19,185.67,0.76,109.93,71.93,162.19,0.051,Danger
2026-04-15 03:05:00,30.22,59.6,27.32,770.63,1.95,9.26,77.77,210.21,0.001,Warning
2026-04-15 03:10:00,31.5,72.66,11.92,179.52,0.28,56.23,63.82,305.67,0.037,Warning
2026-04-15 03:15:00,29.91,58.14,7.71,930.27,4.45,45.79,170.86,290.22,0.078,Warning
2026-04-15 03:20:00,26.68,78.78,40.77,614.14,1.14,28.94,102.87,384.79,0.015,Danger
2026-04-15 03:25:00,35.09,60.29,7.28,147.36,0.26,45.87,157.11,268.87,0.035,Warning
2026-04-15 03:30:00,24.48,65.62,7.7,563.35,1.04,8.17,95.9,278.18,0.087,Normal
2026-04-15 03:35:00,28.32,70.45,51.07,671.62,5.49,4.83,7.96,237.25,0.048,Danger
2026-04-15 03:40:00,35.35,57.7,13.23,822.45,2.65,19.57,103.85,159.8,0.016,Warning
2026-04-15 03:45:00,22.06,67.07,33.38,729.68,5.43,78.17,94.46,244.83,0.094,Danger
2026-04-15 03:50:00,26.49,53.21,8.22,363.28,2.14,14.0,116.97,204.47,0.087,Warning
2026-04-15 03:55:00,24.03,63.61,8.3,569.27,4.78,30.65,67.14,305.3,0.075,Warning
2026-04-15 04:00:00,31.35,68.88,27.93,6.82,0.95,35.05,50.84,226.95,0.061,Warning
2026-04-15 04:05:00,31.99,69.67,0.84,74.66,4.41,9.7,1.15,177.86,0.085,Warning
2026-04-15 04:10:00,31.06,68.43,28.79,487.29,5.04,27.87,28.56,158.74,0.063,Danger
2026-04-15 04:15:00,32.53,60.27,10.35,880.42,0.08,31.82,11.43,337.68,0.069,Warning
2026-04-15 04:20:00,23.01,62.39,26.58,770.14,8.14,67.22,62.71,263.39,0.049,Danger
2026-04-15 04:25:00,27.95,47.62,21.47,766.25,10.54,72.29,49.87,249.05,0.068,Danger
2026-04-15 04:30:00,26.56,72.8,29.07,871.21,4.41,31.41,16.21,146.55,0.057,Warning
2026-04-15 04:35:00,27.98,61.93,37.44,910.68,1.71,11.58,36.68,275.19,0.018,Danger
2026-04-15 04:40:00,22.7,63.83,30.72,522.59,4.01,27.89,207.63,368.87,0.027,Danger
2026-04-15 04:45:00,34.42,70.08,65.09,260.65,1.65,21.29,17.29,280.85,0.056,Danger
2026-04-15 04:50:00,32.71,70.2,10.29,427.24,0.91,8.05,74.32,265.76,0.071,Warning
2026-04-15 04:55:00,33.04,80.57,4.45,430.22,0.66,71.09,29.75,342.4,0.094,Normal
2026-04-15 05:00:00,32.07,67.93,15.77,404.87,0.69,14.1,262.44,166.65,0.056,Warning
2026-04-15 05:05:00,33.56,62.16,23.32,48.62,5.98,65.25,70.16,179.61,0.074,Danger
2026-04-15 05:10:00,24.26,54.95,13.93,955.41,3.92,5.88,88.21,253.32,0.058,Warning
2026-04-15 05:15:00,29.64,83.06,12.36,184.64,0.78,38.19,118.69,235.87,0.04,Warning
2026-04-15 05:20:00,20.0,65.86,8.23,574.77,3.47,69.64,15.56,146.48,0.033,Warning
2026-04-15 05:25:00,26.32,56.75,43.9,544.52,7.92,19.88,37.19,185.35,0.081,Danger
2026-04-15 05:30:00,24.33,70.58,7.86,221.05,6.16,3.54,2.76,243.69,0.035,Danger
2026-04-15 05:35:00,41.07,75.6,3.19,357.4,4.06,25.5,5.29,257.04,0.009,Warning
2026-04-15 05:40:00,29.87,81.99,16.08,267.6,1.94,17.43,299.18,223.37,0.014,Warning
2026-04-15 05:45:00,30.11,66.96,26.25,726.73,7.87,3.83,11.35,101.67,0.07,Danger
2026-04-15 05:50:00,25.56,73.92,5.17,1017.79,2.3,60.92,170.38,292.13,0.016,Warning
2026-04-15 05:55:00,32.66,66.27,21.61,967.48,0.96,79.25,73.23,328.59,0.024,Warning
2026-04-15 06:00:00,31.07,66.44,8.53,239.23,7.2,13.83,150.05,138.38,0.014,Danger
2026-04-15 06:05:00,22.83,67.09,2.87,866.1,4.2,28.0,110.39,188.96,0.027,Warning
2026-04-15 06:10:00,33.56,74.13,29.05,358.83,0.83,17.27,156.83,93.08,0.016,Warning
2026-04-15 06:15:00,19.98,43.57,42.14,736.04,1.6,15.76,226.58,290.02,0.113,Danger
2026-04-15 06:20:00,29.43,58.45,6.62,507.09,4.81,23.97,44.18,350.52,0.066,Warning
2026-04-15 06:25:00,29.43,57.33,9.91,641.82,0.34,29.35,31.98,246.06,0.091,Normal
2026-04-15 06:30:00,24.2,67.27,9.45,431.62,6.62,23.25,11.36,321.1,0.074,Danger
2026-04-15 06:35:00,24.99,53.07,23.21,490.11,0.59,62.25,20.77,283.73,0.085,Warning
2026-04-15 06:40:00,28.3,46.71,6.94,556.79,5.01,0.85,252.31,146.09,0.055,Danger
2026-04-15 06:45:00,28.8,78.47,14.47,627.69,1.27,81.17,2.86,283.23,0.025,Danger
2026-04-15 06:50:00,30.94,61.31,7.3,96.23,3.24,23.29,31.67,125.58,0.018,Warning
2026-04-15 06:55:00,32.5,69.51,28.27,191.91,2.64,4.62,175.47,284.08,0.03,Warning
2026-04-15 07:00:00,35.2,70.07,12.74,1.46,2.04,85.97,21.55,400.09,0.018,Danger
2026-04-15 07:05:00,24.13,73.8,33.51,666.75,4.03,12.06,163.3,269.2,0.039,Danger
2026-04-15 07:10:00,30.47,75.61,22.84,147.34,4.67,52.59,42.09,259.34,0.053,Warning
2026-04-15 07:15:00,20.1,60.98,7.74,452.38,0.42,46.51,0.91,322.81,0.068,Normal
2026-04-15 07:20:00,36.8,82.34,49.81,144.31,3.03,8.71,408.03,299.13,0.092,Danger
2026-04-15 07:25:00,32.18,38.65,0.67,294.33,0.83,34.38,130.13,39.81,0.043,Normal
2026-04-15 07:30:00,27.57,78.81,26.84,445.08,2.67,47.48,146.14,218.36,0.026,Warning
2026-04-15 07:35:00,36.57,67.74,1.69,318.68,3.1,31.53,82.94,153.73,0.018,Warning
2026-04-15 07:40:00,26.26,63.04,14.17,452.01,1.66,95.25,164.93,345.06,0.064,Danger
2026-04-15 07:45:00,30.36,69.1,19.52,742.39,0.93,48.99,96.71,105.43,0.053,Warning
2026-04-15 07:50:00,23.47,59.65,11.82,47.87,1.84,22.74,155.51,213.7,0.058,Warning
2026-04-15 07:55:00,29.52,60.82,18.41,466.52,4.23,17.35,58.22,244.36,0.083,Warning
2026-04-15 08:00:00,30.15,67.88,14.83,352.31,1.4,8.6,119.34,259.85,0.094,Warning
2026-04-15 08:05:00,34.73,77.41,25.65,973.8,2.8,36.36,169.6,251.71,0.018,Warning
2026-04-15 08:10:00,37.24,57.32,4.71,429.71,0.84,20.15,70.18,357.77,0.064,Warning
2026-04-15 08:15:00,25.71,57.79,7.24,384.74,0.46,24.07,109.04,213.55,0.021,Normal
2026-04-15 08:20:00,32.43,73.48,10.09,1034.45,8.65,39.88,33.12,271.52,0.013,Danger
2026-04-15 08:25:00,25.64,48.17,2.43,130.24,3.87,9.97,107.66,309.83,0.085,Warning
2026-04-15 08:30:00,28.23,68.11,21.85,881.63,4.35,72.13,86.47,196.86,0.081,Warning
2026-04-15 08:35:00,32.9,63.75,5.52,736.61,3.94,51.69,89.07,210.89,0.065,Warning
2026-04-15 08:40:00,28.07,65.29,14.08,723.36,2.48,56.36,59.21,163.27,0.064,Warning
2026-04-15 08:45:00,32.78,81.7,5.29,892.78,3.81,20.71,104.52,269.33,0.041,Warning
2026-04-15 08:50:00,30.59,52.65,32.3,574.94,3.09,8.84,47.2,291.98,0.098,Danger
2026-04-15 08:55:00,23.03,50.56,20.32,400.34,2.37,19.05,142.2,227.11,0.014,Warning
2026-04-15 09:00:00,26.05,63.4,10.1,488.94,2.18,5.69,100.92,120.86,0.021,Warning
2026-04-15 09:05:00,24.29,73.8,61.12,235.75,1.29,7.74,102.12,201.33,0.058,Danger
2026-04-15 09:10:00,33.33,52.76,20.43,38.22,1.23,7.05,57.09,225.04,0.035,Warning
2026-04-15 09:15:00,28.67,67.38,20.33,534.56,0.28,63.21,232.54,146.93,0.055,Warning
2026-04-15 09:20:00,27.66,74.26,14.75,515.95,3.48,8.1,247.75,290.78,0.078,Warning
2026-04-15 09:25:00,28.9,63.77,31.23,713.35,1.75,25.11,127.38,239.58,0.061,Danger
2026-04-15 09:30:00,29.56,42.53,11.22,792.5,1.27,27.59,79.63,183.98,0.036,Warning
2026-04-15 09:35:00,31.64,69.31,58.77,356.68,7.01,14.42,128.86,264.23,0.046,Danger
2026-04-15 09:40:00,29.97,58.77,33.08,247.22,2.95,50.23,218.42,327.74,0.067,Danger
2026-04-15 09:45:00,26.81,57.14,7.77,129.72,2.0,9.1,199.92,203.68,0.053,Normal
2026-04-15 09:50:00,28.68,50.96,36.79,708.64,4.43,43.8,4.05,190.8,0.064,Danger
2026-04-15 09:55:00,37.71,68.86,34.57,342.24,5.29,3.22,104.02,220.71,0.077,Danger
2026-04-15 10:00:00,34.51,50.23,41.51,1212.92,0.93,14.93,203.94,255.34,0.05,Danger
2026-04-15 10:05:00,39.48,51.46,0.78,625.35,2.86,5.08,41.78,326.94,0.071,Warning
2026-04-15 10:10:00,21.58,58.07,1.2,435.03,1.29,38.07,10.58,297.09,0.05,Normal
2026-04-15 10:15:00,25.13,78.88,43.35,587.1,1.28,22.25,187.11,315.81,0.026,Danger
2026-04-15 10:20:00,26.57,69.57,8.51,312.29,1.12,20.33,7.99,322.48,0.003,Normal
2026-04-15 10:25:00,32.17,67.58,34.37,577.11,0.86,12.61,179.04,289.76,0.035,Danger
2026-04-15 10:30:00,34.54,60.54,14.98,318.65,3.6,19.77,50.14,197.64,0.058,Warning
2026-04-15 10:35:00,31.94,53.96,23.13,56.98,8.58,0.46,184.93,266.09,0.057,Danger
2026-04-15 10:40:00,24.17,73.43,15.97,641.04,1.73,25.2,8.72,237.77,0.037,Warning
2026-04-15 10:45:00,26.47,66.35,22.27,575.23,1.69,36.44,104.22,257.8,0.055,Warning
2026-04-15 10:50:00,35.92,52.95,8.63,601.45,2.75,75.3,105.48,326.55,0.084,Warning
2026-04-15 10:55:00,32.06,42.67,17.95,563.57,1.26,51.59,126.17,150.06,0.112,Warning
2026-04-15 11:00:00,31.32,78.52,15.62,725.46,2.16,60.22,123.83,321.05,0.07,Warning
2026-04-15 11:05:00,29.23,60.91,9.02,584.83,5.64,1.37,90.18,448.77,0.07,Danger
2026-04-15 11:10:00,28.04,76.89,33.67,647.68,0.57,46.69,188.96,112.39,0.057,Danger
2026-04-15 11:15:00,31.49,67.66,15.92,855.82,1.37,19.89,111.57,235.75,0.008,Warning
2026-04-15 11:20:00,31.07,67.25,7.7,460.31,7.54,68.34,170.1,142.97,0.03,Danger
2026-04-15 11:25:00,37.24,53.45,24.57,352.39,3.23,22.01,51.68,281.08,0.035,Warning
2026-04-15 11:30:00,21.08,55.72,5.96,18.76,3.11,13.09,115.39,291.66,0.073,Warning
2026-04-15 11:35:00,32.03,55.2,26.59,566.54,8.57,20.32,118.29,242.41,0.051,Danger
2026-04-15 11:40:00,29.91,60.65,18.55,686.53,0.74,53.42,151.43,179.58,0.021,Warning
2026-04-15 11:45:00,32.24,59.12,5.91,1015.07,0.9,40.94,1.63,268.53,0.052,Normal
2026-04-15 11:50:00,39.44,57.32,19.72,838.55,0.02,48.15,103.22,390.7,0.08,Warning
2026-04-15 11:55:00,26.6,73.3,41.26,113.4,0.2,73.84,86.75,284.89,0.052,Danger
2026-04-15 12:00:00,34.46,70.13,17.12,130.51,3.92,49.17,43.95,156.27,0.066,Warning
2026-04-15 12:05:00,30.97,45.25,1.44,594.15,4.03,3.37,65.25,179.65,0.09,Warning
2026-04-15 12:10:00,30.87,58.32,8.13,119.93,7.43,13.06,40.05,232.94,0.031,Danger
2026-04-15 12:15:00,29.46,65.35,15.3,121.22,4.68,2.12,14.13,193.69,0.018,Warning
2026-04-15 12:20:00,31.34,73.95,0.54,52.94,1.08,2.07,43.14,202.1,0.033,Normal
2026-04-15 12:25:00,29.92,50.45,26.6,998.28,6.29,3.36,146.87,294.02,0.049,Danger
2026-04-15 12:30:00,30.89,71.83,32.67,256.5,4.24,86.66,168.22,372.92,0.028,Danger
2026-04-15 12:35:00,32.98,67.64,35.54,162.31,0.48,56.02,25.97,269.39,0.049,Danger
2026-04-15 12:40:00,29.02,70.73,7.31,265.96,1.58,28.05,203.09,186.1,0.074,Normal
2026-04-15 12:45:00,25.62,72.04,17.18,922.58,5.41,2.1,2.56,286.62,0.004,Danger
2026-04-15 12:50:00,30.17,56.92,9.91,306.85,0.4,88.19,158.05,131.61,0.024,Danger
2026-04-15 12:55:00,34.29,74.69,12.7,709.58,2.8,57.67,39.68,239.11,0.051,Warning
2026-04-15 13:00:00,23.4,57.37,2.54,339.3,0.44,14.69,110.96,391.94,0.076,Normal
2026-04-15 13:05:00,36.58,60.19,5.08,740.43,1.95,49.21,8.23,301.89,0.045,Warning
2026-04-15 13:10:00,27.7,61.33,24.81,732.24,0.9,33.77,114.08,309.07,0.08,Warning
2026-04-15 13:15:00,39.06,60.35,44.2,535.12,1.28,6.02,126.6,307.9,0.02,Danger
2026-04-15 13:20:00,26.18,59.67,2.27,64.03,4.66,4.73,105.21,302.45,0.009,Warning
2026-04-15 13:25:00,23.27,59.72,15.07,802.63,4.15,5.29,116.02,182.52,0.052,Warning
2026-04-15 13:30:00,29.69,79.04,24.87,268.76,0.28,6.68,76.45,231.6,0.046,Warning
2026-04-15 13:35:00,32.33,71.12,16.98,11.0,1.66,4.2,145.23,299.48,0.043,Warning
2026-04-15 13:40:00,41.8,80.62,39.8,710.2,3.38,35.42,100.5,165.9,0.043,Danger
2026-04-15 13:45:00,30.64,63.76,20.45,130.99,3.52,22.49,61.26,324.18,0.019,Warning
2026-04-15 13:50:00,28.82,67.84,2.06,101.0,1.46,17.41,55.1,248.54,0.03,Normal
2026-04-15 13:55:00,23.44,66.37,11.67,691.35,0.24,60.83,180.45,217.88,0.054,Warning
2026-04-15 14:00:00,28.84,59.35,16.83,66.81,3.1,10.9,43.65,126.66,0.021,Warning
2026-04-15 14:05:00,30.23,67.85,11.72,913.77,0.27,71.47,101.69,258.65,0.078,Warning
2026-04-15 14:10:00,26.88,61.71,9.47,780.56,3.01,63.91,100.49,338.24,0.028,Warning
2026-04-15 14:15:00,34.94,61.02,15.05,718.51,8.98,52.8,171.43,206.37,0.055,Danger
2026-04-15 14:20:00,29.52,79.08,12.08,898.56,1.9,75.95,6.14,318.31,0.024,Warning
2026-04-15 14:25:00,33.09,55.37,35.73,753.57,0.2,43.12,174.74,176.13,0.019,Danger
2026-04-15 14:30:00,24.64,52.87,6.52,777.44,3.67,47.84,28.98,157.37,0.076,Warning
2026-04-15 14:35:00,27.75,49.56,18.4,681.95,0.86,9.4,10.24,349.52,0.037,Warning
2026-04-15 14:40:00,26.39,64.49,10.85,706.55,5.65,68.94,41.81,274.41,0.095,Danger
2026-04-15 14:45:00,37.63,56.24,26.84,626.96,4.78,69.74,24.1,194.75,0.077,Warning
2026-04-15 14:50:00,30.74,42.73,18.33,698.77,4.52,33.98,189.92,234.23,0.019,Warning
2026-04-15 14:55:00,27.2,52.77,2.68,60.67,1.78,43.48,54.74,251.36,0.026,Normal
2026-04-15 15:00:00,33.34,41.86,29.24,45.33,1.37,8.36,43.93,127.65,0.1,Warning
2026-04-15 15:05:00,23.57,52.92,50.9,596.81,1.76,14.85,56.43,114.99,0.027,Danger
2026-04-15 15:10:00,29.87,77.66,11.22,465.91,0.45,63.84,170.23,313.15,0.053,Warning
2026-04-15 15:15:00,22.01,75.87,16.15,407.42,3.35,28.97,26.92,224.34,0.007,Warning
2026-04-15 15:20:00,30.43,78.3,20.91,538.59,4.01,52.65,5.38,161.82,0.032,Warning
2026-04-15 15:25:00,35.95,47.9,9.32,362.37,0.93,18.33,221.45,153.69,0.046,Warning
2026-04-15 15:30:00,29.96,61.65,16.57,308.65,0.1,45.34,121.96,125.85,0.038,Warning
2026-04-15 15:35:00,27.5,84.55,20.85,176.77,0.33,4.86,116.24,288.79,0.056,Warning
2026-04-15 15:40:00,28.95,63.64,12.42,34.87,1.82,3.09,85.28,443.43,0.059,Warning
2026-04-15 15:45:00,30.07,61.29,29.6,151.31,1.06,18.09,152.16,183.86,0.083,Warning
2026-04-15 15:50:00,29.5,72.74,23.0,817.77,0.81,56.22,106.26,253.45,0.034,Warning
2026-04-15 15:55:00,22.98,56.06,2.19,441.03,0.43,23.2,3.02,211.85,0.041,Normal
2026-04-15 16:00:00,30.91,73.49,32.07,571.25,3.29,32.47,48.54,322.05,0.023,Danger
2026-04-15 16:05:00,19.76,54.59,43.06,411.37,2.82,9.04,136.17,255.66,0.048,Danger
2026-04-15 16:10:00,33.07,60.34,22.44,447.58,1.68,12.74,58.4,206.7,0.084,Warning
2026-04-15 16:15:00,21.58,73.89,19.89,661.16,0.51,42.65,67.86,135.41,0.091,Warning
2026-04-15 16:20:00,33.88,70.03,2.19,743.33,1.85,69.11,76.23,176.24,0.027,Normal
2026-04-15 16:25:00,27.83,61.1,2.0,134.89,2.58,9.41,10.37,361.84,0.043,Warning
2026-04-15 16:30:00,30.29,72.96,14.8,493.22,4.38,16.35,50.33,211.4,0.056,Warning
2026-04-15 16:35:00,19.47,51.47,54.47,645.38,6.45,54.65,119.4,225.27,0.061,Danger
2026-04-15 16:40:00,37.25,73.26,18.34,448.3,3.49,1.28,129.85,194.16,0.039,Warning
2026-04-15 16:45:00,24.86,60.6,1.33,1007.57,0.68,35.39,14.69,253.75,0.059,Normal
2026-04-15 16:50:00,20.74,51.02,4.09,109.03,2.25,29.7,26.31,259.94,0.037,Warning
2026-04-15 16:55:00,29.5,58.72,24.75,990.48,4.32,75.74,60.28,195.94,0.067,Warning
2026-04-15 17:00:00,37.54,71.5,5.52,369.6,3.0,13.41,0.12,226.78,0.05,Warning
2026-04-15 17:05:00,24.58,74.85,6.21,478.23,5.11,15.0,178.04,167.66,0.063,Danger
2026-04-15 17:10:00,34.2,56.7,11.43,452.7,2.63,38.99,11.12,245.2,0.098,Warning
2026-04-15 17:15:00,35.27,72.94,11.14,1138.65,5.09,21.5,102.04,213.29,0.062,Danger
2026-04-15 17:20:00,32.97,72.03,11.39,57.89,2.73,48.27,17.86,242.73,0.09,Warning
2026-04-15 17:25:00,23.98,62.16,44.74,547.31,0.42,19.72,162.59,233.72,0.068,Danger
2026-04-15 17:30:00,31.17,68.17,28.23,411.55,0.83,38.98,66.76,214.15,0.066,Warning
2026-04-15 17:35:00,36.39,63.45,15.17,145.47,1.33,28.85,77.96,221.03,0.072,Warning
2026-04-15 17:40:00,30.29,90.89,19.15,323.95,1.34,41.28,15.67,203.5,0.013,Warning
2026-04-15 17:45:00,27.62,66.94,22.72,194.03,4.42,27.65,123.8,276.96,0.022,Warning
2026-04-15 17:50:00,24.73,68.82,3.8,442.85,4.06,39.17,11.59,245.71,0.022,Warning
2026-04-15 17:55:00,34.35,80.37,1.9,490.65,4.75,20.97,136.15,254.13,0.018,Warning
2026-04-15 18:00:00,30.59,76.27,21.29,987.1,3.31,35.16,15.2,179.95,0.09,Warning
2026-04-15 18:05:00,28.72,61.48,21.87,145.76,6.06,96.18,171.51,282.96,0.044,Danger
2026-04-15 18:10:00,24.62,76.94,33.33,635.03,3.0,32.02,27.41,450.09,0.041,Danger
2026-04-15 18:15:00,27.87,76.21,14.42,494.3,6.24,47.14,152.94,136.58,0.062,Danger
2026-04-15 18:20:00,24.97,60.45,18.51,489.14,3.96,50.83,164.56,142.46,0.121,Warning
2026-04-15 18:25:00,29.88,77.13,35.29,420.4,2.38,14.45,85.06,223.22,0.089,Danger
2026-04-15 18:30:00,38.84,55.33,5.24,190.67,5.47,26.36,83.23,275.0,0.041,Danger
2026-04-15 18:35:00,25.72,65.51,9.66,604.11,2.9,27.45,11.08,262.1,0.077,Warning
2026-04-15 18:40:00,27.22,76.97,19.82,963.15,5.72,15.46,7.82,130.4,0.078,Danger
2026-04-15 18:45:00,28.35,60.96,7.46,1043.59,0.92,20.97,101.6,218.11,0.032,Normal
2026-04-15 18:50:00,28.15,70.65,8.06,987.66,0.33,50.16,95.64,187.85,0.026,Normal
2026-04-15 18:55:00,24.48,67.83,12.8,183.65,7.99,27.04,80.12,354.81,0.08,Danger
2026-04-15 19:00:00,28.51,45.47,26.29,211.15,5.72,11.05,34.81,142.55,0.012,Danger
2026-04-15 19:05:00,29.45,62.98,5.48,1115.9,3.81,20.41,195.73,316.06,0.14,Warning
2026-04-15 19:10:00,29.06,56.89,18.27,70.58,3.39,80.01,12.91,198.91,0.048,Danger
2026-04-15 19:15:00,27.49,49.88,7.3,323.9,6.1,66.21,219.73,314.14,0.056,Danger
2026-04-15 19:20:00,25.63,78.26,21.96,125.59,0.74,30.55,125.2,281.08,0.013,Warning
2026-04-15 19:25:00,26.22,65.39,11.24,285.97,6.56,41.07,68.34,286.63,0.031,Danger
2026-04-15 19:30:00,26.67,54.21,21.76,567.69,2.36,3.32,4.9,236.95,0.079,Warning
2026-04-15 19:35:00,37.84,76.11,25.11,794.65,1.55,8.55,132.44,240.55,0.06,Warning
2026-04-15 19:40:00,34.9,73.24,6.82,503.55,0.76,11.09,91.09,260.69,0.004,Normal
2026-04-15 19:45:00,31.97,78.58,25.61,515.57,6.6,33.1,6.27,260.01,0.109,Danger
2026-04-15 19:50:00,24.54,51.2,27.3,432.78,0.4,30.37,115.01,133.49,0.098,Warning
2026-04-15 19:55:00,29.96,45.38,38.68,870.45,5.69,3.1,53.12,261.01,0.092,Danger
2026-04-15 20:00:00,27.23,57.46,28.91,862.78,1.84,46.82,91.24,229.9,0.025,Warning
2026-04-15 20:05:00,24.23,58.85,4.52,585.04,5.65,28.16,12.07,318.43,0.059,Danger
2026-04-15 20:10:00,32.47,59.81,37.67,838.48,1.45,48.74,190.15,212.77,0.048,Danger
2026-04-15 20:15:00,30.4,54.02,23.83,806.76,1.57,33.59,219.86,217.59,0.061,Warning
2026-04-15 20:20:00,27.15,59.03,21.84,572.41,3.67,23.05,126.51,383.24,0.082,Warning
2026-04-15 20:25:00,31.69,70.05,9.02,452.24,3.48,23.51,159.3,351.37,0.047,Warning
2026-04-15 20:30:00,19.95,85.34,1.95,558.55,4.18,76.36,260.6,220.89,0.086,Warning
2026-04-15 20:35:00,30.99,92.43,37.01,446.76,0.38,85.06,147.47,330.68,0.072,Danger
2026-04-15 20:40:00,18.23,52.42,24.62,1035.66,1.83,63.66,23.44,266.57,0.042,Warning
2026-04-15 20:45:00,35.94,59.6,48.54,407.69,1.21,21.45,17.76,279.65,0.032,Danger
2026-04-15 20:50:00,25.9,73.9,49.22,371.04,2.0,14.74,104.37,233.58,0.041,Danger
2026-04-15 20:55:00,35.95,64.86,51.12,713.66,0.9,97.36,107.81,399.74,0.042,Danger
2026-04-15 21:00:00,31.36,69.32,11.64,881.58,7.8,71.74,161.48,178.44,0.028,Danger
2026-04-15 21:05:00,32.59,70.19,28.6,611.31,4.63,4.12,106.33,305.85,0.091,Warning
2026-04-15 21:10:00,30.22,62.86,13.9,141.92,4.31,38.29,119.1,256.77,0.003,Warning
2026-04-15 21:15:00,22.53,56.46,8.12,944.14,1.67,41.86,206.66,335.85,0.05,Normal
2026-04-15 21:20:00,26.47,69.99,1.29,1044.44,4.6,28.35,131.27,264.26,0.039,Warning
2026-04-15 21:25:00,32.49,62.57,53.73,292.19,3.53,11.31,0.68,107.11,0.062,Danger
2026-04-15 21:30:00,27.34,75.83,23.27,544.47,2.23,43.4,13.79,135.37,0.063,Warning
2026-04-15 21:35:00,23.71,44.09,40.94,331.78,3.23,18.5,7.89,341.54,0.0,Danger
2026-04-15 21:40:00,23.31,74.8,6.01,568.39,0.53,100.82,48.97,272.57,0.095,Danger
2026-04-15 21:45:00,28.13,57.46,30.34,801.22,0.4,78.49,85.12,290.7,0.095,Danger
2026-04-15 21:50:00,33.84,65.0,1.57,1312.55,0.37,32.73,131.0,294.58,0.114,Normal
2026-04-15 21:55:00,30.24,64.05,46.05,459.23,4.63,27.78,172.1,308.04,0.038,Danger
2026-04-15 22:00:00,20.78,48.26,21.81,472.64,5.06,13.6,93.38,318.5,0.065,Danger
2026-04-15 22:05:00,34.51,69.14,8.53,468.21,0.55,29.12,78.42,335.28,0.021,Normal
2026-04-15 22:10:00,30.77,68.21,38.25,4.35,1.02,41.99,255.12,246.89,0.032,Danger
2026-04-15 22:15:00,40.13,73.03,42.47,137.14,3.56,23.33,50.5,296.55,0.07,Danger
2026-04-15 22:20:00,27.59,79.32,7.62,419.01,1.89,10.28,207.73,166.66,0.027,Normal
2026-04-15 22:25:00,24.04,83.84,8.51,269.45,1.14,53.96,146.38,203.99,0.038,Normal
2026-04-15 22:30:00,22.72,66.39,40.65,325.47,3.91,3.28,29.56,304.42,0.12,Danger
2026-04-15 22:35:00,32.72,60.86,8.01,1072.76,2.92,10.64,73.78,267.21,0.064,Warning
2026-04-15 22:40:00,37.56,77.76,18.96,487.55,3.19,4.33,178.0,233.72,0.065,Warning
2026-04-15 22:45:00,38.57,70.53,19.61,344.78,1.77,25.44,133.32,79.25,0.079,Warning
2026-04-15 22:50:00,33.66,65.98,4.34,495.12,3.32,52.95,63.62,371.22,0.062,Warning
2026-04-15 22:55:00,31.16,69.01,4.51,364.7,2.4,7.9,22.35,227.41,0.051,Warning
2026-04-15 23:00:00,41.59,61.75,1.45,454.18,6.5,82.92,274.91,254.88,0.069,Danger
2026-04-15 23:05:00,24.75,61.47,7.3,641.98,2.12,29.05,4.62,318.05,0.022,Warning
2026-04-15 23:10:00,28.74,63.93,25.43,615.24,1.48,42.44,279.98,275.97,0.079,Warning
2026-04-15 23:15:00,36.9,69.92,2.32,7.95,3.12,3.99,208.36,211.99,0.05,Warning
2026-04-15 23:20:00,24.2,61.56,3.86,244.54,1.84,4.28,342.92,316.87,0.083,Normal
2026-04-15 23:25:00,29.45,66.06,6.41,1287.31,1.67,4.15,4.6,276.83,0.093,Normal
2026-04-15 23:30:00,35.43,57.44,0.62,873.88,8.3,14.2,200.66,132.71,0.025,Danger
2026-04-15 23:35:00,24.95,69.12,11.42,571.43,5.66,6.13,89.4,142.97,0.085,Danger
2026-04-15 23:40:00,35.48,68.62,17.4,347.26,2.19,32.22,155.62,411.55,0.038,Warning
2026-04-15 23:45:00,31.35,76.14,37.89,313.26,1.16,1.01,10.18,367.73,0.052,Danger
2026-04-15 23:50:00,29.63,67.48,16.08,433.71,0.28,82.61,22.97,175.56,0.048,Danger
2026-04-15 23:55:00,40.79,56.78,29.19,426.1,2.73,56.89,91.97,178.29,0.077,Warning
2026-04-16 00:00:00,30.49,67.12,29.23,233.12,5.17,52.79,103.83,287.45,0.085,Danger
2026-04-16 00:05:00,27.03,71.61,49.89,692.19,1.33,112.73,103.08,361.89,0.037,Danger
2026-04-16 00:10:00,35.34,59.54,21.47,317.98,7.7,11.15,30.79,257.61,0.066,Danger
2026-04-16 00:15:00,29.87,56.87,35.75,877.75,2.94,15.08,64.06,207.53,0.066,Danger
2026-04-16 00:20:00,39.2,61.19,46.53,59.5,3.37,3.79,127.74,109.46,0.011,Danger
2026-04-16 00:25:00,32.38,58.7,8.54,1050.89,2.41,56.06,4.07,142.7,0.048,Warning
2026-04-16 00:30:00,22.55,58.01,19.76,466.62,3.0,44.01,39.57,174.65,0.015,Warning
2026-04-16 00:35:00,28.15,72.37,44.83,557.14,6.12,35.35,90.74,201.1,0.022,Danger
2026-04-16 00:40:00,36.12,64.47,42.77,215.11,9.29,10.05,10.78,232.84,0.055,Danger
2026-04-16 00:45:00,29.65,59.85,21.07,258.7,5.22,15.19,91.69,165.56,0.047,Danger
2026-04-16 00:50:00,26.2,62.2,0.97,802.92,3.47,108.72,41.83,227.21,0.086,Danger
2026-04-16 00:55:00,31.96,55.58,26.13,618.96,3.38,6.05,99.03,365.7,0.071,Warning
2026-04-16 01:00:00,27.18,57.92,30.95,227.9,0.42,76.37,109.68,189.31,0.014,Danger
2026-04-16 01:05:00,34.2,65.78,10.63,612.19,2.49,23.52,52.42,167.89,0.072,Warning
2026-04-16 01:10:00,32.8,68.82,3.27,729.56,0.89,72.06,5.32,207.98,0.045,Normal
2026-04-16 01:15:00,34.24,64.65,15.75,382.52,2.8,17.17,1.57,260.18,0.055,Warning
2026-04-16 01:20:00,41.75,58.89,1.79,583.71,0.98,22.92,63.69,188.03,0.028,Warning
2026-04-16 01:25:00,23.58,62.5,32.32,647.53,0.33,3.61,138.69,279.74,0.031,Danger
2026-04-16 01:30:00,32.26,80.49,5.24,726.13,1.34,67.02,8.81,189.99,0.084,Normal
2026-04-16 01:35:00,33.61,58.21,17.55,287.01,2.78,27.57,44.36,174.33,0.089,Warning
2026-04-16 01:40:00,25.44,66.44,36.6,423.18,0.2,31.91,125.57,320.12,0.106,Danger
2026-04-16 01:45:00,27.71,66.96,10.38,699.91,2.55,12.85,18.19,222.13,0.057,Warning
2026-04-16 01:50:00,25.17,61.93,15.33,38.11,1.15,6.4,236.82,183.54,0.048,Warning
2026-04-16 01:55:00,24.8,57.24,13.82,701.09,1.98,56.28,126.79,243.97,0.078,Warning
2026-04-16 02:00:00,45.52,69.78,7.4,946.71,2.56,104.44,29.39,352.56,0.05,Danger
2026-04-16 02:05:00,43.28,62.18,75.03,631.95,4.54,88.01,1.22,327.53,0.041,Danger
2026-04-16 02:10:00,30.76,65.83,26.45,659.06,0.27,24.99,153.43,329.21,0.101,Warning
2026-04-16 02:15:00,30.95,48.94,29.86,270.87,2.55,47.42,134.65,336.47,0.054,Warning
2026-04-16 02:20:00,30.87,72.37,13.57,293.63,3.36,25.15,71.91,139.78,0.033,Warning
2026-04-16 02:25:00,27.43,55.16,37.01,805.4,5.94,12.49,36.64,314.29,0.054,Danger
2026-04-16 02:30:00,30.62,39.56,30.13,687.19,1.98,52.63,140.17,194.27,0.043,Danger
2026-04-16 02:35:00,24.96,79.62,34.54,255.82,3.86,31.14,11.4,259.95,0.076,Danger
2026-04-16 02:40:00,34.7,88.32,16.89,428.66,3.69,12.68,21.51,175.94,0.053,Warning
2026-04-16 02:45:00,33.67,48.62,2.6,587.73,1.04,105.97,70.92,429.1,0.091,Danger
2026-04-16 02:50:00,34.55,79.39,23.09,10.98,3.54,39.23,27.16,243.75,0.023,Warning
2026-04-16 02:55:00,34.73,62.86,23.19,497.18,2.38,15.47,37.4,237.7,0.021,Warning
2026-04-16 03:00:00,36.97,51.24,61.74,590.61,2.21,1.61,145.69,233.66,0.059,Danger
2026-04-16 03:05:00,34.21,71.69,39.8,661.35,0.85,63.19,101.1,268.04,0.108,Danger
2026-04-16 03:10:00,29.42,68.74,30.54,654.02,4.53,12.73,17.64,227.56,0.015,Danger
2026-04-16 03:15:00,29.8,58.4,21.44,420.48,1.05,72.43,88.25,319.03,0.056,Warning
2026-04-16 03:20:00,32.32,51.39,40.56,763.6,1.94,31.52,180.26,220.24,0.003,Danger
2026-04-16 03:25:00,28.23,66.52,14.35,895.27,0.88,13.33,25.8,284.3,0.004,Warning
2026-04-16 03:30:00,33.72,55.67,0.46,1031.07,5.7,24.77,51.1,411.15,0.044,Danger
2026-04-16 03:35:00,31.24,74.12,24.26,307.99,1.8,25.23,50.36,276.11,0.051,Warning
2026-04-16 03:40:00,38.34,75.0,9.61,441.18,5.04,31.34,57.11,417.5,0.02,Danger
2026-04-16 03:45:00,42.39,69.28,2.29,210.11,4.33,42.01,115.73,404.69,0.016,Warning
2026-04-16 03:50:00,33.69,56.88,37.66,519.75,1.94,68.29,142.53,185.62,0.104,Danger
2026-04-16 03:55:00,22.32,67.76,1.46,53.83,1.4,18.03,114.97,334.71,0.094,Normal
2026-04-16 04:00:00,31.39,60.57,35.78,315.61,2.79,57.56,212.39,184.26,0.109,Danger
2026-04-16 04:05:00,32.92,69.34,4.67,805.19,2.57,6.41,6.68,145.29,0.076,Warning
2026-04-16 04:10:00,31.71,73.05,9.43,795.52,2.23,1.11,16.11,91.37,0.085,Warning
2026-04-16 04:15:00,35.25,94.27,8.31,299.96,3.1,58.4,152.98,374.14,0.023,Warning
2026-04-16 04:20:00,33.58,59.78,41.87,660.86,2.67,14.75,114.81,156.94,0.017,Danger
2026-04-16 04:25:00,26.8,62.37,18.29,534.36,1.93,33.3,44.98,255.85,0.093,Warning
2026-04-16 04:30:00,29.17,69.95,23.03,758.68,2.86,53.81,130.73,302.58,0.063,Warning
2026-04-16 04:35:00,24.97,53.29,7.94,965.49,1.49,32.38,116.73,265.5,0.053,Normal
2026-04-16 04:40:00,16.63,67.91,18.02,282.4,4.98,26.3,35.15,207.27,0.037,Warning
2026-04-16 04:45:00,30.8,52.99,37.49,155.73,3.18,59.65,36.31,255.64,0.07,Danger
2026-04-16 04:50:00,26.4,66.37,27.96,992.97,0.47,1.48,136.33,266.69,0.046,Warning
2026-04-16 04:55:00,37.96,48.18,13.43,1.26,5.61,40.59,57.07,240.16,0.049,Danger
2026-04-16 05:00:00,18.95,66.88,8.55,712.0,1.44,28.77,209.46,327.96,0.065,Normal
2026-04-16 05:05:00,29.59,50.0,6.22,432.2,1.11,41.34,123.44,155.53,0.096,Normal
2026-04-16 05:10:00,30.74,74.79,34.17,1123.38,2.55,4.4,42.92,369.69,0.01,Danger
2026-04-16 05:15:00,25.61,67.37,11.94,790.29,2.02,17.32,61.3,164.22,0.076,Warning
2026-04-16 05:20:00,29.54,63.66,1.49,389.04,1.06,54.55,183.28,384.4,0.063,Normal
2026-04-16 05:25:00,28.3,60.31,24.81,560.26,1.48,9.52,197.12,215.45,0.09,Warning
2026-04-16 05:30:00,30.91,61.32,0.71,453.64,3.51,4.92,165.03,215.84,0.046,Warning
2026-04-16 05:35:00,23.57,70.59,9.66,973.66,4.11,23.38,202.52,282.41,0.08,Warning
2026-04-16 05:40:00,25.69,69.61,25.05,36.58,6.52,26.41,49.9,22.11,0.064,Danger
2026-04-16 05:45:00,21.78,59.83,31.76,557.62,0.13,43.63,69.24,318.42,0.071,Danger
2026-04-16 05:50:00,38.93,58.47,11.34,592.99,2.63,19.81,5.36,37.73,0.02,Warning
2026-04-16 05:55:00,32.79,67.84,34.31,603.55,4.21,50.59,82.05,252.2,0.037,Danger
2026-04-16 06:00:00,26.72,58.87,12.82,220.9,4.81,15.26,190.24,173.11,0.032,Warning
2026-04-16 06:05:00,26.6,60.04,38.57,401.87,1.1,9.67,54.02,267.32,0.044,Danger
2026-04-16 06:10:00,29.25,75.16,20.47,154.73,1.74,1.53,132.1,258.24,0.084,Warning
2026-04-16 06:15:00,26.3,63.08,6.28,487.46,2.61,32.86,74.45,262.41,0.074,Warning
2026-04-16 06:20:00,31.12,52.23,3.88,475.95,1.02,11.76,242.15,258.03,0.061,Normal
2026-04-16 06:25:00,19.96,72.46,72.04,903.7,0.68,111.24,82.75,274.52,0.042,Danger
2026-04-16 06:30:00,28.53,42.52,30.75,410.9,1.44,30.93,38.54,271.11,0.086,Danger
2026-04-16 06:35:00,32.02,63.47,12.53,560.18,0.5,28.31,148.46,257.0,0.037,Warning
2026-04-16 06:40:00,28.56,71.52,7.0,255.06,2.82,21.36,166.19,356.52,0.096,Warning
2026-04-16 06:45:00,26.55,67.5,6.95,994.29,5.91,26.72,18.06,25.84,0.007,Danger
2026-04-16 06:50:00,20.74,50.54,52.58,111.49,1.18,16.82,339.85,245.0,0.08,Danger
2026-04-16 06:55:00,30.88,45.16,45.65,620.33,1.63,90.41,45.35,238.45,0.04,Danger
2026-04-16 07:00:00,35.38,73.14,20.57,184.47,0.89,22.08,196.04,124.02,0.098,Warning
2026-04-16 07:05:00,36.44,55.81,6.67,286.27,3.29,76.5,198.56,215.37,0.088,Warning
2026-04-16 07:10:00,35.86,63.11,14.81,962.51,5.18,68.99,338.54,293.78,0.06,Danger
2026-04-16 07:15:00,36.79,84.88,2.77,439.44,1.06,33.71,168.93,174.09,0.084,Warning
2026-04-16 07:20:00,27.73,59.65,37.6,312.46,2.21,49.75,66.83,345.84,0.075,Danger
2026-04-16 07:25:00,21.26,78.16,52.99,810.08,5.22,10.09,32.33,267.0,0.078,Danger
2026-04-16 07:30:00,34.47,60.62,4.22,52.95,3.94,4.41,49.9,388.23,0.068,Warning
2026-04-16 07:35:00,31.61,73.3,43.41,14.76,0.3,10.71,17.83,228.78,0.003,Danger
2026-04-16 07:40:00,34.61,59.82,19.02,515.39,3.67,78.44,125.03,227.99,0.062,Warning
2026-04-16 07:45:00,24.1,69.14,40.97,556.93,0.15,6.94,137.62,295.57,0.061,Danger
2026-04-16 07:50:00,29.81,67.03,13.7,385.74,4.27,32.4,209.05,339.35,0.058,Warning
2026-04-16 07:55:00,32.98,55.43,13.45,602.8,2.75,37.18,15.92,182.03,0.034,Warning
2026-04-16 08:00:00,29.85,51.72,32.13,553.23,7.77,32.0,137.08,181.69,0.015,Danger
2026-04-16 08:05:00,33.1,54.07,27.84,1011.96,4.84,42.82,106.95,219.28,0.047,Warning
2026-04-16 08:10:00,27.17,51.85,15.71,832.37,1.87,75.94,201.72,281.76,0.062,Warning
2026-04-16 08:15:00,29.07,65.42,5.73,509.49,2.42,95.25,136.56,233.25,0.047,Danger
2026-04-16 08:20:00,26.43,59.52,33.21,351.81,0.15,3.7,7.08,340.17,0.054,Danger
2026-04-16 08:25:00,28.59,65.29,19.35,275.81,2.17,73.54,178.8,280.22,0.078,Warning
2026-04-16 08:30:00,39.57,59.65,7.4,698.45,2.4,21.52,50.16,303.91,0.036,Warning
2026-04-16 08:35:00,36.0,57.53,29.12,300.08,3.65,20.59,77.59,355.77,0.053,Warning
2026-04-16 08:40:00,35.92,64.74,4.9,551.59,3.86,56.22,132.23,174.81,0.014,Warning
2026-04-16 08:45:00,32.69,78.39,19.33,93.38,0.01,3.27,99.61,244.25,0.065,Warning
2026-04-16 08:50:00,35.0,68.45,32.96,419.09,11.89,42.13,148.4,390.61,0.053,Danger
2026-04-16 08:55:00,26.77,78.06,42.3,546.05,7.28,16.67,173.23,371.24,0.053,Danger
2026-04-16 09:00:00,32.28,75.26,7.68,255.75,6.0,32.27,29.44,257.53,0.065,Danger
2026-04-16 09:05:00,22.15,72.16,23.17,996.53,1.34,75.08,75.54,261.13,0.058,Warning
2026-04-16 09:10:00,40.47,52.61,24.9,512.67,1.91,43.32,190.6,292.53,0.087,Warning
2026-04-16 09:15:00,28.75,64.51,5.02,1094.87,1.44,8.11,140.67,338.57,0.029,Normal
2026-04-16 09:20:00,35.93,61.97,43.61,337.73,4.21,21.71,32.64,136.72,0.028,Danger
2026-04-16 09:25:00,34.96,45.57,21.68,574.07,3.05,11.88,0.12,254.22,0.094,Warning
2026-04-16 09:30:00,35.37,61.4,1.59,32.49,0.86,15.95,76.39,250.14,0.036,Warning
2026-04-16 09:35:00,27.73,58.06,4.75,930.77,3.55,41.25,181.19,323.88,0.093,Warning
2026-04-16 09:40:00,32.94,67.05,3.18,252.75,4.65,15.56,55.99,82.56,0.114,Warning
2026-04-16 09:45:00,25.07,58.14,39.56,137.43,3.59,92.88,291.38,214.2,0.05,Danger
2026-04-16 09:50:00,28.02,64.82,40.97,80.21,3.94,12.18,216.85,355.23,0.038,Danger
2026-04-16 09:55:00,29.45,73.93,34.67,241.75,4.67,85.86,105.56,326.01,0.088,Danger
2026-04-16 10:00:00,31.11,73.14,15.25,484.35,0.02,26.92,268.69,177.8,0.069,Warning
2026-04-16 10:05:00,31.6,79.75,48.26,222.72,0.28,0.78,31.58,218.12,0.06,Danger
2026-04-16 10:10:00,25.74,57.89,0.81,647.79,1.81,10.35,4.19,121.68,0.099,Normal
2026-04-16 10:15:00,28.56,92.1,30.46,1048.78,4.98,26.34,20.23,171.85,0.084,Danger
2026-04-16 10:20:00,31.33,71.17,31.29,606.79,0.58,60.51,60.18,257.25,0.072,Danger
2026-04-16 10:25:00,29.71,46.82,35.81,876.48,3.49,21.73,282.39,268.56,0.05,Danger
2026-04-16 10:30:00,27.87,54.69,11.11,792.33,1.95,44.41,256.57,203.56,0.059,Warning
2026-04-16 10:35:00,35.02,55.67,18.56,1061.7,0.98,62.73,65.89,393.97,0.001,Warning
2026-04-16 10:40:00,30.32,50.21,0.98,287.95,1.2,27.53,72.83,286.84,0.004,Normal
2026-04-16 10:45:00,26.83,90.41,21.58,45.32,2.2,29.04,90.07,203.0,0.116,Warning
2026-04-16 10:50:00,43.09,62.36,32.46,776.95,5.17,5.6,273.94,244.51,0.063,Danger
2026-04-16 10:55:00,30.01,63.6,20.57,144.23,3.91,11.46,8.04,293.8,0.063,Warning
2026-04-16 11:00:00,30.07,79.82,14.88,62.55,1.33,66.84,108.43,242.48,0.067,Warning
2026-04-16 11:05:00,43.26,77.08,17.65,656.23,3.69,21.99,145.1,262.89,0.059,Warning
2026-04-16 11:10:00,30.17,64.95,17.06,183.19,1.31,29.76,18.04,345.67,0.045,Warning
2026-04-16 11:15:00,32.98,66.15,7.3,197.43,0.8,27.33,138.02,259.79,0.069,Normal
2026-04-16 11:20:00,22.4,73.67,7.57,795.05,3.51,54.81,153.7,329.61,0.088,Warning
2026-04-16 11:25:00,26.16,66.79,28.89,720.9,3.23,2.93,178.79,329.51,0.045,Warning
2026-04-16 11:30:00,26.08,57.72,42.3,785.2,1.94,12.03,96.82,243.25,0.014,Danger
2026-04-16 11:35:00,30.79,76.85,4.61,571.58,4.99,28.81,27.6,250.83,0.079,Warning
2026-04-16 11:40:00,31.31,64.97,38.12,654.48,1.61,45.26,174.96,151.01,0.018,Danger
2026-04-16 11:45:00,24.79,63.98,35.2,232.71,3.67,95.7,98.03,217.46,0.113,Danger
2026-04-16 11:50:00,20.54,64.85,22.96,335.09,3.1,112.03,44.45,233.12,0.049,Danger
2026-04-16 11:55:00,24.34,75.55,27.8,775.38,1.65,65.41,181.98,231.41,0.077,Warning
2026-04-16 12:00:00,31.36,49.06,11.34,355.55,2.26,60.85,84.13,214.51,0.025,Warning
2026-04-16 12:05:00,26.11,56.77,16.36,656.95,3.04,27.43,142.17,440.43,0.054,Warning
2026-04-16 12:10:00,35.11,74.64,50.56,668.16,0.53,32.2,105.11,315.21,0.024,Danger
2026-04-16 12:15:00,36.33,65.05,31.79,592.9,2.37,29.35,147.2,406.69,0.011,Danger
2026-04-16 12:20:00,32.7,65.44,11.46,208.98,3.74,15.0,3.44,253.4,0.041,Warning
2026-04-16 12:25:00,21.29,65.88,26.6,335.23,2.79,24.32,184.55,241.7,0.074,Warning
2026-04-16 12:30:00,28.43,84.67,6.26,294.5,1.7,9.12,44.87,308.21,0.042,Normal
2026-04-16 12:35:00,26.41,51.58,17.84,156.73,3.64,46.24,83.26,265.25,0.065,Warning
2026-04-16 12:40:00,34.7,50.31,17.19,950.79,0.47,1.1,143.31,156.46,0.042,Warning
2026-04-16 12:45:00,34.46,50.79,5.0,161.98,0.32,67.43,220.51,270.63,0.066,Normal
2026-04-16 12:50:00,32.52,58.28,19.76,111.41,0.88,16.53,26.1,148.18,0.029,Warning
2026-04-16 12:55:00,35.73,80.57,14.35,674.66,0.31,62.63,9.35,225.33,0.054,Warning
2026-04-16 13:00:00,29.5,62.18,3.51,603.16,2.09,52.08,21.36,415.37,0.041,Warning
2026-04-16 13:05:00,27.6,59.37,5.6,682.17,1.87,59.48,126.44,252.52,0.061,Normal
2026-04-16 13:10:00,35.98,71.57,20.61,626.82,1.46,122.87,132.81,300.23,0.049,Danger
2026-04-16 13:15:00,18.51,62.35,16.52,253.15,0.49,6.43,157.15,350.46,0.055,Warning
2026-04-16 13:20:00,27.16,61.38,16.99,565.41,3.3,2.43,132.93,286.02,0.038,Warning
2026-04-16 13:25:00,21.4,56.15,46.35,8.07,5.95,49.14,2.68,220.02,0.103,Danger
2026-04-16 13:30:00,30.13,62.86,3.71,656.59,0.46,10.84,44.16,307.59,0.073,Normal
2026-04-16 13:35:00,25.55,58.73,0.48,555.01,4.72,27.87,139.06,310.78,0.01,Warning
2026-04-16 13:40:00,26.42,66.98,13.32,761.82,0.17,18.66,48.84,328.16,0.069,Warning
2026-04-16 13:45:00,30.44,78.26,37.9,736.54,1.53,51.33,59.76,218.4,0.03,Danger
2026-04-16 13:50:00,29.14,58.74,18.4,448.12,2.66,42.13,50.56,191.02,0.01,Warning
2026-04-16 13:55:00,33.85,65.79,11.48,851.57,1.87,22.25,16.41,302.48,0.017,Warning
2026-04-16 14:00:00,34.02,72.63,3.46,519.9,0.7,37.1,162.02,169.6,0.011,Normal
2026-04-16 14:05:00,35.48,84.41,24.89,670.53,1.0,27.2,115.07,235.39,0.09,Warning
2026-04-16 14:10:00,30.88,68.06,11.76,481.9,5.66,25.84,96.93,264.58,0.039,Danger
2026-04-16 14:15:00,22.96,80.73,36.37,874.71,1.22,77.8,276.69,333.59,0.099,Danger
2026-04-16 14:20:00,33.99,56.53,25.15,193.9,0.21,32.65,98.2,287.05,0.004,Warning
2026-04-16 14:25:00,29.23,70.49,29.97,744.13,2.75,4.83,130.15,226.02,0.077,Warning
2026-04-16 14:30:00,32.14,64.38,0.38,835.84,3.68,104.12,132.62,298.79,0.006,Danger
2026-04-16 14:35:00,31.55,61.83,31.53,600.41,4.96,105.3,0.16,325.74,0.071,Danger
2026-04-16 14:40:00,39.9,72.05,27.03,755.44,4.76,78.17,1.94,218.61,0.102,Warning
2026-04-16 14:45:00,20.21,64.15,17.99,446.93,6.74,39.04,41.27,199.25,0.058,Danger
2026-04-16 14:50:00,35.83,66.38,12.31,291.41,3.12,32.74,7.58,332.11,0.101,Warning
2026-04-16 14:55:00,30.24,68.02,7.1,721.16,3.39,6.96,5.65,397.81,0.061,Warning
2026-04-16 15:00:00,25.41,73.56,19.59,517.67,4.94,84.51,100.7,360.34,0.046,Danger
2026-04-16 15:05:00,27.87,51.62,18.88,595.18,6.32,34.9,49.72,282.45,0.083,Danger
2026-04-16 15:10:00,34.46,71.21,20.49,325.6,1.1,27.64,119.4,289.86,0.083,Warning
2026-04-16 15:15:00,32.81,75.51,12.39,731.25,1.0,17.59,103.15,252.53,0.087,Warning
2026-04-16 15:20:00,30.35,72.22,20.46,328.87,1.44,67.19,151.67,200.59,0.008,Warning
2026-04-16 15:25:00,31.03,59.18,11.45,63.67,5.12,16.12,85.47,183.37,0.042,Danger
2026-04-16 15:30:00,30.61,58.87,10.68,915.89,3.25,27.38,1.45,356.92,0.045,Warning
2026-04-16 15:35:00,24.76,62.84,21.99,1332.69,4.33,27.96,210.52,129.28,0.05,Warning
2026-04-16 15:40:00,27.58,58.6,11.56,400.2,5.17,73.13,122.63,231.11,0.058,Danger
2026-04-16 15:45:00,34.03,75.02,22.4,958.3,0.15,65.6,150.44,201.2,0.057,Warning
2026-04-16 15:50:00,31.51,63.58,11.94,42.55,0.07,10.47,22.74,181.55,0.082,Warning
2026-04-16 15:55:00,29.48,86.67,19.45,812.05,1.38,6.47,106.28,353.64,0.047,Warning
2026-04-16 16:00:00,32.23,67.58,13.04,485.95,1.0,19.56,145.33,273.66,0.056,Warning
2026-04-16 16:05:00,33.63,66.95,15.28,720.55,2.41,10.54,126.83,247.18,0.042,Warning
2026-04-16 16:10:00,30.78,66.67,7.07,599.97,7.54,19.18,29.74,472.4,0.025,Danger
2026-04-16 16:15:00,36.43,62.71,16.2,460.65,3.28,43.19,98.63,217.73,0.006,Warning
2026-04-16 16:20:00,35.6,43.92,57.97,685.09,2.08,73.52,4.96,193.61,0.004,Danger
2026-04-16 16:25:00,25.68,57.54,31.36,850.16,1.72,30.82,104.03,271.95,0.115,Danger
2026-04-16 16:30:00,21.1,54.85,29.55,753.56,0.82,78.94,1.56,383.88,0.064,Warning
2026-04-16 16:35:00,36.36,68.71,28.14,713.04,5.43,18.69,9.99,243.68,0.03,Danger
2026-04-16 16:40:00,26.99,81.55,27.45,673.02,5.22,44.7,266.71,82.43,0.02,Danger
2026-04-16 16:45:00,26.5,51.24,17.26,547.98,7.93,56.15,29.25,289.55,0.005,Danger
2026-04-16 16:50:00,30.71,65.89,3.04,439.64,0.08,17.3,147.45,332.71,0.065,Normal
2026-04-16 16:55:00,27.81,58.37,6.86,434.0,0.62,62.15,59.77,311.19,0.008,Normal
2026-04-16 17:00:00,26.56,73.59,32.47,139.24,2.91,33.17,9.18,278.56,0.003,Danger
2026-04-16 17:05:00,25.37,70.99,15.59,524.43,1.47,41.48,138.51,313.32,0.054,Warning
2026-04-16 17:10:00,28.06,59.43,6.14,379.16,0.18,84.06,24.69,332.99,0.042,Danger
2026-04-16 17:15:00,28.97,69.01,13.37,260.01,1.72,4.79,10.92,355.37,0.032,Warning
2026-04-16 17:20:00,18.11,61.66,31.15,989.08,1.31,0.68,78.55,283.2,0.016,Danger
2026-04-16 17:25:00,28.78,64.5,15.92,456.64,0.81,33.55,75.54,246.24,0.018,Warning
2026-04-16 17:30:00,33.2,55.52,47.33,146.22,4.29,56.33,145.83,205.62,0.018,Danger
2026-04-16 17:35:00,33.65,64.78,43.02,449.84,2.73,9.27,7.39,217.46,0.014,Danger
2026-04-16 17:40:00,31.94,61.92,13.0,1347.12,0.79,32.55,74.59,342.61,0.057,Warning
2026-04-16 17:45:00,28.64,87.93,2.19,441.85,4.75,12.73,156.56,211.64,0.08,Warning
2026-04-16 17:50:00,34.89,64.1,5.01,382.56,1.96,55.53,112.06,293.03,0.06,Normal
2026-04-16 17:55:00,34.23,63.0,18.3,508.51,0.69,60.47,179.06,346.46,0.027,Warning
2026-04-16 18:00:00,31.75,75.92,45.06,47.41,1.99,12.43,239.08,73.25,0.019,Danger
2026-04-16 18:05:00,37.17,60.3,11.03,953.61,2.3,60.88,76.03,134.6,0.056,Warning
2026-04-16 18:10:00,25.76,67.72,51.04,453.5,6.88,32.97,175.59,61.74,0.069,Danger
2026-04-16 18:15:00,32.41,61.4,52.91,352.04,2.83,51.28,62.37,256.13,0.09,Danger
2026-04-16 18:20:00,32.49,62.53,7.98,879.6,1.66,51.0,299.36,293.47,0.043,Normal
2026-04-16 18:25:00,29.2,60.2,1.98,535.33,4.04,84.43,115.65,54.88,0.099,Danger
2026-04-16 18:30:00,30.29,66.1,25.03,443.94,7.93,39.67,35.24,221.35,0.046,Danger
2026-04-16 18:35:00,26.11,81.89,17.48,148.85,3.22,77.56,186.08,189.22,0.017,Warning
2026-04-16 18:40:00,37.14,48.76,22.42,329.44,5.94,22.19,0.35,299.36,0.074,Danger
2026-04-16 18:45:00,36.8,69.73,21.99,814.73,2.11,15.19,48.68,35.14,0.075,Warning
2026-04-16 18:50:00,37.15,70.56,22.6,525.49,2.17,87.81,234.92,203.2,0.083,Danger
2026-04-16 18:55:00,36.15,71.5,22.75,605.98,2.45,42.83,158.33,161.97,0.008,Warning
2026-04-16 19:00:00,19.62,60.24,22.49,636.48,4.55,4.34,90.73,317.67,0.064,Warning
2026-04-16 19:05:00,27.08,68.0,24.68,500.04,0.14,80.74,17.72,259.33,0.037,Danger
2026-04-16 19:10:00,27.21,68.77,6.64,1055.6,3.92,45.25,71.52,245.97,0.059,Warning
2026-04-16 19:15:00,34.99,67.65,35.03,513.92,1.1,16.43,195.29,217.15,0.018,Danger
2026-04-16 19:20:00,33.1,68.37,0.42,430.08,1.45,20.26,144.66,217.58,0.071,Normal
2026-04-16 19:25:00,27.33,81.66,48.76,243.08,1.68,59.13,105.79,294.13,0.03,Danger
2026-04-16 19:30:00,29.34,61.55,21.08,126.28,1.7,30.23,28.44,242.21,0.065,Warning
2026-04-16 19:35:00,32.95,72.61,14.66,879.23,0.07,2.87,106.87,223.04,0.061,Warning
2026-04-16 19:40:00,32.74,57.37,11.33,453.76,4.87,1.39,29.13,168.27,0.023,Warning
2026-04-16 19:45:00,23.25,57.97,46.87,707.27,5.83,18.01,114.77,275.31,0.106,Danger
2026-04-16 19:50:00,27.57,66.02,16.39,508.46,1.63,63.72,23.73,160.66,0.003,Warning
2026-04-16 19:55:00,26.38,70.09,2.34,844.55,0.91,33.05,129.75,372.71,0.029,Normal
2026-04-16 20:00:00,32.21,55.53,49.44,188.09,3.15,82.38,39.65,297.61,0.02,Danger
2026-04-16 20:05:00,41.64,46.09,15.35,163.54,1.27,40.83,259.97,342.41,0.057,Warning
2026-04-16 20:10:00,30.05,58.94,22.82,437.36,2.57,9.64,40.18,252.04,0.05,Warning
2026-04-16 20:15:00,27.02,57.33,26.17,636.48,7.63,75.24,39.38,234.73,0.009,Danger
2026-04-16 20:20:00,20.8,86.95,44.61,311.06,5.73,75.67,112.05,318.05,0.035,Danger
2026-04-16 20:25:00,31.92,95.1,46.71,461.54,6.27,56.88,130.36,292.2,0.071,Danger
2026-04-16 20:30:00,27.46,68.82,32.12,196.89,1.05,16.13,146.21,360.23,0.032,Danger
2026-04-16 20:35:00,24.56,66.17,8.06,432.07,1.0,43.2,111.52,262.91,0.099,Normal
2026-04-16 20:40:00,31.35,60.82,9.1,270.71,1.06,35.57,193.42,192.54,0.059,Normal
2026-04-16 20:45:00,28.5,64.71,38.08,553.0,0.77,2.56,165.99,288.65,0.078,Danger
2026-04-16 20:50:00,28.81,51.04,25.13,575.85,2.84,35.27,15.98,174.93,0.062,Warning
2026-04-16 20:55:00,32.17,64.57,34.35,947.21,3.06,46.84,25.84,191.97,0.08,Danger
2026-04-16 21:00:00,25.63,71.97,49.39,696.04,1.76,33.61,96.33,330.73,0.045,Danger
2026-04-16 21:05:00,35.11,68.65,20.83,404.96,2.37,3.0,36.69,296.04,0.05,Warning
2026-04-16 21:10:00,35.42,67.81,4.91,255.54,0.19,26.43,42.72,163.88,0.08,Warning
2026-04-16 21:15:00,30.76,67.75,1.45,187.52,1.51,61.13,157.98,193.68,0.042,Normal
2026-04-16 21:20:00,32.13,62.75,8.37,951.71,2.6,69.46,167.46,133.25,0.088,Warning
2026-04-16 21:25:00,31.88,67.83,3.62,252.38,0.87,15.09,200.77,190.58,0.065,Normal
2026-04-16 21:30:00,35.03,56.19,22.53,231.84,1.48,1.65,10.46,262.62,0.014,Warning
2026-04-16 21:35:00,34.65,54.18,10.34,424.31,0.88,34.22,88.48,119.81,0.08,Warning
2026-04-16 21:40:00,28.61,67.41,59.04,885.93,2.63,34.92,55.63,342.96,0.038,Danger
2026-04-16 21:45:00,29.16,53.55,23.92,842.42,6.57,2.07,144.49,242.39,0.076,Danger
2026-04-16 21:50:00,29.98,56.76,41.4,529.56,0.95,27.11,6.34,283.22,0.044,Danger
2026-04-16 21:55:00,26.03,88.77,5.15,605.99,2.17,21.02,46.27,142.6,0.112,Warning
2026-04-16 22:00:00,28.66,63.17,53.9,252.81,5.88,43.7,117.9,220.31,0.063,Danger
2026-04-16 22:05:00,30.18,65.38,2.86,286.14,1.07,98.45,10.77,211.42,0.051,Danger
2026-04-16 22:10:00,22.68,69.32,10.76,173.83,1.41,45.62,206.83,291.73,0.078,Warning
2026-04-16 22:15:00,34.16,63.32,14.41,804.11,6.92,30.32,332.0,144.75,0.036,Danger
2026-04-16 22:20:00,30.37,66.66,54.28,803.57,3.24,61.42,114.58,195.97,0.065,Danger
2026-04-16 22:25:00,30.34,56.57,40.26,483.66,1.36,18.51,133.5,333.95,0.064,Danger
2026-04-16 22:30:00,32.43,56.9,16.86,400.97,1.42,15.53,14.01,310.13,0.02,Warning
2026-04-16 22:35:00,23.51,57.15,32.67,601.75,3.35,43.89,75.15,216.61,0.043,Danger
2026-04-16 22:40:00,23.33,66.73,10.35,395.0,0.95,50.8,83.97,306.48,0.014,Warning
2026-04-16 22:45:00,29.46,70.3,39.85,158.24,0.52,40.21,241.16,272.87,0.017,Danger
2026-04-16 22:50:00,24.55,66.35,22.15,433.62,1.24,64.06,45.13,292.16,0.003,Warning
2026-04-16 22:55:00,36.01,58.15,41.89,683.82,2.29,29.82,245.65,202.17,0.1,Danger
2026-04-16 23:00:00,31.93,78.4,18.19,462.81,7.51,48.86,56.47,283.91,0.033,Danger
2026-04-16 23:05:00,30.54,76.96,11.76,237.64,0.9,22.94,0.76,135.38,0.014,Warning
2026-04-16 23:10:00,35.88,63.58,16.16,210.02,0.26,4.55,52.32,117.33,0.083,Warning
2026-04-16 23:15:00,29.92,67.02,33.29,751.32,0.27,44.18,139.42,275.28,0.082,Danger
2026-04-16 23:20:00,34.0,72.27,42.31,508.6,2.17,52.77,62.15,288.53,0.033,Danger
2026-04-16 23:25:00,18.6,70.98,15.97,290.27,4.46,53.27,197.53,88.42,0.059,Warning
2026-04-16 23:30:00,28.71,74.88,44.53,107.33,2.05,53.31,46.2,389.66,0.038,Danger
2026-04-16 23:35:00,28.5,54.27,18.08,405.46,1.26,70.76,59.68,120.54,0.083,Warning
2026-04-16 23:40:00,36.26,51.44,49.65,629.74,5.15,11.67,228.91,228.56,0.041,Danger
2026-04-16 23:45:00,32.41,61.08,15.41,539.53,1.05,10.72,204.05,441.39,0.022,Warning
2026-04-16 23:50:00,30.99,61.02,60.77,647.52,4.78,67.27,93.02,235.09,0.096,Danger
2026-04-16 23:55:00,33.89,56.54,0.52,383.1,5.48,78.94,295.17,193.3,0.054,Danger
2026-04-17 00:00:00,28.0,63.18,33.6,486.24,5.95,0.65,154.14,214.58,0.005,Danger
2026-04-17 00:05:00,24.89,66.24,53.43,362.12,1.49,39.59,20.06,211.3,0.052,Danger
2026-04-17 00:10:00,27.82,47.17,2.0,684.48,3.94,73.45,205.55,177.98,0.028,Warning
2026-04-17 00:15:00,26.49,63.48,2.53,447.64,0.62,51.38,14.81,170.19,0.066,Normal
2026-04-17 00:20:00,33.61,62.75,32.38,739.04,7.7,49.32,250.72,254.95,0.092,Danger
2026-04-17 00:25:00,37.1,63.57,1.23,346.2,3.25,25.99,34.63,345.78,0.07,Warning
2026-04-17 00:30:00,18.24,51.67,58.18,853.87,0.25,39.54,44.95,290.73,0.109,Danger
2026-04-17 00:35:00,39.57,49.24,9.08,242.89,2.41,33.24,25.42,180.62,0.066,Warning
2026-04-17 00:40:00,27.43,61.29,25.22,992.76,8.35,38.24,71.14,355.3,0.085,Danger
2026-04-17 00:45:00,34.41,49.21,39.16,607.46,0.68,6.88,138.2,49.07,0.046,Danger
2026-04-17 00:50:00,26.72,57.43,5.86,56.18,5.16,65.12,96.93,182.2,0.11,Danger
2026-04-17 00:55:00,30.11,43.77,25.94,172.23,4.95,44.71,227.26,264.96,0.075,Warning
2026-04-17 01:00:00,30.21,59.1,36.32,130.85,1.89,2.74,164.21,174.27,0.038,Danger
2026-04-17 01:05:00,30.22,79.88,4.35,379.73,2.04,19.32,121.3,252.57,0.051,Warning
2026-04-17 01:10:00,38.71,48.28,61.36,853.48,1.02,35.65,11.72,275.54,0.114,Danger
2026-04-17 01:15:00,26.77,62.68,0.14,321.17,0.79,23.8,53.64,254.34,0.038,Normal
2026-04-17 01:20:00,18.5,63.46,14.05,1069.26,2.08,57.42,37.43,353.85,0.022,Warning
2026-04-17 01:25:00,32.52,73.4,28.87,1149.24,0.25,76.55,195.56,253.96,0.105,Warning
2026-04-17 01:30:00,29.27,65.22,14.89,118.04,4.28,44.22,69.53,391.0,0.037,Warning
2026-04-17 01:35:00,21.35,84.02,35.22,687.81,0.98,33.68,46.04,231.99,0.023,Danger
2026-04-17 01:40:00,31.31,74.23,5.95,717.47,2.6,47.35,55.78,306.32,0.029,Warning
2026-04-17 01:45:00,21.59,50.46,4.94,16.24,6.65,16.69,171.93,312.97,0.05,Danger
2026-04-17 01:50:00,47.68,94.28,42.84,228.44,6.3,49.94,219.67,45.51,0.04,Danger
2026-04-17 01:55:00,36.05,68.85,14.57,551.09,3.16,28.19,39.27,318.41,0.084,Warning
2026-04-17 02:00:00,29.23,80.2,11.87,353.06,6.07,72.82,17.99,188.78,0.103,Danger
2026-04-17 02:05:00,29.49,65.03,9.96,896.48,8.43,22.8,321.77,205.64,0.042,Danger
2026-04-17 02:10:00,33.37,56.83,28.2,344.45,2.63,49.7,47.62,283.41,0.009,Warning
2026-04-17 02:15:00,30.89,66.81,11.65,222.13,2.72,14.31,178.17,146.58,0.053,Warning
2026-04-17 02:20:00,23.64,62.63,6.9,224.82,1.99,2.63,226.67,344.33,0.074,Normal
2026-04-17 02:25:00,33.92,66.3,41.1,411.79,8.36,17.69,32.88,138.4,0.013,Danger
2026-04-17 02:30:00,21.85,67.14,32.08,510.24,2.16,1.21,164.15,222.65,0.026,Danger
2026-04-17 02:35:00,22.43,60.77,0.95,474.09,3.43,8.7,98.48,287.76,0.013,Warning
2026-04-17 02:40:00,39.43,57.59,25.33,159.2,2.33,25.87,245.91,231.39,0.089,Warning
2026-04-17 02:45:00,31.45,83.52,20.6,644.65,6.02,17.68,182.1,365.65,0.072,Danger
2026-04-17 02:50:00,28.55,70.45,65.33,522.61,4.88,2.83,187.04,322.48,0.032,Danger
2026-04-17 02:55:00,33.89,73.25,29.8,487.66,5.69,17.4,80.97,258.91,0.085,Danger
2026-04-17 03:00:00,25.17,67.41,5.15,532.84,3.18,31.14,206.41,284.23,0.024,Warning
2026-04-17 03:05:00,28.29,79.94,23.32,210.54,0.35,44.99,154.48,279.03,0.041,Warning
2026-04-17 03:10:00,34.05,61.88,2.09,975.98,3.47,11.39,93.43,252.18,0.04,Warning
2026-04-17 03:15:00,31.17,55.71,32.47,498.15,2.83,10.87,18.41,10.77,0.045,Danger
2026-04-17 03:20:00,35.18,63.92,29.16,502.55,0.63,9.26,48.28,324.06,0.072,Warning
2026-04-17 03:25:00,28.61,44.76,24.44,228.57,2.43,41.65,89.2,239.49,0.022,Warning
2026-04-17 03:30:00,38.09,61.74,9.81,660.4,1.85,34.56,34.44,238.63,0.007,Warning
2026-04-17 03:35:00,28.81,79.45,15.12,394.78,4.37,20.32,126.62,280.68,0.032,Warning
2026-04-17 03:40:00,19.28,52.58,40.13,763.69,1.73,26.49,22.76,353.25,0.028,Danger
2026-04-17 03:45:00,32.19,51.72,11.44,874.53,0.84,49.97,28.08,177.85,0.05,Warning
2026-04-17 03:50:00,34.86,62.02,27.37,843.24,0.31,41.01,44.45,351.85,0.026,Warning
2026-04-17 03:55:00,35.07,62.37,50.12,1173.63,5.09,45.86,160.32,254.89,0.077,Danger
2026-04-17 04:00:00,32.51,57.76,14.72,778.94,7.58,6.8,162.52,458.23,0.044,Danger
2026-04-17 04:05:00,29.15,70.6,9.31,901.77,0.79,18.76,64.24,231.15,0.02,Normal
2026-04-17 04:10:00,31.73,48.36,34.6,238.65,7.35,74.83,133.56,126.96,0.031,Danger
2026-04-17 04:15:00,25.52,57.29,46.54,454.21,0.03,9.92,26.82,292.61,0.001,Danger
2026-04-17 04:20:00,30.49,69.24,19.71,74.74,1.86,77.64,200.27,201.32,0.092,Warning
2026-04-17 04:25:00,28.4,61.72,16.88,751.84,0.17,4.08,44.82,278.08,0.078,Warning
2026-04-17 04:30:00,34.97,51.33,7.34,873.64,2.7,21.36,81.05,293.32,0.059,Warning
2026-04-17 04:35:00,27.12,73.81,9.06,896.64,0.69,41.92,63.52,211.89,0.091,Normal
2026-04-17 04:40:00,33.71,64.41,49.9,793.92,0.42,70.41,90.69,360.68,0.068,Danger
2026-04-17 04:45:00,37.87,59.02,12.66,472.12,2.72,50.7,243.24,397.42,0.1,Warning
2026-04-17 04:50:00,33.35,61.58,19.52,696.57,2.41,16.55,33.76,319.44,0.043,Warning
2026-04-17 04:55:00,30.12,64.22,2.84,448.62,0.63,7.67,25.83,241.95,0.069,Normal
2026-04-17 05:00:00,35.6,51.06,47.13,587.88,1.38,3.85,107.74,120.26,0.102,Danger
2026-04-17 05:05:00,26.5,70.37,12.78,505.34,3.1,63.36,211.85,242.1,0.035,Warning
2026-04-17 05:10:00,32.34,57.79,19.16,450.38,4.13,11.44,23.0,278.99,0.042,Warning
2026-04-17 05:15:00,20.9,66.98,4.25,603.73,0.57,28.26,198.01,317.45,0.05,Normal
2026-04-17 05:20:00,32.19,73.1,14.8,137.45,2.9,60.09,139.32,254.74,0.067,Warning
2026-04-17 05:25:00,28.88,75.44,41.94,111.15,5.35,109.49,132.56,328.7,0.031,Danger
2026-04-17 05:30:00,27.48,62.9,6.95,106.45,1.48,53.46,49.85,264.33,0.054,Normal
2026-04-17 05:35:00,28.49,69.97,23.05,388.27,5.18,42.42,237.35,244.69,0.04,Danger
2026-04-17 05:40:00,28.96,76.78,12.03,473.71,7.88,33.78,115.68,245.08,0.042,Danger
2026-04-17 05:45:00,25.23,58.36,6.84,648.72,4.56,51.15,40.16,293.83,0.069,Warning
2026-04-17 05:50:00,22.68,73.74,14.72,724.12,0.56,35.6,49.13,228.86,0.04,Warning
2026-04-17 05:55:00,28.05,81.93,19.0,246.54,0.74,20.96,151.1,319.23,0.082,Warning
2026-04-17 06:00:00,32.41,47.7,18.29,844.19,5.25,45.44,2.03,224.2,0.038,Danger
2026-04-17 06:05:00,24.88,67.59,58.11,351.31,5.89,15.41,73.67,329.0,0.043,Danger
2026-04-17 06:10:00,36.36,79.71,9.43,902.9,0.63,15.67,187.23,126.18,0.05,Warning
2026-04-17 06:15:00,36.25,78.17,6.35,802.77,1.37,6.69,103.04,280.22,0.019,Warning
2026-04-17 06:20:00,39.31,46.23,16.08,558.77,3.24,72.97,5.95,257.88,0.06,Warning
2026-04-17 06:25:00,22.73,54.28,46.26,480.25,6.09,7.92,76.71,267.55,0.01,Danger
2026-04-17 06:30:00,29.85,56.67,19.42,651.9,3.2,76.16,299.06,159.31,0.039,Warning
2026-04-17 06:35:00,33.72,63.73,39.46,442.24,5.7,35.79,102.05,97.41,0.076,Danger
2026-04-17 06:40:00,31.21,59.32,6.64,50.28,5.02,11.97,130.03,173.05,0.116,Danger
2026-04-17 06:45:00,37.8,85.74,58.81,309.64,0.65,101.05,65.89,316.66,0.031,Danger
2026-04-17 06:50:00,26.98,73.3,24.4,734.95,3.57,1.21,82.42,264.47,0.057,Warning
2026-04-17 06:55:00,33.45,56.85,68.95,438.32,1.61,97.79,102.9,404.74,0.053,Danger
2026-04-17 07:00:00,27.35,53.8,10.38,397.45,2.83,44.9,106.6,209.18,0.09,Warning
2026-04-17 07:05:00,43.37,79.95,7.81,650.62,3.7,84.15,46.18,172.81,0.084,Danger
2026-04-17 07:10:00,32.03,53.91,29.11,1051.48,0.08,15.64,83.01,304.42,0.048,Warning
2026-04-17 07:15:00,35.67,67.61,35.23,283.75,1.68,6.4,54.64,282.75,0.011,Danger
2026-04-17 07:20:00,27.74,62.14,5.93,408.09,2.01,70.77,24.07,278.59,0.067,Warning
2026-04-17 07:25:00,29.89,60.02,7.78,1069.57,2.22,7.38,292.16,267.78,0.126,Warning
2026-04-17 07:30:00,22.92,62.63,12.4,463.36,1.62,1.68,85.39,217.26,0.047,Warning
2026-04-17 07:35:00,26.22,79.43,7.17,563.71,1.58,13.4,7.17,239.46,0.055,Normal
2026-04-17 07:40:00,24.47,60.86,4.82,189.41,5.4,35.68,87.47,385.85,0.086,Danger
2026-04-17 07:45:00,32.13,64.84,29.73,610.82,6.27,14.65,180.11,223.94,0.107,Danger
2026-04-17 07:50:00,29.19,48.81,16.55,729.38,6.89,19.85,94.44,289.74,0.064,Danger
2026-04-17 07:55:00,22.94,61.7,9.3,746.94,0.76,2.58,91.46,139.75,0.107,Normal
2026-04-17 08:00:00,34.67,57.98,7.35,187.95,3.76,20.42,55.07,114.73,0.066,Warning
2026-04-17 08:05:00,32.89,63.15,18.87,738.72,2.5,51.23,36.8,280.3,0.056,Warning
2026-04-17 08:10:00,36.01,65.3,13.05,332.86,6.47,74.25,131.12,248.37,0.044,Danger
2026-04-17 08:15:00,28.35,64.44,24.57,261.49,2.41,34.03,15.38,290.31,0.061,Warning
2026-04-17 08:20:00,26.01,53.12,1.24,540.61,1.77,75.76,43.29,178.87,0.07,Normal
2026-04-17 08:25:00,25.1,57.09,0.55,399.21,3.7,57.6,171.67,400.83,0.095,Warning
2026-04-17 08:30:00,28.33,76.09,13.05,372.21,0.27,9.3,112.9,376.49,0.072,Warning
2026-04-17 08:35:00,26.14,54.56,26.37,770.71,5.68,9.25,126.95,318.47,0.009,Danger
2026-04-17 08:40:00,31.39,74.04,25.21,475.81,9.83,97.22,80.94,234.82,0.071,Danger
2026-04-17 08:45:00,29.71,77.72,10.35,427.79,4.06,60.15,68.09,173.67,0.0,Warning
2026-04-17 08:50:00,25.63,52.23,25.78,568.7,1.54,21.04,199.42,166.62,0.008,Warning
2026-04-17 08:55:00,33.55,61.09,5.37,666.2,3.9,14.3,158.87,270.73,0.097,Warning
2026-04-17 09:00:00,27.13,57.08,50.69,688.23,9.14,26.43,102.66,365.59,0.046,Danger
2026-04-17 09:05:00,31.24,40.79,49.75,617.26,1.68,56.29,38.15,205.89,0.067,Danger
2026-04-17 09:10:00,30.22,69.47,19.99,689.16,1.96,71.13,31.61,254.62,0.032,Warning
2026-04-17 09:15:00,28.56,67.29,29.7,770.37,3.3,3.83,116.94,269.22,0.052,Warning
2026-04-17 09:20:00,32.67,52.24,25.54,857.0,1.61,36.64,6.76,350.98,0.061,Warning
2026-04-17 09:25:00,29.1,67.86,19.83,611.94,6.46,32.61,98.61,224.64,0.082,Danger
2026-04-17 09:30:00,36.16,60.68,22.17,569.66,3.21,10.91,194.28,295.22,0.086,Warning
2026-04-17 09:35:00,24.42,54.43,56.19,844.14,0.45,54.73,33.42,114.1,0.013,Danger
2026-04-17 09:40:00,29.89,80.61,45.43,878.04,4.49,32.69,195.2,89.13,0.08,Danger
2026-04-17 09:45:00,24.39,55.87,28.92,778.62,0.17,45.85,136.29,225.15,0.055,Warning
2026-04-17 09:50:00,40.4,62.18,10.06,545.0,1.45,51.62,226.92,230.27,0.024,Warning
2026-04-17 09:55:00,39.87,66.2,19.09,1058.68,5.38,84.05,223.42,461.6,0.019,Danger
2026-04-17 10:00:00,26.02,60.08,4.58,536.89,0.53,27.58,7.44,226.5,0.084,Normal
2026-04-17 10:05:00,27.12,73.1,11.43,459.67,1.6,4.4,8.17,170.09,0.029,Warning
2026-04-17 10:10:00,25.06,56.03,12.18,138.82,4.63,118.44,73.68,371.96,0.045,Danger
2026-04-17 10:15:00,29.28,68.07,27.8,126.0,0.86,32.19,113.35,353.79,0.082,Warning
2026-04-17 10:20:00,19.49,56.21,17.1,752.55,6.58,5.49,313.82,246.1,0.043,Danger
2026-04-17 10:25:00,32.81,68.11,20.1,1098.85,2.74,19.37,3.98,367.81,0.071,Warning
2026-04-17 10:30:00,22.22,48.94,15.5,684.95,0.03,47.21,32.52,381.66,0.065,Warning
2026-04-17 10:35:00,35.0,76.65,2.48,388.09,1.5,36.67,188.95,399.59,0.074,Warning
2026-04-17 10:40:00,34.11,84.27,10.9,856.7,3.73,44.6,58.55,138.46,0.06,Warning
2026-04-17 10:45:00,31.75,59.25,13.07,235.43,0.62,0.76,52.84,203.32,0.071,Warning
2026-04-17 10:50:00,37.28,85.75,7.0,860.03,3.01,10.51,120.22,338.17,0.035,Warning
2026-04-17 10:55:00,27.39,60.9,2.46,859.66,0.29,3.5,111.12,268.43,0.038,Normal
2026-04-17 11:00:00,38.42,58.69,11.58,78.03,1.09,32.92,11.63,93.53,0.023,Warning
2026-04-17 11:05:00,29.62,62.56,6.7,402.53,0.49,18.62,68.98,272.0,0.044,Normal
2026-04-17 11:10:00,27.83,72.78,27.06,490.27,5.59,23.31,63.88,244.51,0.055,Danger
2026-04-17 11:15:00,25.41,46.26,20.63,750.21,1.0,62.92,84.65,205.3,0.101,Warning
2026-04-17 11:20:00,31.78,61.98,20.05,858.9,2.34,72.71,31.0,306.67,0.032,Warning
2026-04-17 11:25:00,38.42,64.69,11.58,641.02,5.9,67.53,89.35,314.97,0.037,Danger
2026-04-17 11:30:00,32.96,68.63,42.91,199.82,2.62,26.6,77.09,257.15,0.086,Danger
2026-04-17 11:35:00,31.77,41.67,53.95,71.96,4.87,42.57,222.34,227.76,0.062,Danger
2026-04-17 11:40:00,20.07,72.3,23.33,685.2,4.85,27.14,58.93,185.13,0.037,Warning
2026-04-17 11:45:00,36.03,56.62,21.86,203.74,3.82,7.89,140.45,89.96,0.039,Warning
2026-04-17 11:50:00,31.32,75.05,19.22,657.81,5.57,19.82,170.11,265.23,0.042,Danger
2026-04-17 11:55:00,34.11,84.13,3.84,473.68,0.97,26.21,64.36,342.68,0.093,Normal
2026-04-17 12:00:00,33.94,75.47,0.9,213.52,3.31,20.8,279.92,96.27,0.069,Warning
2026-04-17 12:05:00,33.02,57.38,4.35,398.22,2.92,78.29,350.07,222.7,0.031,Warning
2026-04-17 12:10:00,23.45,54.04,3.21,862.63,11.58,8.91,10.21,156.56,0.064,Danger
2026-04-17 12:15:00,31.72,66.01,6.11,907.76,4.29,48.83,117.02,234.85,0.029,Warning
2026-04-17 12:20:00,32.6,69.23,26.34,30.67,3.02,7.65,7.86,308.27,0.055,Warning
2026-04-17 12:25:00,41.77,69.84,9.06,467.51,1.52,69.23,111.5,276.57,0.018,Warning
2026-04-17 12:30:00,33.9,55.65,3.92,537.63,0.26,11.69,74.99,330.8,0.077,Normal
2026-04-17 12:35:00,33.54,69.86,5.49,836.26,3.21,37.35,164.13,242.78,0.028,Warning
2026-04-17 12:40:00,29.81,57.42,25.29,783.72,3.34,35.49,156.03,320.07,0.027,Warning
2026-04-17 12:45:00,22.31,67.78,33.49,25.73,2.21,65.13,68.35,371.69,0.09,Danger
2026-04-17 12:50:00,29.09,61.32,8.01,540.46,1.52,34.33,147.15,248.31,0.111,Normal
2026-04-17 12:55:00,20.05,63.16,10.72,454.38,5.77,15.54,114.63,207.26,0.03,Danger
2026-04-17 13:00:00,18.85,67.45,8.72,475.07,0.91,22.96,169.06,227.48,0.052,Normal
2026-04-17 13:05:00,32.93,67.89,17.9,252.74,1.34,26.31,16.19,313.56,0.046,Warning
2026-04-17 13:10:00,33.24,55.14,7.82,1003.66,1.55,56.53,61.19,227.36,0.089,Normal
2026-04-17 13:15:00,22.18,87.75,19.05,254.32,3.06,64.37,2.56,195.44,0.057,Warning
2026-04-17 13:20:00,32.32,63.02,23.05,756.06,2.52,7.66,77.91,390.5,0.06,Warning
2026-04-17 13:25:00,36.2,59.86,20.25,738.29,6.49,69.1,31.93,342.15,0.101,Danger
2026-04-17 13:30:00,27.13,56.06,14.51,553.85,0.95,27.47,227.24,181.2,0.035,Warning
2026-04-17 13:35:00,30.55,50.28,15.98,370.49,4.48,27.52,125.94,361.16,0.074,Warning
2026-04-17 13:40:00,30.96,66.64,28.47,1197.9,4.64,31.85,42.71,263.16,0.073,Warning
2026-04-17 13:45:00,29.42,59.77,26.07,203.58,4.6,2.58,132.25,213.62,0.048,Warning
2026-04-17 13:50:00,32.76,69.37,10.81,536.63,0.4,5.59,19.82,245.93,0.144,Warning
2026-04-17 13:55:00,39.28,55.01,16.32,405.8,2.43,56.65,67.07,193.02,0.085,Warning
2026-04-17 14:00:00,23.83,66.89,14.72,192.18,4.23,7.18,107.66,192.18,0.025,Warning
2026-04-17 14:05:00,23.69,70.5,15.94,323.62,2.4,6.29,39.58,192.18,0.013,Warning
2026-04-17 14:10:00,26.82,71.58,6.32,550.08,5.35,43.99,47.63,285.84,0.081,Danger
2026-04-17 14:15:00,27.09,49.14,6.19,556.42,3.78,0.83,123.55,147.89,0.061,Warning
2026-04-17 14:20:00,39.95,64.78,41.26,182.91,0.06,73.61,116.96,178.51,0.068,Danger
2026-04-17 14:25:00,27.49,85.22,50.86,191.01,3.77,9.73,144.69,142.5,0.093,Danger
2026-04-17 14:30:00,35.15,50.86,11.37,548.72,4.16,19.52,158.64,244.34,0.068,Warning
2026-04-17 14:35:00,23.16,64.74,38.0,923.33,2.52,16.03,216.8,241.93,0.084,Danger
2026-04-17 14:40:00,29.47,65.4,7.09,125.22,4.93,88.91,90.57,236.7,0.081,Danger
2026-04-17 14:45:00,31.69,41.02,34.87,98.93,1.96,2.34,15.93,253.76,0.077,Danger
2026-04-17 14:50:00,30.16,79.1,45.68,957.46,1.83,0.87,76.63,340.03,0.082,Danger
2026-04-17 14:55:00,17.02,68.06,32.36,494.28,0.41,13.48,164.93,198.22,0.05,Danger
2026-04-17 15:00:00,25.34,65.74,34.19,236.64,3.92,22.26,84.73,221.97,0.073,Danger
2026-04-17 15:05:00,33.35,63.67,19.05,722.89,3.62,7.73,196.57,319.13,0.113,Warning
2026-04-17 15:10:00,22.15,72.02,38.04,801.55,1.24,34.53,233.97,211.46,0.041,Danger
2026-04-17 15:15:00,40.33,52.27,31.38,273.86,0.33,26.71,147.64,326.02,0.082,Danger
2026-04-17 15:20:00,26.47,53.56,8.15,604.24,1.38,125.26,102.72,230.76,0.076,Danger
2026-04-17 15:25:00,25.48,72.33,14.92,576.67,2.79,38.75,20.83,126.19,0.072,Warning
2026-04-17 15:30:00,22.37,57.29,42.83,550.97,3.11,44.99,138.91,248.3,0.023,Danger
2026-04-17 15:35:00,43.42,62.07,21.62,632.04,0.4,2.97,228.82,190.88,0.062,Warning
2026-04-17 15:40:00,34.48,62.86,13.12,787.07,1.59,63.09,230.39,171.96,0.056,Warning
2026-04-17 15:45:00,23.41,59.89,6.27,552.25,0.63,99.31,82.45,320.48,0.05,Danger
2026-04-17 15:50:00,34.99,43.99,0.91,343.46,0.41,40.75,138.72,244.08,0.049,Normal
2026-04-17 15:55:00,42.2,68.25,29.5,731.03,3.68,66.37,139.84,177.62,0.077,Warning
2026-04-17 16:00:00,30.5,75.46,45.96,463.44,4.63,61.35,95.87,406.65,0.081,Danger
2026-04-17 16:05:00,27.07,67.6,32.2,1076.03,3.86,31.58,206.38,232.44,0.02,Danger
2026-04-17 16:10:00,33.52,61.22,69.32,575.89,4.13,5.13,206.46,247.84,0.046,Danger
2026-04-17 16:15:00,29.5,52.09,9.99,663.85,2.64,60.87,53.17,269.58,0.017,Warning
2026-04-17 16:20:00,31.12,54.57,7.97,29.76,0.65,13.46,52.82,320.76,0.006,Normal
2026-04-17 16:25:00,29.74,64.01,5.84,226.04,5.31,101.91,91.41,176.07,0.02,Danger
2026-04-17 16:30:00,28.59,77.56,25.55,453.84,2.05,7.24,153.86,318.83,0.068,Warning
2026-04-17 16:35:00,19.02,65.13,11.27,797.39,2.72,42.27,30.47,325.15,0.087,Warning
2026-04-17 16:40:00,21.87,52.04,30.25,448.28,5.09,29.67,149.29,190.22,0.06,Danger
2026-04-17 16:45:00,31.71,58.11,35.03,68.6,2.62,31.76,22.23,328.88,0.017,Danger
2026-04-17 16:50:00,24.29,70.8,7.22,805.46,3.93,11.11,178.04,94.91,0.064,Warning
2026-04-17 16:55:00,23.77,59.77,5.83,884.42,0.5,16.86,36.18,171.39,0.019,Normal
2026-04-17 17:00:00,31.54,64.74,30.25,427.38,1.37,50.63,42.79,134.83,0.075,Danger
2026-04-17 17:05:00,26.61,65.67,2.47,208.25,3.7,33.57,259.39,353.87,0.081,Warning
2026-04-17 17:10:00,25.45,80.88,56.22,418.01,3.23,25.45,231.36,138.59,0.043,Danger
2026-04-17 17:15:00,34.6,73.14,14.14,917.69,2.7,24.55,149.7,245.13,0.052,Warning
2026-04-17 17:20:00,26.06,94.33,5.53,718.77,7.73,33.71,141.12,251.85,0.104,Danger
2026-04-17 17:25:00,25.45,57.48,14.0,351.95,0.62,101.14,92.7,187.23,0.038,Danger
2026-04-17 17:30:00,32.02,68.37,3.45,11.59,1.85,16.9,15.39,352.38,0.067,Normal
2026-04-17 17:35:00,30.67,61.39,49.66,153.66,0.51,1.91,109.9,302.87,0.01,Danger
2026-04-17 17:40:00,26.58,69.48,1.7,379.47,2.52,19.2,107.76,299.0,0.051,Warning
2026-04-17 17:45:00,37.13,72.25,14.18,403.57,7.26,6.46,52.78,217.21,0.062,Danger
2026-04-17 17:50:00,41.28,67.47,8.56,556.6,1.94,12.49,250.41,302.96,0.087,Warning
2026-04-17 17:55:00,35.07,57.91,53.24,32.81,3.0,62.39,91.33,324.85,0.029,Danger
2026-04-17 18:00:00,36.22,43.26,13.23,135.22,1.01,81.93,259.18,291.03,0.002,Danger
2026-04-17 18:05:00,23.97,66.6,1.12,697.39,7.03,19.31,9.51,155.57,0.042,Danger
2026-04-17 18:10:00,30.26,65.22,32.95,617.89,1.82,21.64,88.55,245.38,0.03,Danger
2026-04-17 18:15:00,23.98,66.42,5.01,657.53,2.22,20.6,178.45,137.63,0.103,Warning
2026-04-17 18:20:00,19.08,79.51,19.02,342.79,2.41,3.98,63.63,265.59,0.093,Warning
2026-04-17 18:25:00,30.37,68.2,22.0,401.74,1.42,15.72,142.65,176.97,0.035,Warning
2026-04-17 18:30:00,31.78,54.24,17.27,336.3,3.52,74.95,25.54,310.62,0.056,Warning
2026-04-17 18:35:00,28.08,65.07,40.96,448.45,5.93,15.2,61.24,238.26,0.005,Danger
2026-04-17 18:40:00,28.41,61.44,51.34,982.81,2.26,68.45,40.23,135.82,0.066,Danger
2026-04-17 18:45:00,31.81,55.62,2.87,781.87,3.05,42.33,48.55,294.77,0.08,Warning
2026-04-17 18:50:00,25.63,53.6,44.33,482.84,2.98,56.43,16.13,322.16,0.069,Danger
2026-04-17 18:55:00,37.35,79.53,16.27,725.92,2.13,25.81,32.89,232.04,0.004,Warning
2026-04-17 19:00:00,29.31,78.2,30.56,533.67,1.39,1.61,11.85,315.49,0.004,Danger
2026-04-17 19:05:00,22.21,74.04,19.16,513.45,2.62,100.4,85.6,273.46,0.112,Danger
2026-04-17 19:10:00,29.68,82.26,27.14,151.44,0.0,43.36,257.4,202.73,0.079,Warning
2026-04-17 19:15:00,41.19,80.65,6.92,760.57,3.02,6.38,122.73,212.1,0.054,Warning
2026-04-17 19:20:00,23.11,47.37,9.27,595.44,1.38,41.05,84.27,302.02,0.078,Normal
2026-04-17 19:25:00,36.72,71.03,9.09,556.66,8.99,59.42,87.15,237.96,0.032,Danger
2026-04-17 19:30:00,24.06,82.08,24.57,119.34,1.62,70.82,35.31,184.84,0.061,Warning
2026-04-17 19:35:00,33.29,60.54,3.01,638.18,1.37,1.53,67.96,309.12,0.037,Normal
2026-04-17 19:40:00,32.82,76.66,4.87,1466.88,6.26,30.9,61.82,205.57,0.1,Danger
2026-04-17 19:45:00,31.05,50.61,19.24,533.73,2.4,16.68,71.44,92.95,0.027,Warning
2026-04-17 19:50:00,28.19,71.92,12.39,819.2,3.82,40.53,177.92,139.06,0.034,Warning
2026-04-17 19:55:00,42.01,45.94,9.04,642.84,3.63,10.11,279.6,263.64,0.033,Warning
2026-04-17 20:00:00,31.05,59.24,49.25,202.69,0.43,39.69,50.46,236.03,0.086,Danger
2026-04-17 20:05:00,24.92,69.84,16.73,67.75,0.18,10.6,248.3,293.66,0.054,Warning
2026-04-17 20:10:00,8.52,45.92,29.56,734.61,0.23,21.11,75.68,263.56,0.039,Warning
2026-04-17 20:15:00,34.08,76.06,4.19,141.69,0.39,21.95,115.56,313.08,0.079,Normal
2026-04-17 20:20:00,31.81,67.3,47.98,501.5,3.77,32.81,62.68,236.67,0.09,Danger
2026-04-17 20:25:00,29.55,61.47,0.26,626.76,0.46,33.27,97.77,215.81,0.008,Normal
2026-04-17 20:30:00,24.85,56.28,5.08,636.58,8.39,0.44,41.57,203.23,0.076,Danger
2026-04-17 20:35:00,32.13,64.83,9.26,209.67,2.53,28.93,78.39,303.19,0.013,Warning
2026-04-17 20:40:00,31.52,67.48,4.16,318.53,4.08,25.54,326.38,294.46,0.048,Warning
2026-04-17 20:45:00,28.74,72.88,6.77,388.91,6.36,1.14,93.61,189.18,0.058,Danger
2026-04-17 20:50:00,32.9,81.83,3.75,65.64,1.2,4.68,78.46,291.76,0.118,Normal
2026-04-17 20:55:00,27.74,42.9,10.24,605.16,0.91,29.35,93.75,270.79,0.074,Warning
2026-04-17 21:00:00,29.59,70.48,20.98,211.29,0.98,20.21,80.66,222.5,0.036,Warning
2026-04-17 21:05:00,34.42,65.84,6.67,319.0,4.26,27.99,199.59,317.73,0.038,Warning
2026-04-17 21:10:00,37.18,80.18,20.71,509.53,0.35,9.58,1.62,174.69,0.077,Warning
2026-04-17 21:15:00,24.16,65.93,11.98,880.82,2.09,49.81,99.51,229.74,0.052,Warning
2026-04-17 21:20:00,37.54,56.03,35.99,263.94,1.63,58.72,62.43,316.2,0.051,Danger
2026-04-17 21:25:00,30.04,66.64,44.6,555.96,5.33,61.81,63.67,244.09,0.039,Danger
2026-04-17 21:30:00,36.42,55.59,0.54,417.13,1.44,3.65,193.61,302.11,0.037,Warning
2026-04-17 21:35:00,34.01,85.82,21.26,926.11,4.55,8.22,99.73,292.1,0.028,Warning
2026-04-17 21:40:00,16.95,56.66,28.16,274.56,3.12,55.2,38.26,293.53,0.073,Warning
2026-04-17 21:45:00,33.51,46.32,37.45,626.1,4.41,93.2,159.43,155.39,0.07,Danger
2026-04-17 21:50:00,22.48,64.37,4.94,503.05,2.53,35.78,35.06,232.2,0.037,Warning
2026-04-17 21:55:00,37.25,69.24,22.92,385.31,2.18,19.84,260.73,267.95,0.083,Warning
2026-04-17 22:00:00,36.2,70.6,19.41,203.68,1.37,5.56,113.0,136.87,0.034,Warning
2026-04-17 22:05:00,32.02,57.98,3.31,262.58,1.18,75.23,5.38,326.22,0.06,Normal
2026-04-17 22:10:00,32.1,46.72,6.72,465.24,3.39,64.43,175.47,203.17,0.033,Warning
2026-04-17 22:15:00,37.06,61.4,6.65,437.86,6.05,16.19,37.11,180.92,0.079,Danger
2026-04-17 22:20:00,31.44,74.26,46.3,46.37,0.28,2.66,86.88,290.47,0.035,Danger
2026-04-17 22:25:00,26.54,74.57,25.92,594.76,4.44,68.27,98.4,237.04,0.025,Warning
2026-04-17 22:30:00,26.84,56.09,24.95,254.74,2.8,17.58,35.08,308.39,0.0,Warning
2026-04-17 22:35:00,35.97,73.37,6.32,471.72,0.56,43.14,259.99,344.49,0.029,Warning
2026-04-17 22:40:00,30.57,80.22,25.49,803.03,3.95,23.05,73.05,153.13,0.027,Warning
2026-04-17 22:45:00,25.49,61.49,16.99,467.62,2.65,46.57,38.44,309.04,0.084,Warning
2026-04-17 22:50:00,32.08,59.55,33.93,644.79,3.86,81.41,150.94,375.94,0.046,Danger
2026-04-17 22:55:00,27.84,76.49,4.71,1066.52,5.91,23.5,200.13,302.99,0.011,Danger
2026-04-17 23:00:00,25.92,67.86,18.19,892.44,2.91,30.75,25.47,309.45,0.005,Warning
2026-04-17 23:05:00,22.94,61.27,33.53,434.98,3.38,20.19,65.91,197.7,0.075,Danger
2026-04-17 23:10:00,23.73,62.66,37.92,270.73,2.67,64.67,146.63,308.69,0.04,Danger
2026-04-17 23:15:00,23.64,63.54,38.56,119.21,5.17,47.81,33.7,258.74,0.078,Danger
2026-04-17 23:20:00,37.36,74.92,46.05,554.62,0.14,67.36,216.35,324.47,0.068,Danger
2026-04-17 23:25:00,36.96,68.42,14.59,717.66,3.43,55.41,66.81,322.74,0.076,Warning
2026-04-17 23:30:00,31.07,57.5,39.81,137.1,0.87,26.72,170.79,373.44,0.05,Danger
2026-04-17 23:35:00,37.7,83.04,11.9,904.63,1.18,37.33,32.66,305.72,0.076,Warning
2026-04-17 23:40:00,29.2,70.45,33.89,556.35,9.62,14.51,245.59,341.63,0.006,Danger
2026-04-17 23:45:00,37.46,75.74,17.28,610.66,3.48,75.01,38.69,376.88,0.017,Warning
2026-04-17 23:50:00,21.2,70.93,40.18,446.12,4.79,39.64,123.63,249.2,0.089,Danger
2026-04-17 23:55:00,30.36,57.59,21.18,804.68,6.05,15.56,86.74,312.34,0.028,Danger
2026-04-18 00:00:00,33.68,62.68,13.49,500.8,2.39,96.55,33.1,216.6,0.093,Danger
2026-04-18 00:05:00,32.22,72.68,5.61,573.93,4.43,6.97,142.85,233.65,0.031,Warning
2026-04-18 00:10:00,35.07,76.38,17.57,635.21,5.97,4.18,114.86,219.09,0.019,Danger
2026-04-18 00:15:00,28.03,53.75,23.51,268.35,2.19,49.71,147.77,223.58,0.071,Warning
2026-04-18 00:20:00,25.97,61.28,23.15,810.14,0.85,3.84,178.25,299.01,0.054,Warning
2026-04-18 00:25:00,35.91,84.47,22.32,323.04,3.49,12.8,204.22,193.87,0.044,Warning
2026-04-18 00:30:00,25.81,66.82,19.35,722.79,2.36,21.85,22.61,227.09,0.008,Warning
2026-04-18 00:35:00,36.97,64.06,47.81,463.69,3.71,1.98,79.74,255.23,0.07,Danger
2026-04-18 00:40:00,30.87,61.63,3.3,378.09,3.81,54.34,12.61,330.56,0.067,Warning
2026-04-18 00:45:00,25.56,67.47,22.4,180.67,2.08,38.95,34.57,370.97,0.102,Warning
2026-04-18 00:50:00,32.36,74.52,5.48,100.43,1.58,31.46,110.76,187.31,0.056,Normal
2026-04-18 00:55:00,29.13,71.37,21.53,378.82,2.11,26.5,94.25,349.69,0.066,Warning
2026-04-18 01:00:00,34.21,55.31,22.12,300.02,2.45,19.94,71.66,139.72,0.045,Warning
2026-04-18 01:05:00,21.78,82.47,18.21,501.7,4.03,31.97,1.92,292.48,0.055,Warning
2026-04-18 01:10:00,26.4,71.48,21.05,651.67,3.17,7.26,72.42,101.44,0.035,Warning
2026-04-18 01:15:00,28.77,71.27,25.24,274.38,0.32,72.28,50.61,259.14,0.074,Warning
2026-04-18 01:20:00,29.6,63.48,8.69,347.28,2.43,52.9,43.89,293.22,0.063,Warning
2026-04-18 01:25:00,37.06,73.37,23.17,508.6,0.63,40.13,112.35,220.06,0.024,Warning
2026-04-18 01:30:00,29.73,76.56,17.2,508.52,3.27,39.25,104.89,246.63,0.035,Warning
2026-04-18 01:35:00,35.02,60.73,46.45,546.31,2.16,50.4,14.68,295.91,0.053,Danger
2026-04-18 01:40:00,32.05,58.16,1.14,49.76,0.63,0.39,13.26,240.76,0.052,Normal
2026-04-18 01:45:00,32.5,70.66,28.01,707.69,2.83,22.21,172.91,305.46,0.006,Warning
2026-04-18 01:50:00,29.14,46.97,21.46,347.34,1.62,3.03,97.61,312.01,0.029,Warning
2026-04-18 01:55:00,32.45,58.21,5.05,630.11,0.95,26.82,107.73,135.83,0.064,Normal
2026-04-18 02:00:00,25.31,53.89,0.47,744.35,2.8,46.04,113.96,255.95,0.057,Warning
2026-04-18 02:05:00,28.55,71.82,6.47,12.54,1.77,52.05,129.2,395.15,0.042,Normal
2026-04-18 02:10:00,29.2,62.67,0.53,358.06,1.12,71.76,21.98,251.88,0.069,Normal
2026-04-18 02:15:00,27.12,59.36,35.61,100.65,1.51,58.29,9.16,127.32,0.101,Danger
2026-04-18 02:20:00,34.0,73.3,13.21,692.19,5.47,2.51,174.76,138.33,0.04,Danger
2026-04-18 02:25:00,31.6,57.16,15.15,615.71,2.91,3.97,2.91,281.69,0.06,Warning
2026-04-18 02:30:00,31.45,66.14,21.8,763.09,2.93,23.91,27.31,360.87,0.016,Warning
2026-04-18 02:35:00,28.99,59.91,21.54,606.14,1.39,21.28,62.12,310.26,0.076,Warning
2026-04-18 02:40:00,24.49,82.65,10.2,676.27,2.54,24.23,135.68,355.47,0.073,Warning
2026-04-18 02:45:00,28.78,64.16,3.73,714.56,3.77,6.32,212.65,335.9,0.105,Warning
2026-04-18 02:50:00,26.05,64.0,11.07,1281.11,2.03,70.61,183.48,243.28,0.052,Warning
2026-04-18 02:55:00,32.61,77.58,11.56,347.43,4.8,25.87,105.27,334.81,0.063,Warning
2026-04-18 03:00:00,27.17,54.99,38.74,447.3,0.7,65.55,160.1,165.86,0.125,Danger
2026-04-18 03:05:00,27.3,72.84,54.73,766.47,2.78,37.29,284.1,319.21,0.008,Danger
2026-04-18 03:10:00,37.72,65.61,9.45,328.37,2.51,52.32,30.53,260.21,0.151,Warning
2026-04-18 03:15:00,32.38,74.66,4.17,92.78,6.39,67.16,251.39,243.63,0.088,Danger
2026-04-18 03:20:00,17.23,70.41,35.66,293.51,5.17,12.81,72.03,229.31,0.097,Danger
2026-04-18 03:25:00,27.73,59.23,2.14,389.43,2.59,45.54,4.67,279.83,0.068,Warning
2026-04-18 03:30:00,25.34,65.63,13.3,522.15,0.41,14.58,83.11,399.12,0.051,Warning
2026-04-18 03:35:00,36.69,79.14,11.38,412.64,6.25,27.24,68.36,310.0,0.082,Danger
2026-04-18 03:40:00,29.85,62.22,32.27,514.12,0.86,20.26,59.47,216.61,0.055,Danger
2026-04-18 03:45:00,28.6,69.47,18.48,882.06,0.4,91.19,186.72,368.94,0.058,Danger
2026-04-18 03:50:00,28.59,59.62,50.05,829.0,1.02,59.1,2.54,275.94,0.075,Danger
2026-04-18 03:55:00,37.29,67.38,12.32,513.24,5.2,51.54,78.37,100.93,0.023,Danger
2026-04-18 04:00:00,31.13,53.19,4.42,431.92,8.23,24.89,152.0,290.36,0.023,Danger
2026-04-18 04:05:00,28.0,52.8,49.54,45.79,0.74,9.57,18.58,258.11,0.049,Danger
2026-04-18 04:10:00,30.82,70.02,19.74,614.14,5.34,45.99,150.0,166.34,0.031,Danger
2026-04-18 04:15:00,30.61,69.11,25.58,216.46,6.89,3.29,8.06,148.25,0.009,Danger
2026-04-18 04:20:00,23.0,68.14,27.08,240.74,1.43,11.53,89.73,271.04,0.021,Warning
2026-04-18 04:25:00,29.16,80.67,8.9,491.26,3.5,18.72,141.13,142.86,0.069,Warning
2026-04-18 04:30:00,30.22,50.81,28.75,231.24,1.54,45.21,16.44,207.74,0.084,Warning
2026-04-18 04:35:00,19.65,79.19,14.29,290.22,2.85,44.13,109.8,253.78,0.037,Warning
2026-04-18 04:40:00,37.81,72.73,38.51,373.59,4.98,60.8,115.64,264.63,0.033,Danger
2026-04-18 04:45:00,28.26,59.01,15.9,159.3,4.29,101.47,20.23,122.58,0.047,Danger
2026-04-18 04:50:00,31.58,69.53,47.05,744.74,3.43,29.44,120.57,213.67,0.095,Danger
2026-04-18 04:55:00,25.31,74.61,2.01,578.66,0.48,42.35,187.27,270.24,0.107,Normal
2026-04-18 05:00:00,26.4,65.98,31.92,215.07,2.19,46.56,172.92,341.35,0.024,Danger
2026-04-18 05:05:00,31.44,51.85,0.51,447.77,5.43,41.12,84.01,285.89,0.066,Danger
2026-04-18 05:10:00,31.85,59.25,4.13,433.01,0.38,44.85,232.9,295.09,0.004,Normal
2026-04-18 05:15:00,26.83,65.18,13.7,509.36,3.41,76.35,261.87,154.68,0.047,Warning
2026-04-18 05:20:00,29.48,57.87,16.97,475.98,3.84,74.26,93.24,210.8,0.019,Warning
2026-04-18 05:25:00,40.21,74.07,22.99,450.21,6.84,13.62,91.21,271.2,0.013,Danger
2026-04-18 05:30:00,31.34,78.44,18.45,230.11,4.59,0.02,121.52,283.39,0.077,Warning
2026-04-18 05:35:00,26.77,39.48,22.94,29.3,4.81,18.31,50.4,305.24,0.002,Warning
2026-04-18 05:40:00,29.0,69.48,20.06,353.35,0.56,81.73,171.27,196.87,0.09,Danger
2026-04-18 05:45:00,33.78,69.88,25.53,156.16,6.52,58.06,104.51,269.49,0.047,Danger
2026-04-18 05:50:00,27.16,70.35,0.91,545.21,2.29,35.41,174.12,282.27,0.071,Warning
2026-04-18 05:55:00,20.3,69.6,16.5,611.52,0.41,66.04,105.04,190.41,0.033,Warning
2026-04-18 06:00:00,34.51,64.15,14.91,440.69,5.03,39.29,38.71,171.94,0.05,Danger
2026-04-18 06:05:00,26.78,43.39,0.1,416.44,0.8,48.83,143.45,188.21,0.074,Normal
2026-04-18 06:10:00,26.66,52.89,1.39,633.86,1.24,9.0,128.18,279.99,0.012,Normal
2026-04-18 06:15:00,30.47,52.01,38.4,869.36,1.14,62.6,4.38,238.81,0.032,Danger
2026-04-18 06:20:00,29.88,65.66,14.95,472.94,2.38,70.22,121.09,403.67,0.039,Warning
2026-04-18 06:25:00,29.61,78.29,27.13,660.51,5.74,13.41,171.9,149.16,0.063,Danger
2026-04-18 06:30:00,32.81,76.46,29.16,561.35,1.05,6.85,47.97,146.17,0.102,Warning
2026-04-18 06:35:00,34.99,67.55,31.3,725.92,0.98,45.47,206.97,195.77,0.004,Danger
2026-04-18 06:40:00,24.19,64.04,9.4,448.4,0.04,19.97,29.03,247.12,0.068,Normal
2026-04-18 06:45:00,25.21,67.81,2.05,498.27,1.75,34.22,98.46,349.11,0.049,Normal
2026-04-18 06:50:00,26.86,74.3,21.62,765.24,1.64,32.35,304.39,201.79,0.015,Warning
2026-04-18 06:55:00,33.58,55.55,7.15,537.37,1.57,5.46,238.97,241.08,0.023,Normal
2026-04-18 07:00:00,34.88,57.77,12.82,228.61,2.63,21.59,77.1,262.0,0.075,Warning
2026-04-18 07:05:00,33.52,54.61,1.51,777.31,0.35,39.68,163.95,118.67,0.038,Normal
2026-04-18 07:10:00,34.08,63.53,6.92,749.33,5.31,7.14,256.71,107.26,0.005,Danger
2026-04-18 07:15:00,27.73,61.65,9.22,339.65,0.18,11.19,21.02,304.55,0.051,Normal
2026-04-18 07:20:00,28.89,64.28,37.28,354.98,1.82,19.09,56.7,288.52,0.076,Danger
2026-04-18 07:25:00,38.24,72.39,2.66,439.03,4.49,7.54,19.49,64.96,0.113,Warning
2026-04-18 07:30:00,28.11,43.93,9.52,995.23,7.72,22.33,89.64,348.05,0.045,Danger
2026-04-18 07:35:00,32.3,73.4,6.52,961.03,0.64,5.35,89.98,325.17,0.07,Normal
2026-04-18 07:40:00,29.75,67.84,36.47,502.52,0.44,4.12,170.93,185.1,0.003,Danger
2026-04-18 07:45:00,28.48,64.25,32.21,62.67,3.04,66.05,1.73,256.53,0.015,Danger
2026-04-18 07:50:00,34.37,72.96,14.6,101.82,4.0,10.2,198.04,312.26,0.085,Warning
2026-04-18 07:55:00,36.7,52.23,23.34,376.88,3.55,17.71,79.1,307.97,0.04,Warning
2026-04-18 08:00:00,33.11,65.16,11.68,480.76,0.92,1.66,30.13,288.67,0.087,Warning
2026-04-18 08:05:00,27.5,83.66,22.53,577.45,3.97,59.0,34.54,294.39,0.081,Warning
2026-04-18 08:10:00,28.1,65.05,0.35,352.09,0.95,16.17,73.71,276.47,0.063,Normal
2026-04-18 08:15:00,25.96,58.94,32.02,317.38,4.47,9.3,117.7,310.19,0.029,Danger
2026-04-18 08:20:00,34.34,78.04,8.82,603.72,0.52,34.54,326.1,74.26,0.035,Normal
2026-04-18 08:25:00,33.98,77.62,12.65,308.54,0.26,6.12,68.38,135.7,0.042,Warning
2026-04-18 08:30:00,25.32,64.31,0.9,449.29,1.11,58.11,47.44,251.11,0.046,Normal
2026-04-18 08:35:00,30.04,65.02,31.1,414.18,0.16,21.67,18.71,244.01,0.018,Danger
